_step,epoch,ACC,DEO,DAO,run_id,name,group,seed,alpha_fixed
0,1,0.68,0.04499999999999993,0.03499999999999992,c2xwextw,baseline_german_gender_seed7,Baseline,7,
1,2,0.71,0.0050000000000000044,0.02749999999999997,c2xwextw,baseline_german_gender_seed7,Baseline,7,
2,3,0.72,0.0050000000000000044,0.027500000000000024,c2xwextw,baseline_german_gender_seed7,Baseline,7,
3,4,0.73,0.015000000000000013,0.03249999999999997,c2xwextw,baseline_german_gender_seed7,Baseline,7,
4,5,0.735,0.025000000000000022,0.0625,c2xwextw,baseline_german_gender_seed7,Baseline,7,
5,6,0.745,0.03500000000000003,0.06750000000000006,c2xwextw,baseline_german_gender_seed7,Baseline,7,
6,7,0.73,0.04999999999999993,0.09999999999999998,c2xwextw,baseline_german_gender_seed7,Baseline,7,
7,8,0.725,0.025000000000000022,0.08750000000000002,c2xwextw,baseline_german_gender_seed7,Baseline,7,
8,9,0.73,0.025000000000000022,0.04999999999999999,c2xwextw,baseline_german_gender_seed7,Baseline,7,
9,10,0.745,0.025000000000000022,0.012500000000000011,c2xwextw,baseline_german_gender_seed7,Baseline,7,
10,11,0.735,0.040000000000000036,0.05750000000000005,c2xwextw,baseline_german_gender_seed7,Baseline,7,
11,12,0.73,0.08999999999999997,0.057499999999999996,c2xwextw,baseline_german_gender_seed7,Baseline,7,
12,13,0.74,0.07999999999999996,0.05249999999999999,c2xwextw,baseline_german_gender_seed7,Baseline,7,
13,14,0.74,0.09499999999999997,0.08499999999999999,c2xwextw,baseline_german_gender_seed7,Baseline,7,
14,15,0.74,0.09499999999999997,0.08499999999999999,c2xwextw,baseline_german_gender_seed7,Baseline,7,
15,16,0.74,0.09499999999999997,0.08499999999999999,c2xwextw,baseline_german_gender_seed7,Baseline,7,
16,17,0.735,0.08499999999999996,0.07999999999999999,c2xwextw,baseline_german_gender_seed7,Baseline,7,
17,18,0.73,0.07499999999999996,0.07499999999999998,c2xwextw,baseline_german_gender_seed7,Baseline,7,
18,19,0.73,0.07499999999999996,0.07499999999999998,c2xwextw,baseline_german_gender_seed7,Baseline,7,
19,20,0.735,0.07499999999999996,0.06249999999999997,c2xwextw,baseline_german_gender_seed7,Baseline,7,
20,21,0.73,0.06499999999999995,0.05749999999999997,c2xwextw,baseline_german_gender_seed7,Baseline,7,
21,22,0.74,0.015000000000000013,0.0325,c2xwextw,baseline_german_gender_seed7,Baseline,7,
22,23,0.735,0.0050000000000000044,0.027499999999999997,c2xwextw,baseline_german_gender_seed7,Baseline,7,
23,24,0.72,0.05499999999999994,0.02749999999999997,c2xwextw,baseline_german_gender_seed7,Baseline,7,
24,25,0.72,0.05499999999999994,0.02749999999999997,c2xwextw,baseline_german_gender_seed7,Baseline,7,
25,26,0.72,0.05499999999999994,0.02749999999999997,c2xwextw,baseline_german_gender_seed7,Baseline,7,
26,27,0.72,0.05499999999999994,0.02749999999999997,c2xwextw,baseline_german_gender_seed7,Baseline,7,
27,28,0.72,0.05499999999999994,0.02749999999999997,c2xwextw,baseline_german_gender_seed7,Baseline,7,
28,29,0.72,0.05499999999999994,0.02749999999999997,c2xwextw,baseline_german_gender_seed7,Baseline,7,
29,30,0.72,0.05499999999999994,0.02749999999999997,c2xwextw,baseline_german_gender_seed7,Baseline,7,
0,1,0.705,0.015000000000000013,0.044999999999999984,m7jb2aws,baseline_german_gender_seed1,Baseline,1,
1,2,0.705,0.0050000000000000044,0.02749999999999997,m7jb2aws,baseline_german_gender_seed1,Baseline,1,
2,3,0.7,0.04499999999999993,0.022499999999999964,m7jb2aws,baseline_german_gender_seed1,Baseline,1,
3,4,0.695,0.02499999999999991,0.024999999999999967,m7jb2aws,baseline_german_gender_seed1,Baseline,1,
4,5,0.705,0.04999999999999993,0.07499999999999996,m7jb2aws,baseline_german_gender_seed1,Baseline,1,
5,6,0.715,0.05999999999999994,0.09249999999999997,m7jb2aws,baseline_german_gender_seed1,Baseline,1,
6,7,0.715,0.08499999999999996,0.07999999999999996,m7jb2aws,baseline_german_gender_seed1,Baseline,1,
7,8,0.71,0.135,0.1175,m7jb2aws,baseline_german_gender_seed1,Baseline,1,
8,9,0.71,0.1499999999999999,0.07499999999999996,m7jb2aws,baseline_german_gender_seed1,Baseline,1,
9,10,0.72,0.1399999999999999,0.10749999999999993,m7jb2aws,baseline_german_gender_seed1,Baseline,1,
10,11,0.715,0.12,0.1225,m7jb2aws,baseline_german_gender_seed1,Baseline,1,
11,12,0.72,0.14500000000000002,0.14749999999999996,m7jb2aws,baseline_german_gender_seed1,Baseline,1,
12,13,0.72,0.135,0.13,m7jb2aws,baseline_german_gender_seed1,Baseline,1,
13,14,0.715,0.125,0.125,m7jb2aws,baseline_german_gender_seed1,Baseline,1,
14,15,0.715,0.11499999999999999,0.10749999999999998,m7jb2aws,baseline_german_gender_seed1,Baseline,1,
15,16,0.71,0.14,0.12,m7jb2aws,baseline_german_gender_seed1,Baseline,1,
16,17,0.725,0.14,0.08249999999999996,m7jb2aws,baseline_german_gender_seed1,Baseline,1,
17,18,0.725,0.14,0.08249999999999996,m7jb2aws,baseline_german_gender_seed1,Baseline,1,
18,19,0.73,0.14,0.07,m7jb2aws,baseline_german_gender_seed1,Baseline,1,
19,20,0.72,0.12,0.06,m7jb2aws,baseline_german_gender_seed1,Baseline,1,
20,21,0.71,0.10999999999999999,0.06749999999999995,m7jb2aws,baseline_german_gender_seed1,Baseline,1,
21,22,0.715,0.08499999999999996,0.05499999999999994,m7jb2aws,baseline_german_gender_seed1,Baseline,1,
22,23,0.725,0.09499999999999997,0.04749999999999999,m7jb2aws,baseline_german_gender_seed1,Baseline,1,
23,24,0.73,0.10499999999999998,0.05249999999999999,m7jb2aws,baseline_german_gender_seed1,Baseline,1,
24,25,0.725,0.09499999999999997,0.04749999999999999,m7jb2aws,baseline_german_gender_seed1,Baseline,1,
25,26,0.725,0.09499999999999997,0.04749999999999999,m7jb2aws,baseline_german_gender_seed1,Baseline,1,
26,27,0.725,0.09499999999999997,0.04749999999999999,m7jb2aws,baseline_german_gender_seed1,Baseline,1,
27,28,0.725,0.09499999999999997,0.04749999999999999,m7jb2aws,baseline_german_gender_seed1,Baseline,1,
28,29,0.72,0.08499999999999996,0.04249999999999998,m7jb2aws,baseline_german_gender_seed1,Baseline,1,
29,30,0.725,0.08499999999999996,0.0675,m7jb2aws,baseline_german_gender_seed1,Baseline,1,
0,1,0.68,0.04500000000000004,0.16000000000000003,pl1bod6l,baseline_german_gender_seed6,Baseline,6,
1,2,0.73,0.030000000000000027,0.1275,pl1bod6l,baseline_german_gender_seed6,Baseline,6,
2,3,0.73,0.0,0.07500000000000001,pl1bod6l,baseline_german_gender_seed6,Baseline,6,
3,4,0.74,0.0,0.09999999999999998,pl1bod6l,baseline_german_gender_seed6,Baseline,6,
4,5,0.74,0.025000000000000022,0.125,pl1bod6l,baseline_german_gender_seed6,Baseline,6,
5,6,0.735,0.0050000000000000044,0.08999999999999997,pl1bod6l,baseline_german_gender_seed6,Baseline,6,
6,7,0.73,0.04499999999999993,0.05999999999999994,pl1bod6l,baseline_german_gender_seed6,Baseline,6,
7,8,0.715,0.025000000000000022,0.06250000000000006,pl1bod6l,baseline_german_gender_seed6,Baseline,6,
8,9,0.725,0.0,0.024999999999999967,pl1bod6l,baseline_german_gender_seed6,Baseline,6,
9,10,0.725,0.030000000000000027,0.027500000000000024,pl1bod6l,baseline_german_gender_seed6,Baseline,6,
10,11,0.72,0.06000000000000005,0.06750000000000006,pl1bod6l,baseline_german_gender_seed6,Baseline,6,
11,12,0.715,0.03500000000000003,0.05500000000000005,pl1bod6l,baseline_german_gender_seed6,Baseline,6,
12,13,0.715,0.020000000000000018,0.07250000000000001,pl1bod6l,baseline_german_gender_seed6,Baseline,6,
13,14,0.715,0.0050000000000000044,0.03999999999999998,pl1bod6l,baseline_german_gender_seed6,Baseline,6,
14,15,0.72,0.0050000000000000044,0.05249999999999999,pl1bod6l,baseline_german_gender_seed6,Baseline,6,
15,16,0.725,0.015000000000000013,0.057499999999999996,pl1bod6l,baseline_german_gender_seed6,Baseline,6,
16,17,0.715,0.029999999999999916,0.06499999999999995,pl1bod6l,baseline_german_gender_seed6,Baseline,6,
17,18,0.715,0.029999999999999916,0.06499999999999995,pl1bod6l,baseline_german_gender_seed6,Baseline,6,
18,19,0.715,0.029999999999999916,0.06499999999999995,pl1bod6l,baseline_german_gender_seed6,Baseline,6,
19,20,0.73,0.0050000000000000044,0.040000000000000036,pl1bod6l,baseline_german_gender_seed6,Baseline,6,
20,21,0.72,0.019999999999999907,0.04749999999999999,pl1bod6l,baseline_german_gender_seed6,Baseline,6,
21,22,0.715,0.010000000000000009,0.04250000000000004,pl1bod6l,baseline_german_gender_seed6,Baseline,6,
22,23,0.715,0.0,0.012500000000000011,pl1bod6l,baseline_german_gender_seed6,Baseline,6,
23,24,0.72,0.014999999999999902,0.007499999999999951,pl1bod6l,baseline_german_gender_seed6,Baseline,6,
24,25,0.725,0.0050000000000000044,0.0025000000000000022,pl1bod6l,baseline_german_gender_seed6,Baseline,6,
25,26,0.725,0.0050000000000000044,0.0025000000000000022,pl1bod6l,baseline_german_gender_seed6,Baseline,6,
26,27,0.73,0.0050000000000000044,0.0025000000000000022,pl1bod6l,baseline_german_gender_seed6,Baseline,6,
27,28,0.73,0.0050000000000000044,0.0025000000000000022,pl1bod6l,baseline_german_gender_seed6,Baseline,6,
28,29,0.73,0.0050000000000000044,0.0025000000000000022,pl1bod6l,baseline_german_gender_seed6,Baseline,6,
29,30,0.73,0.0050000000000000044,0.0025000000000000022,pl1bod6l,baseline_german_gender_seed6,Baseline,6,
0,1,0.455,0.16000000000000003,0.08000000000000002,8rkzisvv,baseline_german_gender_seed5,Baseline,5,
1,2,0.565,0.010000000000000009,0.030000000000000027,8rkzisvv,baseline_german_gender_seed5,Baseline,5,
2,3,0.65,0.08500000000000008,0.11750000000000005,8rkzisvv,baseline_german_gender_seed5,Baseline,5,
3,4,0.695,0.07999999999999996,0.10249999999999998,8rkzisvv,baseline_german_gender_seed5,Baseline,5,
4,5,0.705,0.040000000000000036,0.07,8rkzisvv,baseline_german_gender_seed5,Baseline,5,
5,6,0.705,0.040000000000000036,0.07,8rkzisvv,baseline_german_gender_seed5,Baseline,5,
6,7,0.69,0.06000000000000005,0.05499999999999999,8rkzisvv,baseline_german_gender_seed5,Baseline,5,
7,8,0.69,0.019999999999999907,0.07249999999999995,8rkzisvv,baseline_german_gender_seed5,Baseline,5,
8,9,0.675,0.015000000000000013,0.07,8rkzisvv,baseline_german_gender_seed5,Baseline,5,
9,10,0.655,0.0050000000000000044,0.05249999999999999,8rkzisvv,baseline_german_gender_seed5,Baseline,5,
10,11,0.665,0.030000000000000027,0.065,8rkzisvv,baseline_german_gender_seed5,Baseline,5,
11,12,0.66,0.03500000000000003,0.08000000000000002,8rkzisvv,baseline_german_gender_seed5,Baseline,5,
12,13,0.67,0.06999999999999995,0.10999999999999999,8rkzisvv,baseline_german_gender_seed5,Baseline,5,
13,14,0.68,0.06999999999999995,0.1225,8rkzisvv,baseline_german_gender_seed5,Baseline,5,
14,15,0.675,0.06999999999999995,0.135,8rkzisvv,baseline_german_gender_seed5,Baseline,5,
15,16,0.68,0.06999999999999995,0.1225,8rkzisvv,baseline_german_gender_seed5,Baseline,5,
16,17,0.68,0.06999999999999995,0.15999999999999998,8rkzisvv,baseline_german_gender_seed5,Baseline,5,
17,18,0.695,0.07999999999999996,0.13999999999999996,8rkzisvv,baseline_german_gender_seed5,Baseline,5,
18,19,0.695,0.07999999999999996,0.13999999999999996,8rkzisvv,baseline_german_gender_seed5,Baseline,5,
19,20,0.705,0.07999999999999996,0.11499999999999994,8rkzisvv,baseline_german_gender_seed5,Baseline,5,
20,21,0.71,0.10499999999999998,0.10249999999999998,8rkzisvv,baseline_german_gender_seed5,Baseline,5,
21,22,0.715,0.10499999999999998,0.08999999999999997,8rkzisvv,baseline_german_gender_seed5,Baseline,5,
22,23,0.735,0.10499999999999998,0.07750000000000001,8rkzisvv,baseline_german_gender_seed5,Baseline,5,
23,24,0.725,0.12,0.07250000000000001,8rkzisvv,baseline_german_gender_seed5,Baseline,5,
24,25,0.725,0.12,0.07250000000000001,8rkzisvv,baseline_german_gender_seed5,Baseline,5,
25,26,0.725,0.12,0.07250000000000001,8rkzisvv,baseline_german_gender_seed5,Baseline,5,
26,27,0.73,0.10499999999999998,0.05249999999999999,8rkzisvv,baseline_german_gender_seed5,Baseline,5,
27,28,0.735,0.10499999999999998,0.065,8rkzisvv,baseline_german_gender_seed5,Baseline,5,
28,29,0.74,0.10499999999999998,0.07750000000000001,8rkzisvv,baseline_german_gender_seed5,Baseline,5,
29,30,0.73,0.09499999999999997,0.06,8rkzisvv,baseline_german_gender_seed5,Baseline,5,
0,1,0.69,0.0050000000000000044,0.015000000000000013,2sr171kw,baseline_german_gender_seed9,Baseline,9,
1,2,0.695,0.0050000000000000044,0.027500000000000024,2sr171kw,baseline_german_gender_seed9,Baseline,9,
2,3,0.69,0.06499999999999995,0.057499999999999996,2sr171kw,baseline_german_gender_seed9,Baseline,9,
3,4,0.705,0.06499999999999995,0.05749999999999994,2sr171kw,baseline_german_gender_seed9,Baseline,9,
4,5,0.695,0.06999999999999995,0.034999999999999976,2sr171kw,baseline_german_gender_seed9,Baseline,9,
5,6,0.685,0.04999999999999993,0.024999999999999967,2sr171kw,baseline_german_gender_seed9,Baseline,9,
6,7,0.7,0.05999999999999994,0.04249999999999998,2sr171kw,baseline_german_gender_seed9,Baseline,9,
7,8,0.71,0.05999999999999994,0.04249999999999998,2sr171kw,baseline_german_gender_seed9,Baseline,9,
8,9,0.715,0.05999999999999994,0.04249999999999993,2sr171kw,baseline_german_gender_seed9,Baseline,9,
9,10,0.705,0.039999999999999925,0.03249999999999992,2sr171kw,baseline_german_gender_seed9,Baseline,9,
10,11,0.715,0.030000000000000027,0.06500000000000006,2sr171kw,baseline_german_gender_seed9,Baseline,9,
11,12,0.72,0.030000000000000027,0.05250000000000005,2sr171kw,baseline_german_gender_seed9,Baseline,9,
12,13,0.74,0.05500000000000005,0.05249999999999999,2sr171kw,baseline_german_gender_seed9,Baseline,9,
13,14,0.75,0.05500000000000005,0.040000000000000036,2sr171kw,baseline_german_gender_seed9,Baseline,9,
14,15,0.745,0.04500000000000004,0.03500000000000003,2sr171kw,baseline_german_gender_seed9,Baseline,9,
15,16,0.735,0.025000000000000022,0.025000000000000022,2sr171kw,baseline_german_gender_seed9,Baseline,9,
16,17,0.74,0.025000000000000022,0.03750000000000003,2sr171kw,baseline_german_gender_seed9,Baseline,9,
17,18,0.735,0.040000000000000036,0.05750000000000005,2sr171kw,baseline_german_gender_seed9,Baseline,9,
18,19,0.745,0.040000000000000036,0.044999999999999984,2sr171kw,baseline_german_gender_seed9,Baseline,9,
19,20,0.745,0.06500000000000006,0.03250000000000003,2sr171kw,baseline_german_gender_seed9,Baseline,9,
20,21,0.75,0.05500000000000005,0.05250000000000005,2sr171kw,baseline_german_gender_seed9,Baseline,9,
21,22,0.74,0.09499999999999997,0.08500000000000002,2sr171kw,baseline_german_gender_seed9,Baseline,9,
22,23,0.73,0.07499999999999996,0.07500000000000001,2sr171kw,baseline_german_gender_seed9,Baseline,9,
23,24,0.74,0.09499999999999997,0.08500000000000002,2sr171kw,baseline_german_gender_seed9,Baseline,9,
24,25,0.74,0.09499999999999997,0.08500000000000002,2sr171kw,baseline_german_gender_seed9,Baseline,9,
25,26,0.745,0.09499999999999997,0.0975,2sr171kw,baseline_german_gender_seed9,Baseline,9,
26,27,0.74,0.08499999999999996,0.0925,2sr171kw,baseline_german_gender_seed9,Baseline,9,
27,28,0.74,0.08499999999999996,0.0925,2sr171kw,baseline_german_gender_seed9,Baseline,9,
28,29,0.735,0.10999999999999999,0.10500000000000001,2sr171kw,baseline_german_gender_seed9,Baseline,9,
29,30,0.725,0.125,0.11250000000000002,2sr171kw,baseline_german_gender_seed9,Baseline,9,
0,1,0.525,0.04499999999999993,0.09749999999999998,ig3p8pnz,baseline_german_gender_seed0,Baseline,0,
1,2,0.62,0.029999999999999916,0.014999999999999958,ig3p8pnz,baseline_german_gender_seed0,Baseline,0,
2,3,0.675,0.04999999999999993,0.03749999999999992,ig3p8pnz,baseline_german_gender_seed0,Baseline,0,
3,4,0.69,0.015000000000000013,0.007500000000000007,ig3p8pnz,baseline_german_gender_seed0,Baseline,0,
4,5,0.695,0.010000000000000009,0.0050000000000000044,ig3p8pnz,baseline_german_gender_seed0,Baseline,0,
5,6,0.695,0.010000000000000009,0.0050000000000000044,ig3p8pnz,baseline_german_gender_seed0,Baseline,0,
6,7,0.705,0.0,0.012500000000000011,ig3p8pnz,baseline_german_gender_seed0,Baseline,0,
7,8,0.71,0.0,0.012500000000000011,ig3p8pnz,baseline_german_gender_seed0,Baseline,0,
8,9,0.705,0.015000000000000013,0.007500000000000007,ig3p8pnz,baseline_german_gender_seed0,Baseline,0,
9,10,0.715,0.0050000000000000044,0.0025000000000000022,ig3p8pnz,baseline_german_gender_seed0,Baseline,0,
10,11,0.73,0.0050000000000000044,0.0025000000000000022,ig3p8pnz,baseline_german_gender_seed0,Baseline,0,
11,12,0.73,0.025000000000000022,0.012500000000000011,ig3p8pnz,baseline_german_gender_seed0,Baseline,0,
12,13,0.725,0.039999999999999925,0.057499999999999996,ig3p8pnz,baseline_german_gender_seed0,Baseline,0,
13,14,0.73,0.010000000000000009,0.05499999999999999,ig3p8pnz,baseline_german_gender_seed0,Baseline,0,
14,15,0.73,0.0,0.0625,ig3p8pnz,baseline_german_gender_seed0,Baseline,0,
15,16,0.725,0.015000000000000013,0.044999999999999984,ig3p8pnz,baseline_german_gender_seed0,Baseline,0,
16,17,0.72,0.030000000000000027,0.027500000000000024,ig3p8pnz,baseline_german_gender_seed0,Baseline,0,
17,18,0.715,0.05500000000000005,0.040000000000000036,ig3p8pnz,baseline_german_gender_seed0,Baseline,0,
18,19,0.73,0.05500000000000005,0.07750000000000001,ig3p8pnz,baseline_german_gender_seed0,Baseline,0,
19,20,0.725,0.06999999999999995,0.05999999999999994,ig3p8pnz,baseline_german_gender_seed0,Baseline,0,
20,21,0.725,0.06999999999999995,0.05999999999999994,ig3p8pnz,baseline_german_gender_seed0,Baseline,0,
21,22,0.73,0.05999999999999994,0.05499999999999999,ig3p8pnz,baseline_german_gender_seed0,Baseline,0,
22,23,0.735,0.05999999999999994,0.04249999999999998,ig3p8pnz,baseline_german_gender_seed0,Baseline,0,
23,24,0.74,0.05999999999999994,0.02999999999999997,ig3p8pnz,baseline_german_gender_seed0,Baseline,0,
24,25,0.745,0.05999999999999994,0.04249999999999998,ig3p8pnz,baseline_german_gender_seed0,Baseline,0,
25,26,0.74,0.08499999999999996,0.05499999999999999,ig3p8pnz,baseline_german_gender_seed0,Baseline,0,
26,27,0.74,0.07499999999999996,0.06249999999999997,ig3p8pnz,baseline_german_gender_seed0,Baseline,0,
27,28,0.74,0.07499999999999996,0.06249999999999997,ig3p8pnz,baseline_german_gender_seed0,Baseline,0,
28,29,0.74,0.07499999999999996,0.06249999999999997,ig3p8pnz,baseline_german_gender_seed0,Baseline,0,
29,30,0.74,0.07499999999999996,0.06249999999999997,ig3p8pnz,baseline_german_gender_seed0,Baseline,0,
0,1,0.57,0.17999999999999994,0.11499999999999994,4bdzubjz,baseline_german_gender_seed8,Baseline,8,
1,2,0.625,0.09999999999999998,0.07499999999999996,4bdzubjz,baseline_german_gender_seed8,Baseline,8,
2,3,0.665,0.04500000000000004,0.02250000000000002,4bdzubjz,baseline_german_gender_seed8,Baseline,8,
3,4,0.695,0.04499999999999993,0.04749999999999993,4bdzubjz,baseline_german_gender_seed8,Baseline,8,
4,5,0.7,0.010000000000000009,0.04249999999999998,4bdzubjz,baseline_german_gender_seed8,Baseline,8,
5,6,0.72,0.0,0.0625,4bdzubjz,baseline_german_gender_seed8,Baseline,8,
6,7,0.725,0.0050000000000000044,0.07750000000000001,4bdzubjz,baseline_german_gender_seed8,Baseline,8,
7,8,0.74,0.010000000000000009,0.08000000000000002,4bdzubjz,baseline_german_gender_seed8,Baseline,8,
8,9,0.74,0.07000000000000006,0.08500000000000002,4bdzubjz,baseline_german_gender_seed8,Baseline,8,
9,10,0.745,0.06000000000000005,0.06750000000000006,4bdzubjz,baseline_german_gender_seed8,Baseline,8,
10,11,0.745,0.040000000000000036,0.044999999999999984,4bdzubjz,baseline_german_gender_seed8,Baseline,8,
11,12,0.74,0.030000000000000027,0.03999999999999998,4bdzubjz,baseline_german_gender_seed8,Baseline,8,
12,13,0.73,0.010000000000000009,0.02999999999999997,4bdzubjz,baseline_german_gender_seed8,Baseline,8,
13,14,0.73,0.010000000000000009,0.02999999999999997,4bdzubjz,baseline_german_gender_seed8,Baseline,8,
14,15,0.725,0.0,0.024999999999999967,4bdzubjz,baseline_german_gender_seed8,Baseline,8,
15,16,0.725,0.0,0.024999999999999967,4bdzubjz,baseline_german_gender_seed8,Baseline,8,
16,17,0.725,0.0,0.024999999999999967,4bdzubjz,baseline_german_gender_seed8,Baseline,8,
17,18,0.73,0.0,0.03749999999999998,4bdzubjz,baseline_german_gender_seed8,Baseline,8,
18,19,0.725,0.025000000000000022,0.04999999999999999,4bdzubjz,baseline_german_gender_seed8,Baseline,8,
19,20,0.72,0.04999999999999993,0.062499999999999944,4bdzubjz,baseline_german_gender_seed8,Baseline,8,
20,21,0.725,0.04999999999999993,0.07499999999999996,4bdzubjz,baseline_german_gender_seed8,Baseline,8,
21,22,0.725,0.04999999999999993,0.07499999999999996,4bdzubjz,baseline_german_gender_seed8,Baseline,8,
22,23,0.725,0.05999999999999994,0.06749999999999995,4bdzubjz,baseline_german_gender_seed8,Baseline,8,
23,24,0.73,0.06999999999999995,0.07249999999999995,4bdzubjz,baseline_german_gender_seed8,Baseline,8,
24,25,0.73,0.06999999999999995,0.07249999999999995,4bdzubjz,baseline_german_gender_seed8,Baseline,8,
25,26,0.725,0.05999999999999994,0.06749999999999995,4bdzubjz,baseline_german_gender_seed8,Baseline,8,
26,27,0.73,0.08499999999999996,0.0675,4bdzubjz,baseline_german_gender_seed8,Baseline,8,
27,28,0.73,0.08499999999999996,0.0675,4bdzubjz,baseline_german_gender_seed8,Baseline,8,
28,29,0.73,0.08499999999999996,0.0675,4bdzubjz,baseline_german_gender_seed8,Baseline,8,
29,30,0.73,0.08499999999999996,0.0675,4bdzubjz,baseline_german_gender_seed8,Baseline,8,
0,1,0.535,0.09499999999999997,0.04749999999999999,j8oybidj,baseline_german_gender_seed4,Baseline,4,
1,2,0.62,0.0050000000000000044,0.0025000000000000022,j8oybidj,baseline_german_gender_seed4,Baseline,4,
2,3,0.645,0.020000000000000018,0.02250000000000002,j8oybidj,baseline_german_gender_seed4,Baseline,4,
3,4,0.68,0.02499999999999991,0.02499999999999991,j8oybidj,baseline_german_gender_seed4,Baseline,4,
4,5,0.69,0.05499999999999994,0.02749999999999997,j8oybidj,baseline_german_gender_seed4,Baseline,4,
5,6,0.7,0.05499999999999994,0.052499999999999936,j8oybidj,baseline_german_gender_seed4,Baseline,4,
6,7,0.71,0.04499999999999993,0.04749999999999999,j8oybidj,baseline_german_gender_seed4,Baseline,4,
7,8,0.7,0.02499999999999991,0.03749999999999998,j8oybidj,baseline_german_gender_seed4,Baseline,4,
8,9,0.685,0.04500000000000004,0.04749999999999999,j8oybidj,baseline_german_gender_seed4,Baseline,4,
9,10,0.695,0.025000000000000022,0.025000000000000022,j8oybidj,baseline_german_gender_seed4,Baseline,4,
10,11,0.69,0.04500000000000004,0.02250000000000002,j8oybidj,baseline_german_gender_seed4,Baseline,4,
11,12,0.69,0.04999999999999993,0.024999999999999967,j8oybidj,baseline_german_gender_seed4,Baseline,4,
12,13,0.69,0.07499999999999996,0.0625,j8oybidj,baseline_german_gender_seed4,Baseline,4,
13,14,0.685,0.06499999999999995,0.057499999999999996,j8oybidj,baseline_german_gender_seed4,Baseline,4,
14,15,0.695,0.06499999999999995,0.10749999999999998,j8oybidj,baseline_german_gender_seed4,Baseline,4,
15,16,0.68,0.11499999999999999,0.10749999999999998,j8oybidj,baseline_german_gender_seed4,Baseline,4,
16,17,0.69,0.125,0.09999999999999998,j8oybidj,baseline_german_gender_seed4,Baseline,4,
17,18,0.695,0.125,0.08749999999999997,j8oybidj,baseline_german_gender_seed4,Baseline,4,
18,19,0.695,0.125,0.08749999999999997,j8oybidj,baseline_german_gender_seed4,Baseline,4,
19,20,0.68,0.09499999999999997,0.07249999999999995,j8oybidj,baseline_german_gender_seed4,Baseline,4,
20,21,0.69,0.10499999999999998,0.06499999999999995,j8oybidj,baseline_german_gender_seed4,Baseline,4,
21,22,0.69,0.10499999999999998,0.06499999999999995,j8oybidj,baseline_german_gender_seed4,Baseline,4,
22,23,0.69,0.09499999999999997,0.04749999999999999,j8oybidj,baseline_german_gender_seed4,Baseline,4,
23,24,0.69,0.09499999999999997,0.04749999999999999,j8oybidj,baseline_german_gender_seed4,Baseline,4,
24,25,0.69,0.09499999999999997,0.04749999999999999,j8oybidj,baseline_german_gender_seed4,Baseline,4,
25,26,0.69,0.09499999999999997,0.04749999999999999,j8oybidj,baseline_german_gender_seed4,Baseline,4,
26,27,0.695,0.09499999999999997,0.06,j8oybidj,baseline_german_gender_seed4,Baseline,4,
27,28,0.695,0.09499999999999997,0.06,j8oybidj,baseline_german_gender_seed4,Baseline,4,
28,29,0.695,0.09499999999999997,0.06,j8oybidj,baseline_german_gender_seed4,Baseline,4,
29,30,0.7,0.09499999999999997,0.07250000000000001,j8oybidj,baseline_german_gender_seed4,Baseline,4,
0,1,0.415,0.0,0.0875,fpovknkc,baseline_german_gender_seed3,Baseline,3,
1,2,0.555,0.030000000000000027,0.09000000000000002,fpovknkc,baseline_german_gender_seed3,Baseline,3,
2,3,0.67,0.0,0.025000000000000022,fpovknkc,baseline_german_gender_seed3,Baseline,3,
3,4,0.68,0.04500000000000004,0.06,fpovknkc,baseline_german_gender_seed3,Baseline,3,
4,5,0.69,0.05999999999999994,0.02999999999999997,fpovknkc,baseline_german_gender_seed3,Baseline,3,
5,6,0.7,0.04499999999999993,0.022499999999999964,fpovknkc,baseline_german_gender_seed3,Baseline,3,
6,7,0.7,0.04499999999999993,0.022499999999999964,fpovknkc,baseline_german_gender_seed3,Baseline,3,
7,8,0.73,0.010000000000000009,0.08000000000000002,fpovknkc,baseline_german_gender_seed3,Baseline,3,
8,9,0.735,0.05999999999999994,0.10499999999999998,fpovknkc,baseline_german_gender_seed3,Baseline,3,
9,10,0.725,0.06499999999999995,0.09499999999999997,fpovknkc,baseline_german_gender_seed3,Baseline,3,
10,11,0.72,0.08000000000000007,0.09000000000000002,fpovknkc,baseline_german_gender_seed3,Baseline,3,
11,12,0.73,0.06000000000000005,0.06750000000000006,fpovknkc,baseline_german_gender_seed3,Baseline,3,
12,13,0.72,0.06500000000000006,0.05750000000000005,fpovknkc,baseline_german_gender_seed3,Baseline,3,
13,14,0.72,0.07999999999999996,0.07749999999999996,fpovknkc,baseline_german_gender_seed3,Baseline,3,
14,15,0.72,0.06999999999999995,0.05999999999999994,fpovknkc,baseline_german_gender_seed3,Baseline,3,
15,16,0.72,0.06999999999999995,0.05999999999999994,fpovknkc,baseline_german_gender_seed3,Baseline,3,
16,17,0.725,0.06999999999999995,0.04749999999999993,fpovknkc,baseline_german_gender_seed3,Baseline,3,
17,18,0.72,0.09499999999999997,0.05999999999999994,fpovknkc,baseline_german_gender_seed3,Baseline,3,
18,19,0.725,0.06999999999999995,0.04749999999999993,fpovknkc,baseline_german_gender_seed3,Baseline,3,
19,20,0.72,0.09499999999999997,0.05999999999999994,fpovknkc,baseline_german_gender_seed3,Baseline,3,
20,21,0.725,0.06999999999999995,0.04749999999999993,fpovknkc,baseline_german_gender_seed3,Baseline,3,
21,22,0.725,0.06999999999999995,0.04749999999999993,fpovknkc,baseline_german_gender_seed3,Baseline,3,
22,23,0.725,0.06999999999999995,0.04749999999999993,fpovknkc,baseline_german_gender_seed3,Baseline,3,
23,24,0.725,0.06999999999999995,0.04749999999999993,fpovknkc,baseline_german_gender_seed3,Baseline,3,
24,25,0.725,0.05999999999999994,0.02999999999999997,fpovknkc,baseline_german_gender_seed3,Baseline,3,
25,26,0.72,0.04999999999999993,0.024999999999999967,fpovknkc,baseline_german_gender_seed3,Baseline,3,
26,27,0.725,0.04999999999999993,0.03749999999999998,fpovknkc,baseline_german_gender_seed3,Baseline,3,
27,28,0.725,0.04999999999999993,0.03749999999999998,fpovknkc,baseline_german_gender_seed3,Baseline,3,
28,29,0.725,0.04999999999999993,0.03749999999999998,fpovknkc,baseline_german_gender_seed3,Baseline,3,
29,30,0.725,0.04999999999999993,0.03749999999999998,fpovknkc,baseline_german_gender_seed3,Baseline,3,
0,1,0.62,0.14500000000000002,0.08500000000000002,iz5xc2o7,baseline_german_gender_seed2,Baseline,2,
1,2,0.635,0.09499999999999997,0.04749999999999999,iz5xc2o7,baseline_german_gender_seed2,Baseline,2,
2,3,0.665,0.03500000000000003,0.017500000000000016,iz5xc2o7,baseline_german_gender_seed2,Baseline,2,
3,4,0.685,0.040000000000000036,0.03250000000000003,iz5xc2o7,baseline_german_gender_seed2,Baseline,2,
4,5,0.695,0.015000000000000013,0.019999999999999962,iz5xc2o7,baseline_german_gender_seed2,Baseline,2,
5,6,0.71,0.015000000000000013,0.020000000000000018,iz5xc2o7,baseline_german_gender_seed2,Baseline,2,
6,7,0.725,0.014999999999999902,0.019999999999999962,iz5xc2o7,baseline_german_gender_seed2,Baseline,2,
7,8,0.715,0.020000000000000018,0.04750000000000004,iz5xc2o7,baseline_german_gender_seed2,Baseline,2,
8,9,0.735,0.010000000000000009,0.017500000000000016,iz5xc2o7,baseline_german_gender_seed2,Baseline,2,
9,10,0.735,0.025000000000000022,0.03750000000000003,iz5xc2o7,baseline_german_gender_seed2,Baseline,2,
10,11,0.74,0.07500000000000007,0.0625,iz5xc2o7,baseline_german_gender_seed2,Baseline,2,
11,12,0.735,0.06500000000000006,0.057499999999999996,iz5xc2o7,baseline_german_gender_seed2,Baseline,2,
12,13,0.73,0.08999999999999997,0.06999999999999995,iz5xc2o7,baseline_german_gender_seed2,Baseline,2,
13,14,0.73,0.08999999999999997,0.06999999999999995,iz5xc2o7,baseline_german_gender_seed2,Baseline,2,
14,15,0.74,0.08999999999999997,0.044999999999999984,iz5xc2o7,baseline_german_gender_seed2,Baseline,2,
15,16,0.735,0.07999999999999996,0.03999999999999998,iz5xc2o7,baseline_german_gender_seed2,Baseline,2,
16,17,0.745,0.07999999999999996,0.065,iz5xc2o7,baseline_german_gender_seed2,Baseline,2,
17,18,0.73,0.08499999999999996,0.0675,iz5xc2o7,baseline_german_gender_seed2,Baseline,2,
18,19,0.74,0.09499999999999997,0.08500000000000002,iz5xc2o7,baseline_german_gender_seed2,Baseline,2,
19,20,0.72,0.09999999999999998,0.07500000000000001,iz5xc2o7,baseline_german_gender_seed2,Baseline,2,
20,21,0.72,0.09999999999999998,0.07500000000000001,iz5xc2o7,baseline_german_gender_seed2,Baseline,2,
21,22,0.725,0.08499999999999996,0.09249999999999997,iz5xc2o7,baseline_german_gender_seed2,Baseline,2,
22,23,0.725,0.09999999999999998,0.08750000000000002,iz5xc2o7,baseline_german_gender_seed2,Baseline,2,
23,24,0.715,0.07999999999999996,0.07750000000000001,iz5xc2o7,baseline_german_gender_seed2,Baseline,2,
24,25,0.715,0.07999999999999996,0.07750000000000001,iz5xc2o7,baseline_german_gender_seed2,Baseline,2,
25,26,0.715,0.07999999999999996,0.07750000000000001,iz5xc2o7,baseline_german_gender_seed2,Baseline,2,
26,27,0.715,0.06999999999999995,0.08499999999999999,iz5xc2o7,baseline_german_gender_seed2,Baseline,2,
27,28,0.715,0.06999999999999995,0.08499999999999999,iz5xc2o7,baseline_german_gender_seed2,Baseline,2,
28,29,0.715,0.06999999999999995,0.08499999999999999,iz5xc2o7,baseline_german_gender_seed2,Baseline,2,
29,30,0.725,0.07999999999999996,0.10250000000000001,iz5xc2o7,baseline_german_gender_seed2,Baseline,2,
0,1,0.405,0.034999999999999976,0.0925,jakn9f6u,baseline_german_gender_seed11,Baseline,11,
1,2,0.5,0.050000000000000044,0.0875,jakn9f6u,baseline_german_gender_seed11,Baseline,11,
2,3,0.575,0.029999999999999916,0.02749999999999997,jakn9f6u,baseline_german_gender_seed11,Baseline,11,
3,4,0.65,0.030000000000000027,0.07750000000000001,jakn9f6u,baseline_german_gender_seed11,Baseline,11,
4,5,0.68,0.04500000000000004,0.09749999999999998,jakn9f6u,baseline_german_gender_seed11,Baseline,11,
5,6,0.71,0.04499999999999993,0.08499999999999996,jakn9f6u,baseline_german_gender_seed11,Baseline,11,
6,7,0.72,0.0050000000000000044,0.05249999999999999,jakn9f6u,baseline_german_gender_seed11,Baseline,11,
7,8,0.705,0.010000000000000009,0.05499999999999999,jakn9f6u,baseline_german_gender_seed11,Baseline,11,
8,9,0.69,0.039999999999999925,0.044999999999999984,jakn9f6u,baseline_german_gender_seed11,Baseline,11,
9,10,0.7,0.039999999999999925,0.03249999999999997,jakn9f6u,baseline_german_gender_seed11,Baseline,11,
10,11,0.71,0.08000000000000007,0.11500000000000005,jakn9f6u,baseline_german_gender_seed11,Baseline,11,
11,12,0.705,0.07000000000000006,0.11000000000000004,jakn9f6u,baseline_german_gender_seed11,Baseline,11,
12,13,0.71,0.09500000000000008,0.09750000000000003,jakn9f6u,baseline_german_gender_seed11,Baseline,11,
13,14,0.725,0.07500000000000007,0.06250000000000006,jakn9f6u,baseline_german_gender_seed11,Baseline,11,
14,15,0.735,0.07500000000000007,0.03750000000000003,jakn9f6u,baseline_german_gender_seed11,Baseline,11,
15,16,0.745,0.09999999999999998,0.04999999999999999,jakn9f6u,baseline_german_gender_seed11,Baseline,11,
16,17,0.745,0.08999999999999997,0.057499999999999996,jakn9f6u,baseline_german_gender_seed11,Baseline,11,
17,18,0.74,0.07999999999999996,0.05249999999999999,jakn9f6u,baseline_german_gender_seed11,Baseline,11,
18,19,0.74,0.07999999999999996,0.05249999999999999,jakn9f6u,baseline_german_gender_seed11,Baseline,11,
19,20,0.745,0.05500000000000005,0.040000000000000036,jakn9f6u,baseline_german_gender_seed11,Baseline,11,
20,21,0.745,0.05500000000000005,0.040000000000000036,jakn9f6u,baseline_german_gender_seed11,Baseline,11,
21,22,0.75,0.05500000000000005,0.05250000000000005,jakn9f6u,baseline_german_gender_seed11,Baseline,11,
22,23,0.745,0.04500000000000004,0.04750000000000004,jakn9f6u,baseline_german_gender_seed11,Baseline,11,
23,24,0.745,0.04500000000000004,0.04750000000000004,jakn9f6u,baseline_german_gender_seed11,Baseline,11,
24,25,0.74,0.06999999999999995,0.06,jakn9f6u,baseline_german_gender_seed11,Baseline,11,
25,26,0.74,0.06999999999999995,0.06,jakn9f6u,baseline_german_gender_seed11,Baseline,11,
26,27,0.74,0.06999999999999995,0.06,jakn9f6u,baseline_german_gender_seed11,Baseline,11,
27,28,0.735,0.04999999999999993,0.0625,jakn9f6u,baseline_german_gender_seed11,Baseline,11,
28,29,0.73,0.039999999999999925,0.057499999999999996,jakn9f6u,baseline_german_gender_seed11,Baseline,11,
29,30,0.74,0.05999999999999994,0.0675,jakn9f6u,baseline_german_gender_seed11,Baseline,11,
0,1,0.645,0.0,0.012500000000000011,d6domnht,baseline_german_gender_seed10,Baseline,10,
1,2,0.71,0.010000000000000009,0.0050000000000000044,d6domnht,baseline_german_gender_seed10,Baseline,10,
2,3,0.725,0.010000000000000009,0.02999999999999997,d6domnht,baseline_german_gender_seed10,Baseline,10,
3,4,0.715,0.015000000000000013,0.03250000000000003,d6domnht,baseline_german_gender_seed10,Baseline,10,
4,5,0.72,0.0050000000000000044,0.027500000000000024,d6domnht,baseline_german_gender_seed10,Baseline,10,
5,6,0.735,0.030000000000000027,0.03999999999999998,d6domnht,baseline_german_gender_seed10,Baseline,10,
6,7,0.735,0.05499999999999994,0.06499999999999995,d6domnht,baseline_german_gender_seed10,Baseline,10,
7,8,0.725,0.10999999999999999,0.05499999999999999,d6domnht,baseline_german_gender_seed10,Baseline,10,
8,9,0.735,0.125,0.11249999999999999,d6domnht,baseline_german_gender_seed10,Baseline,10,
9,10,0.74,0.1050000000000001,0.10250000000000004,d6domnht,baseline_german_gender_seed10,Baseline,10,
10,11,0.735,0.10999999999999999,0.09250000000000003,d6domnht,baseline_german_gender_seed10,Baseline,10,
11,12,0.73,0.08999999999999997,0.13249999999999995,d6domnht,baseline_german_gender_seed10,Baseline,10,
12,13,0.735,0.07999999999999996,0.11499999999999999,d6domnht,baseline_german_gender_seed10,Baseline,10,
13,14,0.735,0.10499999999999998,0.14,d6domnht,baseline_german_gender_seed10,Baseline,10,
14,15,0.74,0.10499999999999998,0.11499999999999999,d6domnht,baseline_german_gender_seed10,Baseline,10,
15,16,0.745,0.11499999999999999,0.12,d6domnht,baseline_german_gender_seed10,Baseline,10,
16,17,0.75,0.11499999999999999,0.13249999999999998,d6domnht,baseline_german_gender_seed10,Baseline,10,
17,18,0.75,0.11499999999999999,0.13249999999999998,d6domnht,baseline_german_gender_seed10,Baseline,10,
18,19,0.75,0.11499999999999999,0.13249999999999998,d6domnht,baseline_german_gender_seed10,Baseline,10,
19,20,0.745,0.10499999999999998,0.12749999999999997,d6domnht,baseline_german_gender_seed10,Baseline,10,
20,21,0.74,0.13,0.13999999999999999,d6domnht,baseline_german_gender_seed10,Baseline,10,
21,22,0.735,0.13,0.1275,d6domnht,baseline_german_gender_seed10,Baseline,10,
22,23,0.73,0.13,0.15250000000000002,d6domnht,baseline_german_gender_seed10,Baseline,10,
23,24,0.725,0.12,0.14750000000000002,d6domnht,baseline_german_gender_seed10,Baseline,10,
24,25,0.725,0.12,0.14750000000000002,d6domnht,baseline_german_gender_seed10,Baseline,10,
25,26,0.725,0.12,0.14750000000000002,d6domnht,baseline_german_gender_seed10,Baseline,10,
26,27,0.725,0.12,0.14750000000000002,d6domnht,baseline_german_gender_seed10,Baseline,10,
27,28,0.725,0.12,0.14750000000000002,d6domnht,baseline_german_gender_seed10,Baseline,10,
28,29,0.725,0.14500000000000002,0.135,d6domnht,baseline_german_gender_seed10,Baseline,10,
29,30,0.725,0.14500000000000002,0.135,d6domnht,baseline_german_gender_seed10,Baseline,10,
0,1,0.565,0.04500000000000004,0.12250000000000003,qe8mlu3s,baseline_german_gender_seed15,Baseline,15,
1,2,0.645,0.10000000000000009,0.16250000000000003,qe8mlu3s,baseline_german_gender_seed15,Baseline,15,
2,3,0.675,0.040000000000000036,0.07,qe8mlu3s,baseline_german_gender_seed15,Baseline,15,
3,4,0.68,0.0050000000000000044,0.05249999999999999,qe8mlu3s,baseline_german_gender_seed15,Baseline,15,
4,5,0.68,0.019999999999999907,0.03499999999999992,qe8mlu3s,baseline_german_gender_seed15,Baseline,15,
5,6,0.695,0.0,0.03749999999999998,qe8mlu3s,baseline_german_gender_seed15,Baseline,15,
6,7,0.705,0.020000000000000018,0.04749999999999999,qe8mlu3s,baseline_german_gender_seed15,Baseline,15,
7,8,0.72,0.020000000000000018,0.08499999999999996,qe8mlu3s,baseline_german_gender_seed15,Baseline,15,
8,9,0.725,0.010000000000000009,0.10499999999999998,qe8mlu3s,baseline_german_gender_seed15,Baseline,15,
9,10,0.725,0.02499999999999991,0.13749999999999996,qe8mlu3s,baseline_german_gender_seed15,Baseline,15,
10,11,0.735,0.0050000000000000044,0.07750000000000001,qe8mlu3s,baseline_german_gender_seed15,Baseline,15,
11,12,0.745,0.010000000000000009,0.05499999999999999,qe8mlu3s,baseline_german_gender_seed15,Baseline,15,
12,13,0.75,0.010000000000000009,0.0675,qe8mlu3s,baseline_german_gender_seed15,Baseline,15,
13,14,0.745,0.06000000000000005,0.10499999999999998,qe8mlu3s,baseline_german_gender_seed15,Baseline,15,
14,15,0.745,0.06000000000000005,0.10499999999999998,qe8mlu3s,baseline_german_gender_seed15,Baseline,15,
15,16,0.75,0.06000000000000005,0.1175,qe8mlu3s,baseline_german_gender_seed15,Baseline,15,
16,17,0.75,0.06000000000000005,0.1175,qe8mlu3s,baseline_german_gender_seed15,Baseline,15,
17,18,0.75,0.08500000000000008,0.10500000000000004,qe8mlu3s,baseline_german_gender_seed15,Baseline,15,
18,19,0.75,0.08500000000000008,0.10500000000000004,qe8mlu3s,baseline_german_gender_seed15,Baseline,15,
19,20,0.76,0.08500000000000008,0.09250000000000003,qe8mlu3s,baseline_german_gender_seed15,Baseline,15,
20,21,0.755,0.07500000000000007,0.08750000000000002,qe8mlu3s,baseline_german_gender_seed15,Baseline,15,
21,22,0.75,0.06500000000000006,0.08250000000000002,qe8mlu3s,baseline_german_gender_seed15,Baseline,15,
22,23,0.755,0.06500000000000006,0.09500000000000003,qe8mlu3s,baseline_german_gender_seed15,Baseline,15,
23,24,0.745,0.07999999999999996,0.10249999999999998,qe8mlu3s,baseline_german_gender_seed15,Baseline,15,
24,25,0.745,0.07999999999999996,0.10249999999999998,qe8mlu3s,baseline_german_gender_seed15,Baseline,15,
25,26,0.75,0.07999999999999996,0.07750000000000001,qe8mlu3s,baseline_german_gender_seed15,Baseline,15,
26,27,0.745,0.06999999999999995,0.07250000000000001,qe8mlu3s,baseline_german_gender_seed15,Baseline,15,
27,28,0.745,0.06999999999999995,0.07250000000000001,qe8mlu3s,baseline_german_gender_seed15,Baseline,15,
28,29,0.745,0.05999999999999994,0.04249999999999998,qe8mlu3s,baseline_german_gender_seed15,Baseline,15,
29,30,0.74,0.05999999999999994,0.02999999999999997,qe8mlu3s,baseline_german_gender_seed15,Baseline,15,
0,1,0.69,0.015000000000000013,0.09499999999999997,ry7wbxzb,baseline_german_gender_seed13,Baseline,13,
1,2,0.685,0.029999999999999916,0.03999999999999998,ry7wbxzb,baseline_german_gender_seed13,Baseline,13,
2,3,0.7,0.050000000000000044,0.03750000000000003,ry7wbxzb,baseline_german_gender_seed13,Baseline,13,
3,4,0.7,0.0050000000000000044,0.014999999999999958,ry7wbxzb,baseline_german_gender_seed13,Baseline,13,
4,5,0.7,0.030000000000000027,0.02749999999999997,ry7wbxzb,baseline_german_gender_seed13,Baseline,13,
5,6,0.695,0.020000000000000018,0.022499999999999964,ry7wbxzb,baseline_german_gender_seed13,Baseline,13,
6,7,0.7,0.020000000000000018,0.02250000000000002,ry7wbxzb,baseline_german_gender_seed13,Baseline,13,
7,8,0.715,0.03499999999999992,0.02999999999999997,ry7wbxzb,baseline_german_gender_seed13,Baseline,13,
8,9,0.71,0.0050000000000000044,0.015000000000000013,ry7wbxzb,baseline_german_gender_seed13,Baseline,13,
9,10,0.715,0.025000000000000022,0.07500000000000001,ry7wbxzb,baseline_german_gender_seed13,Baseline,13,
10,11,0.74,0.025000000000000022,0.10000000000000003,ry7wbxzb,baseline_german_gender_seed13,Baseline,13,
11,12,0.74,0.015000000000000013,0.08250000000000002,ry7wbxzb,baseline_german_gender_seed13,Baseline,13,
12,13,0.745,0.040000000000000036,0.07,ry7wbxzb,baseline_german_gender_seed13,Baseline,13,
13,14,0.75,0.030000000000000027,0.040000000000000036,ry7wbxzb,baseline_german_gender_seed13,Baseline,13,
14,15,0.75,0.05500000000000005,0.07750000000000004,ry7wbxzb,baseline_german_gender_seed13,Baseline,13,
15,16,0.75,0.05500000000000005,0.07750000000000004,ry7wbxzb,baseline_german_gender_seed13,Baseline,13,
16,17,0.745,0.05500000000000005,0.09,ry7wbxzb,baseline_german_gender_seed13,Baseline,13,
17,18,0.75,0.05500000000000005,0.07750000000000004,ry7wbxzb,baseline_german_gender_seed13,Baseline,13,
18,19,0.75,0.07999999999999996,0.07749999999999999,ry7wbxzb,baseline_german_gender_seed13,Baseline,13,
19,20,0.755,0.07999999999999996,0.06499999999999997,ry7wbxzb,baseline_german_gender_seed13,Baseline,13,
20,21,0.75,0.06999999999999995,0.05999999999999997,ry7wbxzb,baseline_german_gender_seed13,Baseline,13,
21,22,0.75,0.09499999999999997,0.05999999999999997,ry7wbxzb,baseline_german_gender_seed13,Baseline,13,
22,23,0.75,0.09499999999999997,0.05999999999999997,ry7wbxzb,baseline_german_gender_seed13,Baseline,13,
23,24,0.75,0.09499999999999997,0.05999999999999997,ry7wbxzb,baseline_german_gender_seed13,Baseline,13,
24,25,0.74,0.07499999999999996,0.04999999999999996,ry7wbxzb,baseline_german_gender_seed13,Baseline,13,
25,26,0.75,0.09499999999999997,0.05999999999999997,ry7wbxzb,baseline_german_gender_seed13,Baseline,13,
26,27,0.74,0.10999999999999999,0.06749999999999998,ry7wbxzb,baseline_german_gender_seed13,Baseline,13,
27,28,0.74,0.10999999999999999,0.06749999999999998,ry7wbxzb,baseline_german_gender_seed13,Baseline,13,
28,29,0.735,0.09999999999999998,0.06249999999999997,ry7wbxzb,baseline_german_gender_seed13,Baseline,13,
29,30,0.74,0.07499999999999996,0.04999999999999996,ry7wbxzb,baseline_german_gender_seed13,Baseline,13,
0,1,0.325,0.024999999999999994,0.037500000000000006,zp7ce3jz,baseline_german_gender_seed14,Baseline,14,
1,2,0.38,0.08500000000000002,0.08000000000000002,zp7ce3jz,baseline_german_gender_seed14,Baseline,14,
2,3,0.47,0.10500000000000004,0.14,zp7ce3jz,baseline_german_gender_seed14,Baseline,14,
3,4,0.59,0.08999999999999997,0.1325,zp7ce3jz,baseline_german_gender_seed14,Baseline,14,
4,5,0.645,0.06499999999999995,0.044999999999999984,zp7ce3jz,baseline_german_gender_seed14,Baseline,14,
5,6,0.65,0.010000000000000009,0.02999999999999997,zp7ce3jz,baseline_german_gender_seed14,Baseline,14,
6,7,0.68,0.014999999999999902,0.03249999999999992,zp7ce3jz,baseline_german_gender_seed14,Baseline,14,
7,8,0.7,0.04499999999999993,0.022499999999999964,zp7ce3jz,baseline_german_gender_seed14,Baseline,14,
8,9,0.705,0.020000000000000018,0.010000000000000009,zp7ce3jz,baseline_german_gender_seed14,Baseline,14,
9,10,0.7,0.010000000000000009,0.0050000000000000044,zp7ce3jz,baseline_german_gender_seed14,Baseline,14,
10,11,0.705,0.03499999999999992,0.04249999999999998,zp7ce3jz,baseline_german_gender_seed14,Baseline,14,
11,12,0.71,0.03499999999999992,0.05499999999999999,zp7ce3jz,baseline_german_gender_seed14,Baseline,14,
12,13,0.725,0.014999999999999902,0.03249999999999997,zp7ce3jz,baseline_german_gender_seed14,Baseline,14,
13,14,0.715,0.015000000000000013,0.04500000000000004,zp7ce3jz,baseline_german_gender_seed14,Baseline,14,
14,15,0.72,0.0,0.03749999999999998,zp7ce3jz,baseline_german_gender_seed14,Baseline,14,
15,16,0.71,0.0050000000000000044,0.014999999999999958,zp7ce3jz,baseline_german_gender_seed14,Baseline,14,
16,17,0.715,0.0050000000000000044,0.03999999999999998,zp7ce3jz,baseline_german_gender_seed14,Baseline,14,
17,18,0.72,0.020000000000000018,0.07250000000000001,zp7ce3jz,baseline_german_gender_seed14,Baseline,14,
18,19,0.72,0.06999999999999995,0.08499999999999996,zp7ce3jz,baseline_german_gender_seed14,Baseline,14,
19,20,0.72,0.05999999999999994,0.05499999999999994,zp7ce3jz,baseline_german_gender_seed14,Baseline,14,
20,21,0.715,0.08499999999999996,0.06749999999999995,zp7ce3jz,baseline_german_gender_seed14,Baseline,14,
21,22,0.715,0.08499999999999996,0.06749999999999995,zp7ce3jz,baseline_german_gender_seed14,Baseline,14,
22,23,0.715,0.07499999999999996,0.03749999999999998,zp7ce3jz,baseline_german_gender_seed14,Baseline,14,
23,24,0.72,0.08499999999999996,0.04249999999999998,zp7ce3jz,baseline_german_gender_seed14,Baseline,14,
24,25,0.72,0.08499999999999996,0.04249999999999998,zp7ce3jz,baseline_german_gender_seed14,Baseline,14,
25,26,0.72,0.08499999999999996,0.04249999999999998,zp7ce3jz,baseline_german_gender_seed14,Baseline,14,
26,27,0.72,0.08499999999999996,0.04249999999999998,zp7ce3jz,baseline_german_gender_seed14,Baseline,14,
27,28,0.725,0.08499999999999996,0.05499999999999999,zp7ce3jz,baseline_german_gender_seed14,Baseline,14,
28,29,0.725,0.08499999999999996,0.05499999999999999,zp7ce3jz,baseline_german_gender_seed14,Baseline,14,
29,30,0.725,0.08499999999999996,0.05499999999999999,zp7ce3jz,baseline_german_gender_seed14,Baseline,14,
0,1,0.7,0.030000000000000027,0.10250000000000004,whprplcy,baseline_german_gender_seed12,Baseline,12,
1,2,0.695,0.039999999999999925,0.09499999999999997,whprplcy,baseline_german_gender_seed12,Baseline,12,
2,3,0.71,0.010000000000000009,0.05499999999999999,whprplcy,baseline_german_gender_seed12,Baseline,12,
3,4,0.725,0.010000000000000009,0.09250000000000003,whprplcy,baseline_german_gender_seed12,Baseline,12,
4,5,0.72,0.0,0.08750000000000002,whprplcy,baseline_german_gender_seed12,Baseline,12,
5,6,0.72,0.010000000000000009,0.1175,whprplcy,baseline_german_gender_seed12,Baseline,12,
6,7,0.72,0.030000000000000027,0.09000000000000002,whprplcy,baseline_german_gender_seed12,Baseline,12,
7,8,0.715,0.04500000000000004,0.08500000000000002,whprplcy,baseline_german_gender_seed12,Baseline,12,
8,9,0.72,0.03500000000000003,0.09250000000000003,whprplcy,baseline_german_gender_seed12,Baseline,12,
9,10,0.72,0.050000000000000044,0.11249999999999999,whprplcy,baseline_german_gender_seed12,Baseline,12,
10,11,0.73,0.07500000000000007,0.1625,whprplcy,baseline_german_gender_seed12,Baseline,12,
11,12,0.73,0.06500000000000006,0.14500000000000005,whprplcy,baseline_german_gender_seed12,Baseline,12,
12,13,0.73,0.06500000000000006,0.14500000000000005,whprplcy,baseline_german_gender_seed12,Baseline,12,
13,14,0.73,0.08999999999999997,0.145,whprplcy,baseline_german_gender_seed12,Baseline,12,
14,15,0.73,0.125,0.1625,whprplcy,baseline_german_gender_seed12,Baseline,12,
15,16,0.725,0.10499999999999998,0.13999999999999999,whprplcy,baseline_german_gender_seed12,Baseline,12,
16,17,0.72,0.09499999999999997,0.13499999999999998,whprplcy,baseline_german_gender_seed12,Baseline,12,
17,18,0.72,0.09499999999999997,0.09749999999999998,whprplcy,baseline_german_gender_seed12,Baseline,12,
18,19,0.72,0.09499999999999997,0.09749999999999998,whprplcy,baseline_german_gender_seed12,Baseline,12,
19,20,0.73,0.10499999999999998,0.08999999999999997,whprplcy,baseline_german_gender_seed12,Baseline,12,
20,21,0.73,0.09499999999999997,0.07250000000000001,whprplcy,baseline_german_gender_seed12,Baseline,12,
21,22,0.735,0.09499999999999997,0.06,whprplcy,baseline_german_gender_seed12,Baseline,12,
22,23,0.73,0.14500000000000002,0.11000000000000001,whprplcy,baseline_german_gender_seed12,Baseline,12,
23,24,0.735,0.14500000000000002,0.0975,whprplcy,baseline_german_gender_seed12,Baseline,12,
24,25,0.735,0.14500000000000002,0.0975,whprplcy,baseline_german_gender_seed12,Baseline,12,
25,26,0.735,0.14500000000000002,0.0975,whprplcy,baseline_german_gender_seed12,Baseline,12,
26,27,0.735,0.14500000000000002,0.0975,whprplcy,baseline_german_gender_seed12,Baseline,12,
27,28,0.73,0.14500000000000002,0.11000000000000001,whprplcy,baseline_german_gender_seed12,Baseline,12,
28,29,0.735,0.14500000000000002,0.0975,whprplcy,baseline_german_gender_seed12,Baseline,12,
29,30,0.735,0.14500000000000002,0.0975,whprplcy,baseline_german_gender_seed12,Baseline,12,
0,1,0.45,0.065,0.04500000000000001,sftce925,baseline_german_gender_seed16,Baseline,16,
1,2,0.545,0.06500000000000006,0.12000000000000005,sftce925,baseline_german_gender_seed16,Baseline,16,
2,3,0.645,0.08999999999999997,0.12,sftce925,baseline_german_gender_seed16,Baseline,16,
3,4,0.67,0.06999999999999995,0.06,sftce925,baseline_german_gender_seed16,Baseline,16,
4,5,0.68,0.029999999999999916,0.052499999999999936,sftce925,baseline_german_gender_seed16,Baseline,16,
5,6,0.69,0.010000000000000009,0.04249999999999998,sftce925,baseline_german_gender_seed16,Baseline,16,
6,7,0.69,0.0,0.024999999999999967,sftce925,baseline_german_gender_seed16,Baseline,16,
7,8,0.705,0.0,0.025000000000000022,sftce925,baseline_german_gender_seed16,Baseline,16,
8,9,0.71,0.010000000000000009,0.05499999999999999,sftce925,baseline_german_gender_seed16,Baseline,16,
9,10,0.735,0.0050000000000000044,0.03999999999999998,sftce925,baseline_german_gender_seed16,Baseline,16,
10,11,0.745,0.015000000000000013,0.007500000000000007,sftce925,baseline_german_gender_seed16,Baseline,16,
11,12,0.735,0.020000000000000018,0.07250000000000001,sftce925,baseline_german_gender_seed16,Baseline,16,
12,13,0.72,0.12,0.135,sftce925,baseline_german_gender_seed16,Baseline,16,
13,14,0.715,0.14500000000000002,0.14750000000000002,sftce925,baseline_german_gender_seed16,Baseline,16,
14,15,0.72,0.12,0.135,sftce925,baseline_german_gender_seed16,Baseline,16,
15,16,0.72,0.12,0.135,sftce925,baseline_german_gender_seed16,Baseline,16,
16,17,0.715,0.07499999999999996,0.11249999999999999,sftce925,baseline_german_gender_seed16,Baseline,16,
17,18,0.715,0.07499999999999996,0.11249999999999999,sftce925,baseline_german_gender_seed16,Baseline,16,
18,19,0.715,0.07499999999999996,0.11249999999999999,sftce925,baseline_german_gender_seed16,Baseline,16,
19,20,0.715,0.07499999999999996,0.11249999999999999,sftce925,baseline_german_gender_seed16,Baseline,16,
20,21,0.715,0.07499999999999996,0.11249999999999999,sftce925,baseline_german_gender_seed16,Baseline,16,
21,22,0.715,0.07499999999999996,0.11249999999999999,sftce925,baseline_german_gender_seed16,Baseline,16,
22,23,0.71,0.06499999999999995,0.10749999999999998,sftce925,baseline_german_gender_seed16,Baseline,16,
23,24,0.71,0.06499999999999995,0.10749999999999998,sftce925,baseline_german_gender_seed16,Baseline,16,
24,25,0.71,0.06499999999999995,0.10749999999999998,sftce925,baseline_german_gender_seed16,Baseline,16,
25,26,0.705,0.05499999999999994,0.10249999999999998,sftce925,baseline_german_gender_seed16,Baseline,16,
26,27,0.705,0.08999999999999997,0.12,sftce925,baseline_german_gender_seed16,Baseline,16,
27,28,0.7,0.11499999999999999,0.1325,sftce925,baseline_german_gender_seed16,Baseline,16,
28,29,0.7,0.11499999999999999,0.1325,sftce925,baseline_german_gender_seed16,Baseline,16,
29,30,0.705,0.125,0.1375,sftce925,baseline_german_gender_seed16,Baseline,16,
0,1,0.625,0.025000000000000022,0.024999999999999967,rvnx87sf,baseline_german_gender_seed19,Baseline,19,
1,2,0.7,0.05999999999999994,0.07999999999999996,rvnx87sf,baseline_german_gender_seed19,Baseline,19,
2,3,0.705,0.040000000000000036,0.03250000000000003,rvnx87sf,baseline_german_gender_seed19,Baseline,19,
3,4,0.705,0.040000000000000036,0.03250000000000003,rvnx87sf,baseline_german_gender_seed19,Baseline,19,
4,5,0.705,0.040000000000000036,0.03250000000000003,rvnx87sf,baseline_german_gender_seed19,Baseline,19,
5,6,0.71,0.040000000000000036,0.020000000000000018,rvnx87sf,baseline_german_gender_seed19,Baseline,19,
6,7,0.72,0.040000000000000036,0.03250000000000003,rvnx87sf,baseline_german_gender_seed19,Baseline,19,
7,8,0.725,0.06000000000000005,0.05499999999999999,rvnx87sf,baseline_german_gender_seed19,Baseline,19,
8,9,0.725,0.04499999999999993,0.034999999999999976,rvnx87sf,baseline_german_gender_seed19,Baseline,19,
9,10,0.75,0.0050000000000000044,0.05249999999999999,rvnx87sf,baseline_german_gender_seed19,Baseline,19,
10,11,0.745,0.03500000000000003,0.0675,rvnx87sf,baseline_german_gender_seed19,Baseline,19,
11,12,0.745,0.050000000000000044,0.04999999999999999,rvnx87sf,baseline_german_gender_seed19,Baseline,19,
12,13,0.755,0.025000000000000022,0.0625,rvnx87sf,baseline_german_gender_seed19,Baseline,19,
13,14,0.76,0.03500000000000003,0.0675,rvnx87sf,baseline_german_gender_seed19,Baseline,19,
14,15,0.76,0.03500000000000003,0.0675,rvnx87sf,baseline_german_gender_seed19,Baseline,19,
15,16,0.76,0.03500000000000003,0.0675,rvnx87sf,baseline_german_gender_seed19,Baseline,19,
16,17,0.76,0.03500000000000003,0.0675,rvnx87sf,baseline_german_gender_seed19,Baseline,19,
17,18,0.76,0.06000000000000005,0.0675,rvnx87sf,baseline_german_gender_seed19,Baseline,19,
18,19,0.755,0.040000000000000036,0.04500000000000004,rvnx87sf,baseline_german_gender_seed19,Baseline,19,
19,20,0.745,0.020000000000000018,0.03500000000000003,rvnx87sf,baseline_german_gender_seed19,Baseline,19,
20,21,0.745,0.020000000000000018,0.03500000000000003,rvnx87sf,baseline_german_gender_seed19,Baseline,19,
21,22,0.745,0.020000000000000018,0.03500000000000003,rvnx87sf,baseline_german_gender_seed19,Baseline,19,
22,23,0.745,0.020000000000000018,0.03500000000000003,rvnx87sf,baseline_german_gender_seed19,Baseline,19,
23,24,0.745,0.020000000000000018,0.03500000000000003,rvnx87sf,baseline_german_gender_seed19,Baseline,19,
24,25,0.74,0.010000000000000009,0.030000000000000027,rvnx87sf,baseline_german_gender_seed19,Baseline,19,
25,26,0.74,0.010000000000000009,0.030000000000000027,rvnx87sf,baseline_german_gender_seed19,Baseline,19,
26,27,0.735,0.010000000000000009,0.0050000000000000044,rvnx87sf,baseline_german_gender_seed19,Baseline,19,
27,28,0.735,0.010000000000000009,0.0050000000000000044,rvnx87sf,baseline_german_gender_seed19,Baseline,19,
28,29,0.74,0.010000000000000009,0.030000000000000027,rvnx87sf,baseline_german_gender_seed19,Baseline,19,
29,30,0.735,0.0,0.025000000000000022,rvnx87sf,baseline_german_gender_seed19,Baseline,19,
0,1,0.62,0.10499999999999998,0.06499999999999995,cfrxr2vp,baseline_german_gender_seed17,Baseline,17,
1,2,0.66,0.07000000000000006,0.07250000000000001,cfrxr2vp,baseline_german_gender_seed17,Baseline,17,
2,3,0.695,0.05499999999999994,0.07749999999999996,cfrxr2vp,baseline_german_gender_seed17,Baseline,17,
3,4,0.7,0.040000000000000036,0.057499999999999996,cfrxr2vp,baseline_german_gender_seed17,Baseline,17,
4,5,0.705,0.025000000000000022,0.03750000000000003,cfrxr2vp,baseline_german_gender_seed17,Baseline,17,
5,6,0.715,0.025000000000000022,0.03749999999999998,cfrxr2vp,baseline_german_gender_seed17,Baseline,17,
6,7,0.735,0.050000000000000044,0.025000000000000022,cfrxr2vp,baseline_german_gender_seed17,Baseline,17,
7,8,0.725,0.03499999999999992,0.05499999999999994,cfrxr2vp,baseline_german_gender_seed17,Baseline,17,
8,9,0.735,0.039999999999999925,0.044999999999999984,cfrxr2vp,baseline_german_gender_seed17,Baseline,17,
9,10,0.74,0.020000000000000018,0.034999999999999976,cfrxr2vp,baseline_german_gender_seed17,Baseline,17,
10,11,0.745,0.03500000000000003,0.04250000000000004,cfrxr2vp,baseline_german_gender_seed17,Baseline,17,
11,12,0.74,0.06000000000000005,0.05500000000000005,cfrxr2vp,baseline_german_gender_seed17,Baseline,17,
12,13,0.72,0.08999999999999997,0.07,cfrxr2vp,baseline_german_gender_seed17,Baseline,17,
13,14,0.72,0.07999999999999996,0.07750000000000001,cfrxr2vp,baseline_german_gender_seed17,Baseline,17,
14,15,0.72,0.07999999999999996,0.07750000000000001,cfrxr2vp,baseline_german_gender_seed17,Baseline,17,
15,16,0.705,0.04999999999999993,0.0625,cfrxr2vp,baseline_german_gender_seed17,Baseline,17,
16,17,0.71,0.04999999999999993,0.03749999999999998,cfrxr2vp,baseline_german_gender_seed17,Baseline,17,
17,18,0.715,0.039999999999999925,0.05749999999999994,cfrxr2vp,baseline_german_gender_seed17,Baseline,17,
18,19,0.715,0.039999999999999925,0.05749999999999994,cfrxr2vp,baseline_german_gender_seed17,Baseline,17,
19,20,0.715,0.039999999999999925,0.05749999999999994,cfrxr2vp,baseline_german_gender_seed17,Baseline,17,
20,21,0.715,0.039999999999999925,0.05749999999999994,cfrxr2vp,baseline_german_gender_seed17,Baseline,17,
21,22,0.72,0.029999999999999916,0.03999999999999998,cfrxr2vp,baseline_german_gender_seed17,Baseline,17,
22,23,0.715,0.05499999999999994,0.05249999999999999,cfrxr2vp,baseline_german_gender_seed17,Baseline,17,
23,24,0.71,0.07999999999999996,0.065,cfrxr2vp,baseline_german_gender_seed17,Baseline,17,
24,25,0.7,0.09499999999999997,0.07250000000000001,cfrxr2vp,baseline_german_gender_seed17,Baseline,17,
25,26,0.7,0.09499999999999997,0.07250000000000001,cfrxr2vp,baseline_german_gender_seed17,Baseline,17,
26,27,0.7,0.09499999999999997,0.07250000000000001,cfrxr2vp,baseline_german_gender_seed17,Baseline,17,
27,28,0.7,0.09499999999999997,0.07250000000000001,cfrxr2vp,baseline_german_gender_seed17,Baseline,17,
28,29,0.7,0.09499999999999997,0.07250000000000001,cfrxr2vp,baseline_german_gender_seed17,Baseline,17,
29,30,0.69,0.1100000000000001,0.08000000000000007,cfrxr2vp,baseline_german_gender_seed17,Baseline,17,
0,1,0.725,0.010000000000000009,0.0050000000000000044,doftrg6y,baseline_german_gender_seed18,Baseline,18,
1,2,0.725,0.010000000000000009,0.0050000000000000044,doftrg6y,baseline_german_gender_seed18,Baseline,18,
2,3,0.73,0.020000000000000018,0.03500000000000003,doftrg6y,baseline_german_gender_seed18,Baseline,18,
3,4,0.735,0.0050000000000000044,0.02749999999999997,doftrg6y,baseline_german_gender_seed18,Baseline,18,
4,5,0.745,0.025000000000000022,0.012500000000000011,doftrg6y,baseline_german_gender_seed18,Baseline,18,
5,6,0.745,0.03500000000000003,0.030000000000000027,doftrg6y,baseline_german_gender_seed18,Baseline,18,
6,7,0.745,0.019999999999999907,0.009999999999999953,doftrg6y,baseline_german_gender_seed18,Baseline,18,
7,8,0.735,0.0050000000000000044,0.0025000000000000022,doftrg6y,baseline_german_gender_seed18,Baseline,18,
8,9,0.74,0.010000000000000009,0.0050000000000000044,doftrg6y,baseline_german_gender_seed18,Baseline,18,
9,10,0.725,0.0050000000000000044,0.015000000000000013,doftrg6y,baseline_german_gender_seed18,Baseline,18,
10,11,0.715,0.020000000000000018,0.02250000000000002,doftrg6y,baseline_german_gender_seed18,Baseline,18,
11,12,0.72,0.04500000000000004,0.02250000000000002,doftrg6y,baseline_german_gender_seed18,Baseline,18,
12,13,0.72,0.03500000000000003,0.030000000000000027,doftrg6y,baseline_german_gender_seed18,Baseline,18,
13,14,0.73,0.05999999999999994,0.04249999999999998,doftrg6y,baseline_german_gender_seed18,Baseline,18,
14,15,0.725,0.08499999999999996,0.05499999999999999,doftrg6y,baseline_german_gender_seed18,Baseline,18,
15,16,0.73,0.09499999999999997,0.06,doftrg6y,baseline_german_gender_seed18,Baseline,18,
16,17,0.72,0.12,0.09749999999999998,doftrg6y,baseline_german_gender_seed18,Baseline,18,
17,18,0.71,0.09999999999999998,0.08749999999999997,doftrg6y,baseline_german_gender_seed18,Baseline,18,
18,19,0.71,0.09999999999999998,0.04999999999999999,doftrg6y,baseline_german_gender_seed18,Baseline,18,
19,20,0.705,0.125,0.0625,doftrg6y,baseline_german_gender_seed18,Baseline,18,
20,21,0.695,0.125,0.08749999999999997,doftrg6y,baseline_german_gender_seed18,Baseline,18,
21,22,0.7,0.135,0.09249999999999997,doftrg6y,baseline_german_gender_seed18,Baseline,18,
22,23,0.7,0.135,0.09249999999999997,doftrg6y,baseline_german_gender_seed18,Baseline,18,
23,24,0.715,0.135,0.09250000000000003,doftrg6y,baseline_german_gender_seed18,Baseline,18,
24,25,0.715,0.135,0.09250000000000003,doftrg6y,baseline_german_gender_seed18,Baseline,18,
25,26,0.715,0.135,0.09250000000000003,doftrg6y,baseline_german_gender_seed18,Baseline,18,
26,27,0.715,0.135,0.09250000000000003,doftrg6y,baseline_german_gender_seed18,Baseline,18,
27,28,0.71,0.125,0.08750000000000002,doftrg6y,baseline_german_gender_seed18,Baseline,18,
28,29,0.71,0.125,0.08750000000000002,doftrg6y,baseline_german_gender_seed18,Baseline,18,
29,30,0.71,0.125,0.08750000000000002,doftrg6y,baseline_german_gender_seed18,Baseline,18,
0,1,0.66,0.020000000000000018,0.08500000000000002,pvagqmhk,baseline_german_gender_seed20,Baseline,20,
1,2,0.695,0.05499999999999994,0.08999999999999997,pvagqmhk,baseline_german_gender_seed20,Baseline,20,
2,3,0.7,0.040000000000000036,0.07,pvagqmhk,baseline_german_gender_seed20,Baseline,20,
3,4,0.71,0.020000000000000018,0.06,pvagqmhk,baseline_german_gender_seed20,Baseline,20,
4,5,0.72,0.0,0.04999999999999999,pvagqmhk,baseline_german_gender_seed20,Baseline,20,
5,6,0.715,0.020000000000000018,0.07250000000000001,pvagqmhk,baseline_german_gender_seed20,Baseline,20,
6,7,0.73,0.030000000000000027,0.05250000000000005,pvagqmhk,baseline_german_gender_seed20,Baseline,20,
7,8,0.725,0.020000000000000018,0.06,pvagqmhk,baseline_german_gender_seed20,Baseline,20,
8,9,0.73,0.04499999999999993,0.022499999999999964,pvagqmhk,baseline_german_gender_seed20,Baseline,20,
9,10,0.735,0.03499999999999992,0.02999999999999997,pvagqmhk,baseline_german_gender_seed20,Baseline,20,
10,11,0.74,0.02499999999999991,0.024999999999999967,pvagqmhk,baseline_german_gender_seed20,Baseline,20,
11,12,0.74,0.039999999999999925,0.05749999999999994,pvagqmhk,baseline_german_gender_seed20,Baseline,20,
12,13,0.74,0.06499999999999995,0.04499999999999993,pvagqmhk,baseline_german_gender_seed20,Baseline,20,
13,14,0.74,0.08999999999999997,0.06999999999999995,pvagqmhk,baseline_german_gender_seed20,Baseline,20,
14,15,0.75,0.08999999999999997,0.07,pvagqmhk,baseline_german_gender_seed20,Baseline,20,
15,16,0.75,0.08000000000000007,0.09000000000000002,pvagqmhk,baseline_german_gender_seed20,Baseline,20,
16,17,0.745,0.1050000000000001,0.10250000000000004,pvagqmhk,baseline_german_gender_seed20,Baseline,20,
17,18,0.76,0.1399999999999999,0.0824999999999999,pvagqmhk,baseline_german_gender_seed20,Baseline,20,
18,19,0.76,0.1399999999999999,0.0824999999999999,pvagqmhk,baseline_german_gender_seed20,Baseline,20,
19,20,0.765,0.1399999999999999,0.06999999999999995,pvagqmhk,baseline_german_gender_seed20,Baseline,20,
20,21,0.755,0.15500000000000003,0.07750000000000001,pvagqmhk,baseline_german_gender_seed20,Baseline,20,
21,22,0.755,0.15500000000000003,0.07750000000000001,pvagqmhk,baseline_german_gender_seed20,Baseline,20,
22,23,0.755,0.17000000000000004,0.11000000000000004,pvagqmhk,baseline_german_gender_seed20,Baseline,20,
23,24,0.75,0.16000000000000003,0.10500000000000004,pvagqmhk,baseline_german_gender_seed20,Baseline,20,
24,25,0.75,0.16000000000000003,0.10500000000000004,pvagqmhk,baseline_german_gender_seed20,Baseline,20,
25,26,0.75,0.16000000000000003,0.10500000000000004,pvagqmhk,baseline_german_gender_seed20,Baseline,20,
26,27,0.75,0.16000000000000003,0.14250000000000002,pvagqmhk,baseline_german_gender_seed20,Baseline,20,
27,28,0.755,0.16000000000000003,0.155,pvagqmhk,baseline_german_gender_seed20,Baseline,20,
28,29,0.755,0.16000000000000003,0.155,pvagqmhk,baseline_german_gender_seed20,Baseline,20,
29,30,0.755,0.16000000000000003,0.155,pvagqmhk,baseline_german_gender_seed20,Baseline,20,
0,1,0.65,0.0050000000000000044,0.027500000000000024,cem9dtjd,baseline_german_gender_seed22,Baseline,22,
1,2,0.69,0.015000000000000013,0.044999999999999984,cem9dtjd,baseline_german_gender_seed22,Baseline,22,
2,3,0.7,0.020000000000000018,0.02250000000000002,cem9dtjd,baseline_german_gender_seed22,Baseline,22,
3,4,0.705,0.0,0.012500000000000011,cem9dtjd,baseline_german_gender_seed22,Baseline,22,
4,5,0.71,0.0,0.012500000000000011,cem9dtjd,baseline_german_gender_seed22,Baseline,22,
5,6,0.725,0.025000000000000022,0.012500000000000011,cem9dtjd,baseline_german_gender_seed22,Baseline,22,
6,7,0.725,0.05499999999999994,0.03999999999999998,cem9dtjd,baseline_german_gender_seed22,Baseline,22,
7,8,0.75,0.09499999999999997,0.08499999999999996,cem9dtjd,baseline_german_gender_seed22,Baseline,22,
8,9,0.74,0.08999999999999997,0.10749999999999998,cem9dtjd,baseline_german_gender_seed22,Baseline,22,
9,10,0.74,0.13,0.09000000000000002,cem9dtjd,baseline_german_gender_seed22,Baseline,22,
10,11,0.72,0.125,0.08750000000000002,cem9dtjd,baseline_german_gender_seed22,Baseline,22,
11,12,0.73,0.125,0.08749999999999997,cem9dtjd,baseline_german_gender_seed22,Baseline,22,
12,13,0.72,0.11499999999999999,0.057499999999999996,cem9dtjd,baseline_german_gender_seed22,Baseline,22,
13,14,0.72,0.11499999999999999,0.057499999999999996,cem9dtjd,baseline_german_gender_seed22,Baseline,22,
14,15,0.715,0.14,0.07,cem9dtjd,baseline_german_gender_seed22,Baseline,22,
15,16,0.715,0.14,0.07,cem9dtjd,baseline_german_gender_seed22,Baseline,22,
16,17,0.725,0.14,0.08249999999999996,cem9dtjd,baseline_german_gender_seed22,Baseline,22,
17,18,0.725,0.13,0.065,cem9dtjd,baseline_german_gender_seed22,Baseline,22,
18,19,0.72,0.14500000000000002,0.08500000000000002,cem9dtjd,baseline_german_gender_seed22,Baseline,22,
19,20,0.725,0.14500000000000002,0.09750000000000003,cem9dtjd,baseline_german_gender_seed22,Baseline,22,
20,21,0.73,0.14500000000000002,0.11000000000000004,cem9dtjd,baseline_german_gender_seed22,Baseline,22,
21,22,0.73,0.14500000000000002,0.11000000000000004,cem9dtjd,baseline_german_gender_seed22,Baseline,22,
22,23,0.725,0.14500000000000002,0.09750000000000003,cem9dtjd,baseline_german_gender_seed22,Baseline,22,
23,24,0.72,0.135,0.09250000000000003,cem9dtjd,baseline_german_gender_seed22,Baseline,22,
24,25,0.72,0.135,0.09250000000000003,cem9dtjd,baseline_german_gender_seed22,Baseline,22,
25,26,0.72,0.125,0.10000000000000003,cem9dtjd,baseline_german_gender_seed22,Baseline,22,
26,27,0.72,0.125,0.10000000000000003,cem9dtjd,baseline_german_gender_seed22,Baseline,22,
27,28,0.725,0.125,0.07500000000000001,cem9dtjd,baseline_german_gender_seed22,Baseline,22,
28,29,0.715,0.10499999999999998,0.065,cem9dtjd,baseline_german_gender_seed22,Baseline,22,
29,30,0.715,0.10499999999999998,0.065,cem9dtjd,baseline_german_gender_seed22,Baseline,22,
0,1,0.305,0.015,0.0075,1ot4b1bu,baseline_german_gender_seed21,Baseline,21,
1,2,0.355,0.10500000000000001,0.09000000000000001,1ot4b1bu,baseline_german_gender_seed21,Baseline,21,
2,3,0.41,0.17000000000000004,0.11000000000000004,1ot4b1bu,baseline_german_gender_seed21,Baseline,21,
3,4,0.475,0.14500000000000002,0.185,1ot4b1bu,baseline_german_gender_seed21,Baseline,21,
4,5,0.58,0.13,0.2025,1ot4b1bu,baseline_german_gender_seed21,Baseline,21,
5,6,0.645,0.06500000000000006,0.14500000000000002,1ot4b1bu,baseline_german_gender_seed21,Baseline,21,
6,7,0.68,0.02499999999999991,0.11249999999999993,1ot4b1bu,baseline_german_gender_seed21,Baseline,21,
7,8,0.675,0.02499999999999991,0.08749999999999997,1ot4b1bu,baseline_german_gender_seed21,Baseline,21,
8,9,0.675,0.03499999999999992,0.06749999999999995,1ot4b1bu,baseline_german_gender_seed21,Baseline,21,
9,10,0.675,0.03499999999999992,0.06749999999999995,1ot4b1bu,baseline_german_gender_seed21,Baseline,21,
10,11,0.67,0.02499999999999991,0.062499999999999944,1ot4b1bu,baseline_german_gender_seed21,Baseline,21,
11,12,0.67,0.014999999999999902,0.04499999999999993,1ot4b1bu,baseline_german_gender_seed21,Baseline,21,
12,13,0.675,0.0050000000000000044,0.05249999999999999,1ot4b1bu,baseline_german_gender_seed21,Baseline,21,
13,14,0.68,0.015000000000000013,0.057499999999999996,1ot4b1bu,baseline_german_gender_seed21,Baseline,21,
14,15,0.695,0.010000000000000009,0.08000000000000002,1ot4b1bu,baseline_german_gender_seed21,Baseline,21,
15,16,0.7,0.0,0.050000000000000044,1ot4b1bu,baseline_german_gender_seed21,Baseline,21,
16,17,0.7,0.050000000000000044,0.08750000000000002,1ot4b1bu,baseline_german_gender_seed21,Baseline,21,
17,18,0.715,0.07500000000000007,0.050000000000000044,1ot4b1bu,baseline_german_gender_seed21,Baseline,21,
18,19,0.715,0.09999999999999998,0.04999999999999999,1ot4b1bu,baseline_german_gender_seed21,Baseline,21,
19,20,0.715,0.09999999999999998,0.04999999999999999,1ot4b1bu,baseline_german_gender_seed21,Baseline,21,
20,21,0.715,0.09999999999999998,0.04999999999999999,1ot4b1bu,baseline_german_gender_seed21,Baseline,21,
21,22,0.715,0.09999999999999998,0.04999999999999999,1ot4b1bu,baseline_german_gender_seed21,Baseline,21,
22,23,0.72,0.08999999999999997,0.057499999999999996,1ot4b1bu,baseline_german_gender_seed21,Baseline,21,
23,24,0.715,0.07999999999999996,0.05249999999999999,1ot4b1bu,baseline_german_gender_seed21,Baseline,21,
24,25,0.725,0.04500000000000004,0.04749999999999999,1ot4b1bu,baseline_german_gender_seed21,Baseline,21,
25,26,0.725,0.04500000000000004,0.04749999999999999,1ot4b1bu,baseline_german_gender_seed21,Baseline,21,
26,27,0.725,0.04500000000000004,0.04749999999999999,1ot4b1bu,baseline_german_gender_seed21,Baseline,21,
27,28,0.725,0.06999999999999995,0.04749999999999993,1ot4b1bu,baseline_german_gender_seed21,Baseline,21,
28,29,0.73,0.06999999999999995,0.034999999999999976,1ot4b1bu,baseline_german_gender_seed21,Baseline,21,
29,30,0.735,0.06999999999999995,0.06,1ot4b1bu,baseline_german_gender_seed21,Baseline,21,
0,1,0.595,0.040000000000000036,0.09500000000000003,r2acgcma,baseline_german_gender_seed23,Baseline,23,
1,2,0.655,0.03500000000000003,0.09250000000000003,r2acgcma,baseline_german_gender_seed23,Baseline,23,
2,3,0.67,0.05999999999999994,0.07999999999999996,r2acgcma,baseline_german_gender_seed23,Baseline,23,
3,4,0.695,0.03500000000000003,0.05499999999999999,r2acgcma,baseline_german_gender_seed23,Baseline,23,
4,5,0.7,0.04499999999999993,0.04749999999999999,r2acgcma,baseline_german_gender_seed23,Baseline,23,
5,6,0.69,0.04999999999999993,0.07499999999999996,r2acgcma,baseline_german_gender_seed23,Baseline,23,
6,7,0.68,0.04500000000000004,0.08500000000000002,r2acgcma,baseline_german_gender_seed23,Baseline,23,
7,8,0.69,0.050000000000000044,0.125,r2acgcma,baseline_german_gender_seed23,Baseline,23,
8,9,0.685,0.04500000000000004,0.11000000000000004,r2acgcma,baseline_german_gender_seed23,Baseline,23,
9,10,0.68,0.06499999999999995,0.1325,r2acgcma,baseline_german_gender_seed23,Baseline,23,
10,11,0.68,0.039999999999999925,0.09499999999999997,r2acgcma,baseline_german_gender_seed23,Baseline,23,
11,12,0.675,0.04999999999999993,0.09999999999999998,r2acgcma,baseline_german_gender_seed23,Baseline,23,
12,13,0.68,0.039999999999999925,0.09499999999999997,r2acgcma,baseline_german_gender_seed23,Baseline,23,
13,14,0.685,0.039999999999999925,0.06999999999999995,r2acgcma,baseline_german_gender_seed23,Baseline,23,
14,15,0.7,0.020000000000000018,0.03500000000000003,r2acgcma,baseline_german_gender_seed23,Baseline,23,
15,16,0.695,0.0050000000000000044,0.0025000000000000022,r2acgcma,baseline_german_gender_seed23,Baseline,23,
16,17,0.71,0.0050000000000000044,0.014999999999999958,r2acgcma,baseline_german_gender_seed23,Baseline,23,
17,18,0.7,0.04499999999999993,0.022499999999999964,r2acgcma,baseline_german_gender_seed23,Baseline,23,
18,19,0.705,0.05499999999999994,0.02749999999999997,r2acgcma,baseline_german_gender_seed23,Baseline,23,
19,20,0.71,0.05499999999999994,0.03999999999999998,r2acgcma,baseline_german_gender_seed23,Baseline,23,
20,21,0.715,0.05499999999999994,0.05249999999999999,r2acgcma,baseline_german_gender_seed23,Baseline,23,
21,22,0.71,0.07999999999999996,0.065,r2acgcma,baseline_german_gender_seed23,Baseline,23,
22,23,0.71,0.07999999999999996,0.065,r2acgcma,baseline_german_gender_seed23,Baseline,23,
23,24,0.71,0.07999999999999996,0.065,r2acgcma,baseline_german_gender_seed23,Baseline,23,
24,25,0.71,0.07999999999999996,0.065,r2acgcma,baseline_german_gender_seed23,Baseline,23,
25,26,0.705,0.07999999999999996,0.05249999999999999,r2acgcma,baseline_german_gender_seed23,Baseline,23,
26,27,0.71,0.07999999999999996,0.065,r2acgcma,baseline_german_gender_seed23,Baseline,23,
27,28,0.705,0.07999999999999996,0.05249999999999999,r2acgcma,baseline_german_gender_seed23,Baseline,23,
28,29,0.705,0.07999999999999996,0.05249999999999999,r2acgcma,baseline_german_gender_seed23,Baseline,23,
29,30,0.705,0.07999999999999996,0.05249999999999999,r2acgcma,baseline_german_gender_seed23,Baseline,23,
0,1,0.41,0.065,0.1075,b1qbx9aa,baseline_german_gender_seed27,Baseline,27,
1,2,0.44,0.019999999999999962,0.022499999999999992,b1qbx9aa,baseline_german_gender_seed27,Baseline,27,
2,3,0.54,0.014999999999999902,0.03249999999999997,b1qbx9aa,baseline_german_gender_seed27,Baseline,27,
3,4,0.625,0.0050000000000000044,0.015000000000000013,b1qbx9aa,baseline_german_gender_seed27,Baseline,27,
4,5,0.665,0.03500000000000003,0.04250000000000004,b1qbx9aa,baseline_german_gender_seed27,Baseline,27,
5,6,0.7,0.039999999999999925,0.03249999999999992,b1qbx9aa,baseline_german_gender_seed27,Baseline,27,
6,7,0.71,0.0,0.03749999999999998,b1qbx9aa,baseline_german_gender_seed27,Baseline,27,
7,8,0.725,0.030000000000000027,0.05249999999999999,b1qbx9aa,baseline_german_gender_seed27,Baseline,27,
8,9,0.73,0.030000000000000027,0.027500000000000024,b1qbx9aa,baseline_german_gender_seed27,Baseline,27,
9,10,0.72,0.0,0.024999999999999967,b1qbx9aa,baseline_german_gender_seed27,Baseline,27,
10,11,0.72,0.029999999999999916,0.03999999999999998,b1qbx9aa,baseline_german_gender_seed27,Baseline,27,
11,12,0.725,0.039999999999999925,0.07,b1qbx9aa,baseline_german_gender_seed27,Baseline,27,
12,13,0.725,0.015000000000000013,0.03250000000000003,b1qbx9aa,baseline_german_gender_seed27,Baseline,27,
13,14,0.715,0.015000000000000013,0.057499999999999996,b1qbx9aa,baseline_german_gender_seed27,Baseline,27,
14,15,0.71,0.05999999999999994,0.0675,b1qbx9aa,baseline_german_gender_seed27,Baseline,27,
15,16,0.715,0.05999999999999994,0.07999999999999996,b1qbx9aa,baseline_german_gender_seed27,Baseline,27,
16,17,0.72,0.05999999999999994,0.05499999999999994,b1qbx9aa,baseline_german_gender_seed27,Baseline,27,
17,18,0.715,0.05999999999999994,0.04249999999999998,b1qbx9aa,baseline_german_gender_seed27,Baseline,27,
18,19,0.72,0.05999999999999994,0.05499999999999994,b1qbx9aa,baseline_german_gender_seed27,Baseline,27,
19,20,0.725,0.05999999999999994,0.06749999999999995,b1qbx9aa,baseline_german_gender_seed27,Baseline,27,
20,21,0.725,0.05999999999999994,0.06749999999999995,b1qbx9aa,baseline_german_gender_seed27,Baseline,27,
21,22,0.725,0.05999999999999994,0.06749999999999995,b1qbx9aa,baseline_german_gender_seed27,Baseline,27,
22,23,0.73,0.06999999999999995,0.07249999999999995,b1qbx9aa,baseline_german_gender_seed27,Baseline,27,
23,24,0.73,0.06999999999999995,0.07249999999999995,b1qbx9aa,baseline_german_gender_seed27,Baseline,27,
24,25,0.73,0.06999999999999995,0.07249999999999995,b1qbx9aa,baseline_german_gender_seed27,Baseline,27,
25,26,0.725,0.05999999999999994,0.06749999999999995,b1qbx9aa,baseline_german_gender_seed27,Baseline,27,
26,27,0.725,0.05999999999999994,0.06749999999999995,b1qbx9aa,baseline_german_gender_seed27,Baseline,27,
27,28,0.725,0.08499999999999996,0.09249999999999997,b1qbx9aa,baseline_german_gender_seed27,Baseline,27,
28,29,0.725,0.07499999999999996,0.09999999999999998,b1qbx9aa,baseline_german_gender_seed27,Baseline,27,
29,30,0.725,0.10999999999999999,0.1175,b1qbx9aa,baseline_german_gender_seed27,Baseline,27,
0,1,0.605,0.07499999999999996,0.14999999999999997,pt03cqzx,baseline_german_gender_seed24,Baseline,24,
1,2,0.66,0.010000000000000009,0.1175,pt03cqzx,baseline_german_gender_seed24,Baseline,24,
2,3,0.725,0.07000000000000006,0.17250000000000004,pt03cqzx,baseline_german_gender_seed24,Baseline,24,
3,4,0.73,0.06499999999999995,0.12,pt03cqzx,baseline_german_gender_seed24,Baseline,24,
4,5,0.735,0.04999999999999993,0.125,pt03cqzx,baseline_german_gender_seed24,Baseline,24,
5,6,0.725,0.04999999999999993,0.11249999999999993,pt03cqzx,baseline_german_gender_seed24,Baseline,24,
6,7,0.715,0.06499999999999995,0.08250000000000002,pt03cqzx,baseline_german_gender_seed24,Baseline,24,
7,8,0.71,0.09500000000000008,0.13500000000000006,pt03cqzx,baseline_german_gender_seed24,Baseline,24,
8,9,0.725,0.08500000000000008,0.19250000000000003,pt03cqzx,baseline_german_gender_seed24,Baseline,24,
9,10,0.74,0.07500000000000007,0.17500000000000004,pt03cqzx,baseline_german_gender_seed24,Baseline,24,
10,11,0.745,0.07500000000000007,0.16250000000000003,pt03cqzx,baseline_german_gender_seed24,Baseline,24,
11,12,0.735,0.08999999999999997,0.13249999999999998,pt03cqzx,baseline_german_gender_seed24,Baseline,24,
12,13,0.735,0.08999999999999997,0.09499999999999997,pt03cqzx,baseline_german_gender_seed24,Baseline,24,
13,14,0.735,0.08999999999999997,0.05749999999999994,pt03cqzx,baseline_german_gender_seed24,Baseline,24,
14,15,0.735,0.11499999999999999,0.057499999999999996,pt03cqzx,baseline_german_gender_seed24,Baseline,24,
15,16,0.735,0.13,0.09000000000000002,pt03cqzx,baseline_german_gender_seed24,Baseline,24,
16,17,0.725,0.135,0.10500000000000004,pt03cqzx,baseline_german_gender_seed24,Baseline,24,
17,18,0.725,0.135,0.10500000000000004,pt03cqzx,baseline_german_gender_seed24,Baseline,24,
18,19,0.735,0.135,0.0925,pt03cqzx,baseline_german_gender_seed24,Baseline,24,
19,20,0.735,0.16000000000000003,0.11750000000000002,pt03cqzx,baseline_german_gender_seed24,Baseline,24,
20,21,0.73,0.16000000000000003,0.14250000000000004,pt03cqzx,baseline_german_gender_seed24,Baseline,24,
21,22,0.73,0.16000000000000003,0.14250000000000004,pt03cqzx,baseline_german_gender_seed24,Baseline,24,
22,23,0.73,0.16000000000000003,0.14250000000000004,pt03cqzx,baseline_german_gender_seed24,Baseline,24,
23,24,0.725,0.15000000000000002,0.13750000000000004,pt03cqzx,baseline_german_gender_seed24,Baseline,24,
24,25,0.715,0.13,0.12750000000000003,pt03cqzx,baseline_german_gender_seed24,Baseline,24,
25,26,0.705,0.1449999999999999,0.13499999999999998,pt03cqzx,baseline_german_gender_seed24,Baseline,24,
26,27,0.7,0.1100000000000001,0.10500000000000007,pt03cqzx,baseline_german_gender_seed24,Baseline,24,
27,28,0.7,0.1100000000000001,0.10500000000000007,pt03cqzx,baseline_german_gender_seed24,Baseline,24,
28,29,0.7,0.1100000000000001,0.10500000000000007,pt03cqzx,baseline_german_gender_seed24,Baseline,24,
29,30,0.7,0.1100000000000001,0.10500000000000007,pt03cqzx,baseline_german_gender_seed24,Baseline,24,
0,1,0.645,0.0,0.024999999999999994,wldqymmf,baseline_german_gender_seed26,Baseline,26,
1,2,0.665,0.020000000000000018,0.03500000000000003,wldqymmf,baseline_german_gender_seed26,Baseline,26,
2,3,0.7,0.06499999999999995,0.05749999999999994,wldqymmf,baseline_german_gender_seed26,Baseline,26,
3,4,0.705,0.015000000000000013,0.007500000000000007,wldqymmf,baseline_german_gender_seed26,Baseline,26,
4,5,0.705,0.015000000000000013,0.007500000000000007,wldqymmf,baseline_german_gender_seed26,Baseline,26,
5,6,0.71,0.015000000000000013,0.020000000000000018,wldqymmf,baseline_german_gender_seed26,Baseline,26,
6,7,0.71,0.015000000000000013,0.020000000000000018,wldqymmf,baseline_german_gender_seed26,Baseline,26,
7,8,0.705,0.0,0.025000000000000022,wldqymmf,baseline_german_gender_seed26,Baseline,26,
8,9,0.715,0.010000000000000009,0.02999999999999997,wldqymmf,baseline_german_gender_seed26,Baseline,26,
9,10,0.735,0.019999999999999907,0.022499999999999964,wldqymmf,baseline_german_gender_seed26,Baseline,26,
10,11,0.725,0.039999999999999925,0.03249999999999997,wldqymmf,baseline_german_gender_seed26,Baseline,26,
11,12,0.735,0.010000000000000009,0.02999999999999997,wldqymmf,baseline_german_gender_seed26,Baseline,26,
12,13,0.715,0.040000000000000036,0.044999999999999984,wldqymmf,baseline_german_gender_seed26,Baseline,26,
13,14,0.72,0.040000000000000036,0.020000000000000018,wldqymmf,baseline_german_gender_seed26,Baseline,26,
14,15,0.725,0.040000000000000036,0.07,wldqymmf,baseline_german_gender_seed26,Baseline,26,
15,16,0.72,0.040000000000000036,0.09500000000000003,wldqymmf,baseline_german_gender_seed26,Baseline,26,
16,17,0.725,0.040000000000000036,0.10750000000000004,wldqymmf,baseline_german_gender_seed26,Baseline,26,
17,18,0.72,0.040000000000000036,0.09500000000000003,wldqymmf,baseline_german_gender_seed26,Baseline,26,
18,19,0.72,0.040000000000000036,0.09500000000000003,wldqymmf,baseline_german_gender_seed26,Baseline,26,
19,20,0.715,0.05500000000000005,0.07750000000000001,wldqymmf,baseline_german_gender_seed26,Baseline,26,
20,21,0.715,0.05500000000000005,0.07750000000000001,wldqymmf,baseline_german_gender_seed26,Baseline,26,
21,22,0.72,0.04500000000000004,0.06000000000000005,wldqymmf,baseline_german_gender_seed26,Baseline,26,
22,23,0.72,0.03500000000000003,0.0675,wldqymmf,baseline_german_gender_seed26,Baseline,26,
23,24,0.72,0.03500000000000003,0.0675,wldqymmf,baseline_german_gender_seed26,Baseline,26,
24,25,0.715,0.05999999999999994,0.07999999999999996,wldqymmf,baseline_german_gender_seed26,Baseline,26,
25,26,0.715,0.05999999999999994,0.07999999999999996,wldqymmf,baseline_german_gender_seed26,Baseline,26,
26,27,0.715,0.05999999999999994,0.07999999999999996,wldqymmf,baseline_german_gender_seed26,Baseline,26,
27,28,0.715,0.05999999999999994,0.07999999999999996,wldqymmf,baseline_german_gender_seed26,Baseline,26,
28,29,0.715,0.05999999999999994,0.07999999999999996,wldqymmf,baseline_german_gender_seed26,Baseline,26,
29,30,0.715,0.05999999999999994,0.07999999999999996,wldqymmf,baseline_german_gender_seed26,Baseline,26,
0,1,0.46,0.04999999999999999,0.03749999999999999,pra89cvp,baseline_german_gender_seed25,Baseline,25,
1,2,0.555,0.11999999999999994,0.05999999999999997,pra89cvp,baseline_german_gender_seed25,Baseline,25,
2,3,0.605,0.16500000000000004,0.08250000000000002,pra89cvp,baseline_german_gender_seed25,Baseline,25,
3,4,0.67,0.015000000000000013,0.10749999999999998,pra89cvp,baseline_german_gender_seed25,Baseline,25,
4,5,0.72,0.03499999999999992,0.14249999999999996,pra89cvp,baseline_german_gender_seed25,Baseline,25,
5,6,0.725,0.0050000000000000044,0.09000000000000002,pra89cvp,baseline_german_gender_seed25,Baseline,25,
6,7,0.715,0.0050000000000000044,0.040000000000000036,pra89cvp,baseline_german_gender_seed25,Baseline,25,
7,8,0.715,0.0050000000000000044,0.040000000000000036,pra89cvp,baseline_german_gender_seed25,Baseline,25,
8,9,0.715,0.0050000000000000044,0.065,pra89cvp,baseline_german_gender_seed25,Baseline,25,
9,10,0.72,0.04499999999999993,0.08499999999999996,pra89cvp,baseline_german_gender_seed25,Baseline,25,
10,11,0.715,0.08499999999999996,0.1175,pra89cvp,baseline_german_gender_seed25,Baseline,25,
11,12,0.725,0.07499999999999996,0.11249999999999999,pra89cvp,baseline_german_gender_seed25,Baseline,25,
12,13,0.73,0.08000000000000007,0.065,pra89cvp,baseline_german_gender_seed25,Baseline,25,
13,14,0.735,0.13,0.1275,pra89cvp,baseline_german_gender_seed25,Baseline,25,
14,15,0.755,0.15500000000000003,0.11499999999999999,pra89cvp,baseline_german_gender_seed25,Baseline,25,
15,16,0.75,0.18000000000000005,0.1275,pra89cvp,baseline_german_gender_seed25,Baseline,25,
16,17,0.75,0.17000000000000004,0.1475,pra89cvp,baseline_german_gender_seed25,Baseline,25,
17,18,0.75,0.16000000000000003,0.13000000000000003,pra89cvp,baseline_german_gender_seed25,Baseline,25,
18,19,0.745,0.16000000000000003,0.10500000000000004,pra89cvp,baseline_german_gender_seed25,Baseline,25,
19,20,0.74,0.15000000000000002,0.10000000000000003,pra89cvp,baseline_german_gender_seed25,Baseline,25,
20,21,0.74,0.15000000000000002,0.10000000000000003,pra89cvp,baseline_german_gender_seed25,Baseline,25,
21,22,0.74,0.15000000000000002,0.10000000000000003,pra89cvp,baseline_german_gender_seed25,Baseline,25,
22,23,0.735,0.15000000000000002,0.07500000000000001,pra89cvp,baseline_german_gender_seed25,Baseline,25,
23,24,0.735,0.14,0.08250000000000002,pra89cvp,baseline_german_gender_seed25,Baseline,25,
24,25,0.73,0.16500000000000004,0.09500000000000003,pra89cvp,baseline_german_gender_seed25,Baseline,25,
25,26,0.725,0.15500000000000003,0.09000000000000002,pra89cvp,baseline_german_gender_seed25,Baseline,25,
26,27,0.73,0.16500000000000004,0.09500000000000003,pra89cvp,baseline_german_gender_seed25,Baseline,25,
27,28,0.725,0.15500000000000003,0.09000000000000002,pra89cvp,baseline_german_gender_seed25,Baseline,25,
28,29,0.725,0.15500000000000003,0.09000000000000002,pra89cvp,baseline_german_gender_seed25,Baseline,25,
29,30,0.735,0.13,0.09000000000000002,pra89cvp,baseline_german_gender_seed25,Baseline,25,
0,1,0.585,0.08500000000000008,0.09250000000000003,l54hbsdw,baseline_german_gender_seed29,Baseline,29,
1,2,0.65,0.08999999999999997,0.10749999999999998,l54hbsdw,baseline_german_gender_seed29,Baseline,29,
2,3,0.685,0.09999999999999998,0.07500000000000001,l54hbsdw,baseline_german_gender_seed29,Baseline,29,
3,4,0.705,0.040000000000000036,0.07,l54hbsdw,baseline_german_gender_seed29,Baseline,29,
4,5,0.7,0.040000000000000036,0.044999999999999984,l54hbsdw,baseline_german_gender_seed29,Baseline,29,
5,6,0.705,0.030000000000000027,0.03999999999999998,l54hbsdw,baseline_german_gender_seed29,Baseline,29,
6,7,0.71,0.030000000000000027,0.027500000000000024,l54hbsdw,baseline_german_gender_seed29,Baseline,29,
7,8,0.695,0.025000000000000022,0.025000000000000022,l54hbsdw,baseline_german_gender_seed29,Baseline,29,
8,9,0.72,0.025000000000000022,0.03749999999999998,l54hbsdw,baseline_german_gender_seed29,Baseline,29,
9,10,0.74,0.019999999999999907,0.05999999999999994,l54hbsdw,baseline_german_gender_seed29,Baseline,29,
10,11,0.74,0.05500000000000005,0.07750000000000001,l54hbsdw,baseline_german_gender_seed29,Baseline,29,
11,12,0.735,0.025000000000000022,0.11249999999999999,l54hbsdw,baseline_german_gender_seed29,Baseline,29,
12,13,0.735,0.040000000000000036,0.09500000000000003,l54hbsdw,baseline_german_gender_seed29,Baseline,29,
13,14,0.74,0.05500000000000005,0.065,l54hbsdw,baseline_german_gender_seed29,Baseline,29,
14,15,0.735,0.03500000000000003,0.04250000000000004,l54hbsdw,baseline_german_gender_seed29,Baseline,29,
15,16,0.735,0.03500000000000003,0.04250000000000004,l54hbsdw,baseline_german_gender_seed29,Baseline,29,
16,17,0.73,0.025000000000000022,0.03750000000000003,l54hbsdw,baseline_german_gender_seed29,Baseline,29,
17,18,0.735,0.03500000000000003,0.030000000000000027,l54hbsdw,baseline_german_gender_seed29,Baseline,29,
18,19,0.73,0.025000000000000022,0.025000000000000022,l54hbsdw,baseline_german_gender_seed29,Baseline,29,
19,20,0.73,0.025000000000000022,0.025000000000000022,l54hbsdw,baseline_german_gender_seed29,Baseline,29,
20,21,0.725,0.04999999999999993,0.03749999999999998,l54hbsdw,baseline_german_gender_seed29,Baseline,29,
21,22,0.71,0.08999999999999997,0.057499999999999996,l54hbsdw,baseline_german_gender_seed29,Baseline,29,
22,23,0.7,0.10499999999999998,0.065,l54hbsdw,baseline_german_gender_seed29,Baseline,29,
23,24,0.7,0.09499999999999997,0.06,l54hbsdw,baseline_german_gender_seed29,Baseline,29,
24,25,0.705,0.09499999999999997,0.04749999999999999,l54hbsdw,baseline_german_gender_seed29,Baseline,29,
25,26,0.705,0.09499999999999997,0.04749999999999999,l54hbsdw,baseline_german_gender_seed29,Baseline,29,
26,27,0.705,0.09499999999999997,0.04749999999999999,l54hbsdw,baseline_german_gender_seed29,Baseline,29,
27,28,0.71,0.09499999999999997,0.06,l54hbsdw,baseline_german_gender_seed29,Baseline,29,
28,29,0.705,0.08500000000000008,0.05500000000000005,l54hbsdw,baseline_german_gender_seed29,Baseline,29,
29,30,0.705,0.08500000000000008,0.05500000000000005,l54hbsdw,baseline_german_gender_seed29,Baseline,29,
0,1,0.395,0.065,0.045000000000000005,4n6rt7or,baseline_german_gender_seed28,Baseline,28,
1,2,0.44,0.04999999999999999,0.024999999999999994,4n6rt7or,baseline_german_gender_seed28,Baseline,28,
2,3,0.52,0.18000000000000005,0.19000000000000003,4n6rt7or,baseline_german_gender_seed28,Baseline,28,
3,4,0.59,0.19999999999999996,0.16249999999999995,4n6rt7or,baseline_german_gender_seed28,Baseline,28,
4,5,0.64,0.16499999999999992,0.16999999999999998,4n6rt7or,baseline_german_gender_seed28,Baseline,28,
5,6,0.66,0.19500000000000006,0.14750000000000002,4n6rt7or,baseline_german_gender_seed28,Baseline,28,
6,7,0.685,0.11499999999999999,0.12,4n6rt7or,baseline_german_gender_seed28,Baseline,28,
7,8,0.69,0.07499999999999996,0.08749999999999997,4n6rt7or,baseline_german_gender_seed28,Baseline,28,
8,9,0.69,0.07499999999999996,0.08749999999999997,4n6rt7or,baseline_german_gender_seed28,Baseline,28,
9,10,0.695,0.06499999999999995,0.05749999999999994,4n6rt7or,baseline_german_gender_seed28,Baseline,28,
10,11,0.7,0.06499999999999995,0.08249999999999996,4n6rt7or,baseline_german_gender_seed28,Baseline,28,
11,12,0.705,0.08000000000000007,0.09000000000000008,4n6rt7or,baseline_german_gender_seed28,Baseline,28,
12,13,0.705,0.07000000000000006,0.07250000000000006,4n6rt7or,baseline_german_gender_seed28,Baseline,28,
13,14,0.72,0.07000000000000006,0.07250000000000001,4n6rt7or,baseline_german_gender_seed28,Baseline,28,
14,15,0.73,0.08500000000000008,0.05500000000000005,4n6rt7or,baseline_german_gender_seed28,Baseline,28,
15,16,0.735,0.135,0.08000000000000002,4n6rt7or,baseline_german_gender_seed28,Baseline,28,
16,17,0.735,0.125,0.08749999999999997,4n6rt7or,baseline_german_gender_seed28,Baseline,28,
17,18,0.745,0.125,0.08750000000000002,4n6rt7or,baseline_german_gender_seed28,Baseline,28,
18,19,0.745,0.15000000000000002,0.08750000000000002,4n6rt7or,baseline_german_gender_seed28,Baseline,28,
19,20,0.74,0.17500000000000004,0.10000000000000003,4n6rt7or,baseline_german_gender_seed28,Baseline,28,
20,21,0.735,0.13,0.07750000000000001,4n6rt7or,baseline_german_gender_seed28,Baseline,28,
21,22,0.735,0.13,0.07750000000000001,4n6rt7or,baseline_german_gender_seed28,Baseline,28,
22,23,0.73,0.12,0.07250000000000001,4n6rt7or,baseline_german_gender_seed28,Baseline,28,
23,24,0.73,0.12,0.07250000000000001,4n6rt7or,baseline_german_gender_seed28,Baseline,28,
24,25,0.73,0.12,0.07250000000000001,4n6rt7or,baseline_german_gender_seed28,Baseline,28,
25,26,0.73,0.12,0.07250000000000001,4n6rt7or,baseline_german_gender_seed28,Baseline,28,
26,27,0.72,0.09999999999999998,0.0625,4n6rt7or,baseline_german_gender_seed28,Baseline,28,
27,28,0.72,0.09999999999999998,0.0625,4n6rt7or,baseline_german_gender_seed28,Baseline,28,
28,29,0.72,0.09999999999999998,0.0625,4n6rt7or,baseline_german_gender_seed28,Baseline,28,
29,30,0.715,0.08999999999999997,0.057499999999999996,4n6rt7or,baseline_german_gender_seed28,Baseline,28,
0,1,0.64,0.04999999999999993,0.04999999999999999,1vc7txci,fixed_alpha0.05_german_gender_seed1,FixedAlpha_0.05,1,
1,2,0.675,0.03500000000000003,0.017500000000000016,1vc7txci,fixed_alpha0.05_german_gender_seed1,FixedAlpha_0.05,1,
2,3,0.685,0.039999999999999925,0.044999999999999984,1vc7txci,fixed_alpha0.05_german_gender_seed1,FixedAlpha_0.05,1,
3,4,0.69,0.029999999999999916,0.03999999999999998,1vc7txci,fixed_alpha0.05_german_gender_seed1,FixedAlpha_0.05,1,
4,5,0.7,0.010000000000000009,0.030000000000000027,1vc7txci,fixed_alpha0.05_german_gender_seed1,FixedAlpha_0.05,1,
5,6,0.705,0.0,0.025000000000000022,1vc7txci,fixed_alpha0.05_german_gender_seed1,FixedAlpha_0.05,1,
6,7,0.7,0.02499999999999991,0.03749999999999998,1vc7txci,fixed_alpha0.05_german_gender_seed1,FixedAlpha_0.05,1,
7,8,0.7,0.0050000000000000044,0.02749999999999997,1vc7txci,fixed_alpha0.05_german_gender_seed1,FixedAlpha_0.05,1,
8,9,0.71,0.0050000000000000044,0.05249999999999999,1vc7txci,fixed_alpha0.05_german_gender_seed1,FixedAlpha_0.05,1,
9,10,0.715,0.010000000000000009,0.017500000000000016,1vc7txci,fixed_alpha0.05_german_gender_seed1,FixedAlpha_0.05,1,
10,11,0.725,0.010000000000000009,0.04249999999999998,1vc7txci,fixed_alpha0.05_german_gender_seed1,FixedAlpha_0.05,1,
11,12,0.72,0.07500000000000007,0.11249999999999999,1vc7txci,fixed_alpha0.05_german_gender_seed1,FixedAlpha_0.05,1,
12,13,0.715,0.08999999999999997,0.10749999999999998,1vc7txci,fixed_alpha0.05_german_gender_seed1,FixedAlpha_0.05,1,
13,14,0.725,0.07500000000000007,0.10000000000000003,1vc7txci,fixed_alpha0.05_german_gender_seed1,FixedAlpha_0.05,1,
14,15,0.73,0.07500000000000007,0.050000000000000044,1vc7txci,fixed_alpha0.05_german_gender_seed1,FixedAlpha_0.05,1,
15,16,0.72,0.08999999999999997,0.057499999999999996,1vc7txci,fixed_alpha0.05_german_gender_seed1,FixedAlpha_0.05,1,
16,17,0.72,0.08999999999999997,0.057499999999999996,1vc7txci,fixed_alpha0.05_german_gender_seed1,FixedAlpha_0.05,1,
17,18,0.72,0.08999999999999997,0.057499999999999996,1vc7txci,fixed_alpha0.05_german_gender_seed1,FixedAlpha_0.05,1,
18,19,0.72,0.08999999999999997,0.057499999999999996,1vc7txci,fixed_alpha0.05_german_gender_seed1,FixedAlpha_0.05,1,
19,20,0.705,0.12,0.06,1vc7txci,fixed_alpha0.05_german_gender_seed1,FixedAlpha_0.05,1,
20,21,0.7,0.10999999999999999,0.05499999999999999,1vc7txci,fixed_alpha0.05_german_gender_seed1,FixedAlpha_0.05,1,
21,22,0.705,0.10999999999999999,0.0675,1vc7txci,fixed_alpha0.05_german_gender_seed1,FixedAlpha_0.05,1,
22,23,0.71,0.12,0.10999999999999999,1vc7txci,fixed_alpha0.05_german_gender_seed1,FixedAlpha_0.05,1,
23,24,0.71,0.12,0.10999999999999999,1vc7txci,fixed_alpha0.05_german_gender_seed1,FixedAlpha_0.05,1,
24,25,0.71,0.10999999999999999,0.1175,1vc7txci,fixed_alpha0.05_german_gender_seed1,FixedAlpha_0.05,1,
25,26,0.705,0.135,0.13,1vc7txci,fixed_alpha0.05_german_gender_seed1,FixedAlpha_0.05,1,
26,27,0.705,0.135,0.13,1vc7txci,fixed_alpha0.05_german_gender_seed1,FixedAlpha_0.05,1,
27,28,0.71,0.10999999999999999,0.1175,1vc7txci,fixed_alpha0.05_german_gender_seed1,FixedAlpha_0.05,1,
28,29,0.71,0.10999999999999999,0.1175,1vc7txci,fixed_alpha0.05_german_gender_seed1,FixedAlpha_0.05,1,
29,30,0.715,0.10999999999999999,0.09249999999999997,1vc7txci,fixed_alpha0.05_german_gender_seed1,FixedAlpha_0.05,1,
0,1,0.675,0.0050000000000000044,0.02749999999999997,gwz01xit,fixed_alpha0.05_german_gender_seed0,FixedAlpha_0.05,0,
1,2,0.685,0.05500000000000005,0.06500000000000006,gwz01xit,fixed_alpha0.05_german_gender_seed0,FixedAlpha_0.05,0,
2,3,0.71,0.015000000000000013,0.020000000000000018,gwz01xit,fixed_alpha0.05_german_gender_seed0,FixedAlpha_0.05,0,
3,4,0.72,0.030000000000000027,0.027500000000000024,gwz01xit,fixed_alpha0.05_german_gender_seed0,FixedAlpha_0.05,0,
4,5,0.71,0.015000000000000013,0.020000000000000018,gwz01xit,fixed_alpha0.05_german_gender_seed0,FixedAlpha_0.05,0,
5,6,0.72,0.015000000000000013,0.04500000000000004,gwz01xit,fixed_alpha0.05_german_gender_seed0,FixedAlpha_0.05,0,
6,7,0.725,0.010000000000000009,0.0675,gwz01xit,fixed_alpha0.05_german_gender_seed0,FixedAlpha_0.05,0,
7,8,0.715,0.039999999999999925,0.03249999999999997,gwz01xit,fixed_alpha0.05_german_gender_seed0,FixedAlpha_0.05,0,
8,9,0.73,0.07000000000000006,0.09750000000000003,gwz01xit,fixed_alpha0.05_german_gender_seed0,FixedAlpha_0.05,0,
9,10,0.75,0.06000000000000005,0.08000000000000002,gwz01xit,fixed_alpha0.05_german_gender_seed0,FixedAlpha_0.05,0,
10,11,0.745,0.07500000000000007,0.10000000000000003,gwz01xit,fixed_alpha0.05_german_gender_seed0,FixedAlpha_0.05,0,
11,12,0.74,0.09999999999999998,0.11249999999999999,gwz01xit,fixed_alpha0.05_german_gender_seed0,FixedAlpha_0.05,0,
12,13,0.755,0.10999999999999999,0.10499999999999998,gwz01xit,fixed_alpha0.05_german_gender_seed0,FixedAlpha_0.05,0,
13,14,0.755,0.09999999999999998,0.11249999999999999,gwz01xit,fixed_alpha0.05_german_gender_seed0,FixedAlpha_0.05,0,
14,15,0.75,0.08999999999999997,0.10749999999999998,gwz01xit,fixed_alpha0.05_german_gender_seed0,FixedAlpha_0.05,0,
15,16,0.745,0.11499999999999999,0.12,gwz01xit,fixed_alpha0.05_german_gender_seed0,FixedAlpha_0.05,0,
16,17,0.745,0.11499999999999999,0.12,gwz01xit,fixed_alpha0.05_german_gender_seed0,FixedAlpha_0.05,0,
17,18,0.745,0.11499999999999999,0.12,gwz01xit,fixed_alpha0.05_german_gender_seed0,FixedAlpha_0.05,0,
18,19,0.745,0.11499999999999999,0.12,gwz01xit,fixed_alpha0.05_german_gender_seed0,FixedAlpha_0.05,0,
19,20,0.745,0.11499999999999999,0.12,gwz01xit,fixed_alpha0.05_german_gender_seed0,FixedAlpha_0.05,0,
20,21,0.745,0.11499999999999999,0.12,gwz01xit,fixed_alpha0.05_german_gender_seed0,FixedAlpha_0.05,0,
21,22,0.74,0.10499999999999998,0.11499999999999999,gwz01xit,fixed_alpha0.05_german_gender_seed0,FixedAlpha_0.05,0,
22,23,0.74,0.10499999999999998,0.11499999999999999,gwz01xit,fixed_alpha0.05_german_gender_seed0,FixedAlpha_0.05,0,
23,24,0.735,0.13,0.1275,gwz01xit,fixed_alpha0.05_german_gender_seed0,FixedAlpha_0.05,0,
24,25,0.735,0.13,0.1275,gwz01xit,fixed_alpha0.05_german_gender_seed0,FixedAlpha_0.05,0,
25,26,0.745,0.13,0.11500000000000002,gwz01xit,fixed_alpha0.05_german_gender_seed0,FixedAlpha_0.05,0,
26,27,0.745,0.13,0.11500000000000002,gwz01xit,fixed_alpha0.05_german_gender_seed0,FixedAlpha_0.05,0,
27,28,0.745,0.13,0.11500000000000002,gwz01xit,fixed_alpha0.05_german_gender_seed0,FixedAlpha_0.05,0,
28,29,0.74,0.12,0.11000000000000001,gwz01xit,fixed_alpha0.05_german_gender_seed0,FixedAlpha_0.05,0,
29,30,0.74,0.10999999999999999,0.07999999999999999,gwz01xit,fixed_alpha0.05_german_gender_seed0,FixedAlpha_0.05,0,
0,1,0.54,0.1499999999999999,0.175,o2xbtfp3,fixed_alpha0.05_german_gender_seed2,FixedAlpha_0.05,2,
1,2,0.605,0.050000000000000044,0.11250000000000004,o2xbtfp3,fixed_alpha0.05_german_gender_seed2,FixedAlpha_0.05,2,
2,3,0.66,0.040000000000000036,0.09500000000000003,o2xbtfp3,fixed_alpha0.05_german_gender_seed2,FixedAlpha_0.05,2,
3,4,0.695,0.0,0.07499999999999996,o2xbtfp3,fixed_alpha0.05_german_gender_seed2,FixedAlpha_0.05,2,
4,5,0.7,0.010000000000000009,0.07999999999999996,o2xbtfp3,fixed_alpha0.05_german_gender_seed2,FixedAlpha_0.05,2,
5,6,0.71,0.03499999999999992,0.09249999999999997,o2xbtfp3,fixed_alpha0.05_german_gender_seed2,FixedAlpha_0.05,2,
6,7,0.71,0.05999999999999994,0.09249999999999997,o2xbtfp3,fixed_alpha0.05_german_gender_seed2,FixedAlpha_0.05,2,
7,8,0.71,0.10999999999999999,0.09249999999999997,o2xbtfp3,fixed_alpha0.05_german_gender_seed2,FixedAlpha_0.05,2,
8,9,0.71,0.1399999999999999,0.09499999999999997,o2xbtfp3,fixed_alpha0.05_german_gender_seed2,FixedAlpha_0.05,2,
9,10,0.695,0.16000000000000003,0.15500000000000003,o2xbtfp3,fixed_alpha0.05_german_gender_seed2,FixedAlpha_0.05,2,
10,11,0.72,0.16000000000000003,0.13,o2xbtfp3,fixed_alpha0.05_german_gender_seed2,FixedAlpha_0.05,2,
11,12,0.73,0.15000000000000002,0.125,o2xbtfp3,fixed_alpha0.05_german_gender_seed2,FixedAlpha_0.05,2,
12,13,0.725,0.13,0.10249999999999998,o2xbtfp3,fixed_alpha0.05_german_gender_seed2,FixedAlpha_0.05,2,
13,14,0.73,0.13,0.09000000000000002,o2xbtfp3,fixed_alpha0.05_german_gender_seed2,FixedAlpha_0.05,2,
14,15,0.73,0.13,0.09000000000000002,o2xbtfp3,fixed_alpha0.05_german_gender_seed2,FixedAlpha_0.05,2,
15,16,0.73,0.13,0.09000000000000002,o2xbtfp3,fixed_alpha0.05_german_gender_seed2,FixedAlpha_0.05,2,
16,17,0.735,0.10499999999999998,0.07750000000000001,o2xbtfp3,fixed_alpha0.05_german_gender_seed2,FixedAlpha_0.05,2,
17,18,0.735,0.10499999999999998,0.07750000000000001,o2xbtfp3,fixed_alpha0.05_german_gender_seed2,FixedAlpha_0.05,2,
18,19,0.74,0.07999999999999996,0.065,o2xbtfp3,fixed_alpha0.05_german_gender_seed2,FixedAlpha_0.05,2,
19,20,0.74,0.06999999999999995,0.04749999999999999,o2xbtfp3,fixed_alpha0.05_german_gender_seed2,FixedAlpha_0.05,2,
20,21,0.725,0.07499999999999996,0.04999999999999999,o2xbtfp3,fixed_alpha0.05_german_gender_seed2,FixedAlpha_0.05,2,
21,22,0.73,0.04999999999999993,0.03749999999999998,o2xbtfp3,fixed_alpha0.05_german_gender_seed2,FixedAlpha_0.05,2,
22,23,0.73,0.04999999999999993,0.03749999999999998,o2xbtfp3,fixed_alpha0.05_german_gender_seed2,FixedAlpha_0.05,2,
23,24,0.725,0.07499999999999996,0.04999999999999999,o2xbtfp3,fixed_alpha0.05_german_gender_seed2,FixedAlpha_0.05,2,
24,25,0.715,0.08999999999999997,0.057499999999999996,o2xbtfp3,fixed_alpha0.05_german_gender_seed2,FixedAlpha_0.05,2,
25,26,0.715,0.08999999999999997,0.057499999999999996,o2xbtfp3,fixed_alpha0.05_german_gender_seed2,FixedAlpha_0.05,2,
26,27,0.715,0.08999999999999997,0.057499999999999996,o2xbtfp3,fixed_alpha0.05_german_gender_seed2,FixedAlpha_0.05,2,
27,28,0.715,0.08999999999999997,0.057499999999999996,o2xbtfp3,fixed_alpha0.05_german_gender_seed2,FixedAlpha_0.05,2,
28,29,0.715,0.08999999999999997,0.057499999999999996,o2xbtfp3,fixed_alpha0.05_german_gender_seed2,FixedAlpha_0.05,2,
29,30,0.72,0.07499999999999996,0.04999999999999999,o2xbtfp3,fixed_alpha0.05_german_gender_seed2,FixedAlpha_0.05,2,
0,1,0.67,0.050000000000000044,0.03750000000000003,dvohzqdu,fixed_alpha0.05_german_gender_seed3,FixedAlpha_0.05,3,
1,2,0.69,0.05500000000000005,0.040000000000000036,dvohzqdu,fixed_alpha0.05_german_gender_seed3,FixedAlpha_0.05,3,
2,3,0.705,0.04999999999999993,0.07499999999999996,dvohzqdu,fixed_alpha0.05_german_gender_seed3,FixedAlpha_0.05,3,
3,4,0.695,0.07499999999999996,0.07500000000000001,dvohzqdu,fixed_alpha0.05_german_gender_seed3,FixedAlpha_0.05,3,
4,5,0.715,0.05999999999999994,0.05499999999999994,dvohzqdu,fixed_alpha0.05_german_gender_seed3,FixedAlpha_0.05,3,
5,6,0.71,0.010000000000000009,0.08000000000000002,dvohzqdu,fixed_alpha0.05_german_gender_seed3,FixedAlpha_0.05,3,
6,7,0.705,0.025000000000000022,0.07500000000000001,dvohzqdu,fixed_alpha0.05_german_gender_seed3,FixedAlpha_0.05,3,
7,8,0.71,0.030000000000000027,0.03999999999999998,dvohzqdu,fixed_alpha0.05_german_gender_seed3,FixedAlpha_0.05,3,
8,9,0.705,0.05500000000000005,0.05249999999999999,dvohzqdu,fixed_alpha0.05_german_gender_seed3,FixedAlpha_0.05,3,
9,10,0.705,0.04500000000000004,0.06,dvohzqdu,fixed_alpha0.05_german_gender_seed3,FixedAlpha_0.05,3,
10,11,0.705,0.03500000000000003,0.0675,dvohzqdu,fixed_alpha0.05_german_gender_seed3,FixedAlpha_0.05,3,
11,12,0.71,0.03500000000000003,0.04250000000000004,dvohzqdu,fixed_alpha0.05_german_gender_seed3,FixedAlpha_0.05,3,
12,13,0.715,0.0,0.0,dvohzqdu,fixed_alpha0.05_german_gender_seed3,FixedAlpha_0.05,3,
13,14,0.72,0.010000000000000009,0.0050000000000000044,dvohzqdu,fixed_alpha0.05_german_gender_seed3,FixedAlpha_0.05,3,
14,15,0.72,0.010000000000000009,0.0050000000000000044,dvohzqdu,fixed_alpha0.05_german_gender_seed3,FixedAlpha_0.05,3,
15,16,0.725,0.010000000000000009,0.017500000000000016,dvohzqdu,fixed_alpha0.05_german_gender_seed3,FixedAlpha_0.05,3,
16,17,0.72,0.0,0.012500000000000011,dvohzqdu,fixed_alpha0.05_german_gender_seed3,FixedAlpha_0.05,3,
17,18,0.725,0.0,0.024999999999999967,dvohzqdu,fixed_alpha0.05_german_gender_seed3,FixedAlpha_0.05,3,
18,19,0.73,0.0,0.03749999999999998,dvohzqdu,fixed_alpha0.05_german_gender_seed3,FixedAlpha_0.05,3,
19,20,0.725,0.025000000000000022,0.04999999999999999,dvohzqdu,fixed_alpha0.05_german_gender_seed3,FixedAlpha_0.05,3,
20,21,0.725,0.025000000000000022,0.04999999999999999,dvohzqdu,fixed_alpha0.05_german_gender_seed3,FixedAlpha_0.05,3,
21,22,0.725,0.025000000000000022,0.04999999999999999,dvohzqdu,fixed_alpha0.05_german_gender_seed3,FixedAlpha_0.05,3,
22,23,0.73,0.025000000000000022,0.0625,dvohzqdu,fixed_alpha0.05_german_gender_seed3,FixedAlpha_0.05,3,
23,24,0.73,0.025000000000000022,0.0625,dvohzqdu,fixed_alpha0.05_german_gender_seed3,FixedAlpha_0.05,3,
24,25,0.725,0.025000000000000022,0.04999999999999999,dvohzqdu,fixed_alpha0.05_german_gender_seed3,FixedAlpha_0.05,3,
25,26,0.725,0.0,0.024999999999999967,dvohzqdu,fixed_alpha0.05_german_gender_seed3,FixedAlpha_0.05,3,
26,27,0.73,0.0,0.03749999999999998,dvohzqdu,fixed_alpha0.05_german_gender_seed3,FixedAlpha_0.05,3,
27,28,0.73,0.0,0.03749999999999998,dvohzqdu,fixed_alpha0.05_german_gender_seed3,FixedAlpha_0.05,3,
28,29,0.73,0.03500000000000003,0.05499999999999999,dvohzqdu,fixed_alpha0.05_german_gender_seed3,FixedAlpha_0.05,3,
29,30,0.735,0.025000000000000022,0.04999999999999999,dvohzqdu,fixed_alpha0.05_german_gender_seed3,FixedAlpha_0.05,3,
0,1,0.38,0.010000000000000009,0.14250000000000002,m2fvp2od,fixed_alpha0.05_german_gender_seed5,FixedAlpha_0.05,5,
1,2,0.545,0.0050000000000000044,0.040000000000000036,m2fvp2od,fixed_alpha0.05_german_gender_seed5,FixedAlpha_0.05,5,
2,3,0.64,0.06499999999999995,0.10749999999999998,m2fvp2od,fixed_alpha0.05_german_gender_seed5,FixedAlpha_0.05,5,
3,4,0.66,0.010000000000000009,0.02999999999999997,m2fvp2od,fixed_alpha0.05_german_gender_seed5,FixedAlpha_0.05,5,
4,5,0.695,0.010000000000000009,0.02999999999999997,m2fvp2od,fixed_alpha0.05_german_gender_seed5,FixedAlpha_0.05,5,
5,6,0.7,0.020000000000000018,0.034999999999999976,m2fvp2od,fixed_alpha0.05_german_gender_seed5,FixedAlpha_0.05,5,
6,7,0.705,0.030000000000000027,0.03999999999999998,m2fvp2od,fixed_alpha0.05_german_gender_seed5,FixedAlpha_0.05,5,
7,8,0.71,0.030000000000000027,0.05249999999999999,m2fvp2od,fixed_alpha0.05_german_gender_seed5,FixedAlpha_0.05,5,
8,9,0.71,0.020000000000000018,0.06,m2fvp2od,fixed_alpha0.05_german_gender_seed5,FixedAlpha_0.05,5,
9,10,0.725,0.020000000000000018,0.06,m2fvp2od,fixed_alpha0.05_german_gender_seed5,FixedAlpha_0.05,5,
10,11,0.725,0.03499999999999992,0.09249999999999997,m2fvp2od,fixed_alpha0.05_german_gender_seed5,FixedAlpha_0.05,5,
11,12,0.725,0.04999999999999993,0.125,m2fvp2od,fixed_alpha0.05_german_gender_seed5,FixedAlpha_0.05,5,
12,13,0.735,0.030000000000000027,0.09000000000000002,m2fvp2od,fixed_alpha0.05_german_gender_seed5,FixedAlpha_0.05,5,
13,14,0.745,0.030000000000000027,0.07750000000000001,m2fvp2od,fixed_alpha0.05_german_gender_seed5,FixedAlpha_0.05,5,
14,15,0.74,0.05500000000000005,0.09000000000000002,m2fvp2od,fixed_alpha0.05_german_gender_seed5,FixedAlpha_0.05,5,
15,16,0.735,0.08000000000000007,0.10250000000000004,m2fvp2od,fixed_alpha0.05_german_gender_seed5,FixedAlpha_0.05,5,
16,17,0.73,0.07000000000000006,0.09750000000000003,m2fvp2od,fixed_alpha0.05_german_gender_seed5,FixedAlpha_0.05,5,
17,18,0.725,0.08500000000000008,0.11750000000000005,m2fvp2od,fixed_alpha0.05_german_gender_seed5,FixedAlpha_0.05,5,
18,19,0.73,0.08500000000000008,0.09250000000000003,m2fvp2od,fixed_alpha0.05_german_gender_seed5,FixedAlpha_0.05,5,
19,20,0.735,0.08500000000000008,0.10500000000000004,m2fvp2od,fixed_alpha0.05_german_gender_seed5,FixedAlpha_0.05,5,
20,21,0.745,0.07500000000000007,0.1375,m2fvp2od,fixed_alpha0.05_german_gender_seed5,FixedAlpha_0.05,5,
21,22,0.755,0.050000000000000044,0.10000000000000003,m2fvp2od,fixed_alpha0.05_german_gender_seed5,FixedAlpha_0.05,5,
22,23,0.755,0.050000000000000044,0.10000000000000003,m2fvp2od,fixed_alpha0.05_german_gender_seed5,FixedAlpha_0.05,5,
23,24,0.745,0.030000000000000027,0.09000000000000002,m2fvp2od,fixed_alpha0.05_german_gender_seed5,FixedAlpha_0.05,5,
24,25,0.745,0.0050000000000000044,0.07750000000000001,m2fvp2od,fixed_alpha0.05_german_gender_seed5,FixedAlpha_0.05,5,
25,26,0.75,0.0050000000000000044,0.05249999999999999,m2fvp2od,fixed_alpha0.05_german_gender_seed5,FixedAlpha_0.05,5,
26,27,0.755,0.0050000000000000044,0.05249999999999999,m2fvp2od,fixed_alpha0.05_german_gender_seed5,FixedAlpha_0.05,5,
27,28,0.745,0.0050000000000000044,0.07750000000000001,m2fvp2od,fixed_alpha0.05_german_gender_seed5,FixedAlpha_0.05,5,
28,29,0.745,0.0050000000000000044,0.07750000000000001,m2fvp2od,fixed_alpha0.05_german_gender_seed5,FixedAlpha_0.05,5,
29,30,0.745,0.020000000000000018,0.09750000000000003,m2fvp2od,fixed_alpha0.05_german_gender_seed5,FixedAlpha_0.05,5,
0,1,0.525,0.08500000000000008,0.14250000000000007,i5d1u3a3,fixed_alpha0.05_german_gender_seed4,FixedAlpha_0.05,4,
1,2,0.61,0.07500000000000007,0.1375,i5d1u3a3,fixed_alpha0.05_german_gender_seed4,FixedAlpha_0.05,4,
2,3,0.645,0.08500000000000008,0.09250000000000003,i5d1u3a3,fixed_alpha0.05_german_gender_seed4,FixedAlpha_0.05,4,
3,4,0.68,0.09499999999999997,0.10999999999999999,i5d1u3a3,fixed_alpha0.05_german_gender_seed4,FixedAlpha_0.05,4,
4,5,0.69,0.07999999999999996,0.10249999999999998,i5d1u3a3,fixed_alpha0.05_german_gender_seed4,FixedAlpha_0.05,4,
5,6,0.705,0.10499999999999998,0.10249999999999998,i5d1u3a3,fixed_alpha0.05_german_gender_seed4,FixedAlpha_0.05,4,
6,7,0.705,0.09499999999999997,0.08499999999999996,i5d1u3a3,fixed_alpha0.05_german_gender_seed4,FixedAlpha_0.05,4,
7,8,0.72,0.12,0.08500000000000002,i5d1u3a3,fixed_alpha0.05_german_gender_seed4,FixedAlpha_0.05,4,
8,9,0.72,0.10999999999999999,0.0675,i5d1u3a3,fixed_alpha0.05_german_gender_seed4,FixedAlpha_0.05,4,
9,10,0.735,0.10999999999999999,0.0675,i5d1u3a3,fixed_alpha0.05_german_gender_seed4,FixedAlpha_0.05,4,
10,11,0.735,0.09999999999999998,0.08749999999999997,i5d1u3a3,fixed_alpha0.05_german_gender_seed4,FixedAlpha_0.05,4,
11,12,0.73,0.07000000000000006,0.08500000000000002,i5d1u3a3,fixed_alpha0.05_german_gender_seed4,FixedAlpha_0.05,4,
12,13,0.725,0.06000000000000005,0.08000000000000002,i5d1u3a3,fixed_alpha0.05_german_gender_seed4,FixedAlpha_0.05,4,
13,14,0.73,0.050000000000000044,0.050000000000000044,i5d1u3a3,fixed_alpha0.05_german_gender_seed4,FixedAlpha_0.05,4,
14,15,0.73,0.015000000000000013,0.03250000000000003,i5d1u3a3,fixed_alpha0.05_german_gender_seed4,FixedAlpha_0.05,4,
15,16,0.735,0.015000000000000013,0.020000000000000018,i5d1u3a3,fixed_alpha0.05_german_gender_seed4,FixedAlpha_0.05,4,
16,17,0.73,0.040000000000000036,0.03250000000000003,i5d1u3a3,fixed_alpha0.05_german_gender_seed4,FixedAlpha_0.05,4,
17,18,0.725,0.030000000000000027,0.027500000000000024,i5d1u3a3,fixed_alpha0.05_german_gender_seed4,FixedAlpha_0.05,4,
18,19,0.73,0.030000000000000027,0.015000000000000013,i5d1u3a3,fixed_alpha0.05_german_gender_seed4,FixedAlpha_0.05,4,
19,20,0.725,0.05500000000000005,0.027500000000000024,i5d1u3a3,fixed_alpha0.05_german_gender_seed4,FixedAlpha_0.05,4,
20,21,0.74,0.05500000000000005,0.065,i5d1u3a3,fixed_alpha0.05_german_gender_seed4,FixedAlpha_0.05,4,
21,22,0.74,0.05500000000000005,0.065,i5d1u3a3,fixed_alpha0.05_german_gender_seed4,FixedAlpha_0.05,4,
22,23,0.74,0.05500000000000005,0.065,i5d1u3a3,fixed_alpha0.05_german_gender_seed4,FixedAlpha_0.05,4,
23,24,0.74,0.05500000000000005,0.065,i5d1u3a3,fixed_alpha0.05_german_gender_seed4,FixedAlpha_0.05,4,
24,25,0.74,0.05500000000000005,0.065,i5d1u3a3,fixed_alpha0.05_german_gender_seed4,FixedAlpha_0.05,4,
25,26,0.74,0.05500000000000005,0.065,i5d1u3a3,fixed_alpha0.05_german_gender_seed4,FixedAlpha_0.05,4,
26,27,0.745,0.05500000000000005,0.040000000000000036,i5d1u3a3,fixed_alpha0.05_german_gender_seed4,FixedAlpha_0.05,4,
27,28,0.745,0.05500000000000005,0.040000000000000036,i5d1u3a3,fixed_alpha0.05_german_gender_seed4,FixedAlpha_0.05,4,
28,29,0.735,0.10499999999999998,0.065,i5d1u3a3,fixed_alpha0.05_german_gender_seed4,FixedAlpha_0.05,4,
29,30,0.735,0.10499999999999998,0.065,i5d1u3a3,fixed_alpha0.05_german_gender_seed4,FixedAlpha_0.05,4,
0,1,0.69,0.010000000000000009,0.0050000000000000044,9f7lq76j,fixed_alpha0.05_german_gender_seed6,FixedAlpha_0.05,6,
1,2,0.695,0.02499999999999991,0.024999999999999967,9f7lq76j,fixed_alpha0.05_german_gender_seed6,FixedAlpha_0.05,6,
2,3,0.7,0.014999999999999902,0.007499999999999951,9f7lq76j,fixed_alpha0.05_german_gender_seed6,FixedAlpha_0.05,6,
3,4,0.695,0.0050000000000000044,0.0025000000000000022,9f7lq76j,fixed_alpha0.05_german_gender_seed6,FixedAlpha_0.05,6,
4,5,0.7,0.0050000000000000044,0.015000000000000013,9f7lq76j,fixed_alpha0.05_german_gender_seed6,FixedAlpha_0.05,6,
5,6,0.7,0.030000000000000027,0.03999999999999998,9f7lq76j,fixed_alpha0.05_german_gender_seed6,FixedAlpha_0.05,6,
6,7,0.715,0.030000000000000027,0.040000000000000036,9f7lq76j,fixed_alpha0.05_german_gender_seed6,FixedAlpha_0.05,6,
7,8,0.72,0.05500000000000005,0.040000000000000036,9f7lq76j,fixed_alpha0.05_german_gender_seed6,FixedAlpha_0.05,6,
8,9,0.725,0.08000000000000007,0.07750000000000001,9f7lq76j,fixed_alpha0.05_german_gender_seed6,FixedAlpha_0.05,6,
9,10,0.715,0.06000000000000005,0.0675,9f7lq76j,fixed_alpha0.05_german_gender_seed6,FixedAlpha_0.05,6,
10,11,0.71,0.08500000000000008,0.08000000000000002,9f7lq76j,fixed_alpha0.05_german_gender_seed6,FixedAlpha_0.05,6,
11,12,0.725,0.07500000000000007,0.050000000000000044,9f7lq76j,fixed_alpha0.05_german_gender_seed6,FixedAlpha_0.05,6,
12,13,0.715,0.14,0.10750000000000004,9f7lq76j,fixed_alpha0.05_german_gender_seed6,FixedAlpha_0.05,6,
13,14,0.715,0.14,0.10750000000000004,9f7lq76j,fixed_alpha0.05_german_gender_seed6,FixedAlpha_0.05,6,
14,15,0.72,0.14,0.08250000000000002,9f7lq76j,fixed_alpha0.05_german_gender_seed6,FixedAlpha_0.05,6,
15,16,0.715,0.16500000000000004,0.09500000000000003,9f7lq76j,fixed_alpha0.05_german_gender_seed6,FixedAlpha_0.05,6,
16,17,0.715,0.16500000000000004,0.09500000000000003,9f7lq76j,fixed_alpha0.05_german_gender_seed6,FixedAlpha_0.05,6,
17,18,0.715,0.17500000000000004,0.08750000000000002,9f7lq76j,fixed_alpha0.05_german_gender_seed6,FixedAlpha_0.05,6,
18,19,0.715,0.16500000000000004,0.10749999999999998,9f7lq76j,fixed_alpha0.05_german_gender_seed6,FixedAlpha_0.05,6,
19,20,0.71,0.15500000000000003,0.10249999999999998,9f7lq76j,fixed_alpha0.05_german_gender_seed6,FixedAlpha_0.05,6,
20,21,0.705,0.14500000000000002,0.09749999999999998,9f7lq76j,fixed_alpha0.05_german_gender_seed6,FixedAlpha_0.05,6,
21,22,0.7,0.17000000000000004,0.10999999999999999,9f7lq76j,fixed_alpha0.05_german_gender_seed6,FixedAlpha_0.05,6,
22,23,0.7,0.16000000000000003,0.09249999999999997,9f7lq76j,fixed_alpha0.05_german_gender_seed6,FixedAlpha_0.05,6,
23,24,0.705,0.17000000000000004,0.09749999999999998,9f7lq76j,fixed_alpha0.05_german_gender_seed6,FixedAlpha_0.05,6,
24,25,0.705,0.17000000000000004,0.09749999999999998,9f7lq76j,fixed_alpha0.05_german_gender_seed6,FixedAlpha_0.05,6,
25,26,0.705,0.17000000000000004,0.09749999999999998,9f7lq76j,fixed_alpha0.05_german_gender_seed6,FixedAlpha_0.05,6,
26,27,0.705,0.17000000000000004,0.09749999999999998,9f7lq76j,fixed_alpha0.05_german_gender_seed6,FixedAlpha_0.05,6,
27,28,0.705,0.17000000000000004,0.09749999999999998,9f7lq76j,fixed_alpha0.05_german_gender_seed6,FixedAlpha_0.05,6,
28,29,0.7,0.17000000000000004,0.10999999999999999,9f7lq76j,fixed_alpha0.05_german_gender_seed6,FixedAlpha_0.05,6,
29,30,0.705,0.17000000000000004,0.09749999999999998,9f7lq76j,fixed_alpha0.05_german_gender_seed6,FixedAlpha_0.05,6,
0,1,0.56,0.0050000000000000044,0.015000000000000013,rejb3wgo,fixed_alpha0.05_german_gender_seed7,FixedAlpha_0.05,7,
1,2,0.62,0.020000000000000018,0.02250000000000002,rejb3wgo,fixed_alpha0.05_german_gender_seed7,FixedAlpha_0.05,7,
2,3,0.675,0.020000000000000018,0.06,rejb3wgo,fixed_alpha0.05_german_gender_seed7,FixedAlpha_0.05,7,
3,4,0.69,0.029999999999999916,0.06499999999999995,rejb3wgo,fixed_alpha0.05_german_gender_seed7,FixedAlpha_0.05,7,
4,5,0.695,0.0,0.0,rejb3wgo,fixed_alpha0.05_german_gender_seed7,FixedAlpha_0.05,7,
5,6,0.695,0.03499999999999992,0.01749999999999996,rejb3wgo,fixed_alpha0.05_german_gender_seed7,FixedAlpha_0.05,7,
6,7,0.68,0.020000000000000018,0.03500000000000003,rejb3wgo,fixed_alpha0.05_german_gender_seed7,FixedAlpha_0.05,7,
7,8,0.685,0.010000000000000009,0.04249999999999998,rejb3wgo,fixed_alpha0.05_german_gender_seed7,FixedAlpha_0.05,7,
8,9,0.705,0.030000000000000027,0.05249999999999999,rejb3wgo,fixed_alpha0.05_german_gender_seed7,FixedAlpha_0.05,7,
9,10,0.71,0.040000000000000036,0.08250000000000002,rejb3wgo,fixed_alpha0.05_german_gender_seed7,FixedAlpha_0.05,7,
10,11,0.72,0.015000000000000013,0.03250000000000003,rejb3wgo,fixed_alpha0.05_german_gender_seed7,FixedAlpha_0.05,7,
11,12,0.715,0.03500000000000003,0.017500000000000016,rejb3wgo,fixed_alpha0.05_german_gender_seed7,FixedAlpha_0.05,7,
12,13,0.72,0.025000000000000022,0.024999999999999967,rejb3wgo,fixed_alpha0.05_german_gender_seed7,FixedAlpha_0.05,7,
13,14,0.72,0.07499999999999996,0.09999999999999995,rejb3wgo,fixed_alpha0.05_german_gender_seed7,FixedAlpha_0.05,7,
14,15,0.725,0.07499999999999996,0.0875,rejb3wgo,fixed_alpha0.05_german_gender_seed7,FixedAlpha_0.05,7,
15,16,0.72,0.07499999999999996,0.0625,rejb3wgo,fixed_alpha0.05_german_gender_seed7,FixedAlpha_0.05,7,
16,17,0.72,0.07499999999999996,0.0625,rejb3wgo,fixed_alpha0.05_german_gender_seed7,FixedAlpha_0.05,7,
17,18,0.725,0.08499999999999996,0.0675,rejb3wgo,fixed_alpha0.05_german_gender_seed7,FixedAlpha_0.05,7,
18,19,0.725,0.08499999999999996,0.0675,rejb3wgo,fixed_alpha0.05_german_gender_seed7,FixedAlpha_0.05,7,
19,20,0.725,0.08499999999999996,0.0675,rejb3wgo,fixed_alpha0.05_german_gender_seed7,FixedAlpha_0.05,7,
20,21,0.725,0.08499999999999996,0.0675,rejb3wgo,fixed_alpha0.05_german_gender_seed7,FixedAlpha_0.05,7,
21,22,0.73,0.09499999999999997,0.07250000000000001,rejb3wgo,fixed_alpha0.05_german_gender_seed7,FixedAlpha_0.05,7,
22,23,0.73,0.09499999999999997,0.07250000000000001,rejb3wgo,fixed_alpha0.05_german_gender_seed7,FixedAlpha_0.05,7,
23,24,0.735,0.09499999999999997,0.06,rejb3wgo,fixed_alpha0.05_german_gender_seed7,FixedAlpha_0.05,7,
24,25,0.735,0.09499999999999997,0.06,rejb3wgo,fixed_alpha0.05_german_gender_seed7,FixedAlpha_0.05,7,
25,26,0.725,0.07499999999999996,0.04999999999999999,rejb3wgo,fixed_alpha0.05_german_gender_seed7,FixedAlpha_0.05,7,
26,27,0.725,0.07499999999999996,0.04999999999999999,rejb3wgo,fixed_alpha0.05_german_gender_seed7,FixedAlpha_0.05,7,
27,28,0.72,0.06499999999999995,0.044999999999999984,rejb3wgo,fixed_alpha0.05_german_gender_seed7,FixedAlpha_0.05,7,
28,29,0.72,0.06499999999999995,0.044999999999999984,rejb3wgo,fixed_alpha0.05_german_gender_seed7,FixedAlpha_0.05,7,
29,30,0.72,0.06499999999999995,0.044999999999999984,rejb3wgo,fixed_alpha0.05_german_gender_seed7,FixedAlpha_0.05,7,
0,1,0.4,0.07,0.047500000000000014,omrh47hr,fixed_alpha0.05_german_gender_seed8,FixedAlpha_0.05,8,
1,2,0.535,0.09999999999999998,0.09999999999999998,omrh47hr,fixed_alpha0.05_german_gender_seed8,FixedAlpha_0.05,8,
2,3,0.615,0.05499999999999994,0.07749999999999996,omrh47hr,fixed_alpha0.05_german_gender_seed8,FixedAlpha_0.05,8,
3,4,0.665,0.010000000000000009,0.030000000000000027,omrh47hr,fixed_alpha0.05_german_gender_seed8,FixedAlpha_0.05,8,
4,5,0.67,0.029999999999999916,0.027499999999999913,omrh47hr,fixed_alpha0.05_german_gender_seed8,FixedAlpha_0.05,8,
5,6,0.69,0.015000000000000013,0.044999999999999984,omrh47hr,fixed_alpha0.05_german_gender_seed8,FixedAlpha_0.05,8,
6,7,0.695,0.015000000000000013,0.020000000000000018,omrh47hr,fixed_alpha0.05_german_gender_seed8,FixedAlpha_0.05,8,
7,8,0.695,0.015000000000000013,0.020000000000000018,omrh47hr,fixed_alpha0.05_german_gender_seed8,FixedAlpha_0.05,8,
8,9,0.715,0.0050000000000000044,0.03999999999999998,omrh47hr,fixed_alpha0.05_german_gender_seed8,FixedAlpha_0.05,8,
9,10,0.73,0.0050000000000000044,0.02749999999999997,omrh47hr,fixed_alpha0.05_german_gender_seed8,FixedAlpha_0.05,8,
10,11,0.73,0.015000000000000013,0.019999999999999962,omrh47hr,fixed_alpha0.05_german_gender_seed8,FixedAlpha_0.05,8,
11,12,0.725,0.02499999999999991,0.03749999999999998,omrh47hr,fixed_alpha0.05_german_gender_seed8,FixedAlpha_0.05,8,
12,13,0.73,0.014999999999999902,0.007499999999999951,omrh47hr,fixed_alpha0.05_german_gender_seed8,FixedAlpha_0.05,8,
13,14,0.75,0.014999999999999902,0.019999999999999907,omrh47hr,fixed_alpha0.05_german_gender_seed8,FixedAlpha_0.05,8,
14,15,0.745,0.0050000000000000044,0.02749999999999997,omrh47hr,fixed_alpha0.05_german_gender_seed8,FixedAlpha_0.05,8,
15,16,0.755,0.015000000000000013,0.020000000000000018,omrh47hr,fixed_alpha0.05_german_gender_seed8,FixedAlpha_0.05,8,
16,17,0.75,0.025000000000000022,0.025000000000000022,omrh47hr,fixed_alpha0.05_german_gender_seed8,FixedAlpha_0.05,8,
17,18,0.75,0.025000000000000022,0.025000000000000022,omrh47hr,fixed_alpha0.05_german_gender_seed8,FixedAlpha_0.05,8,
18,19,0.75,0.025000000000000022,0.025000000000000022,omrh47hr,fixed_alpha0.05_german_gender_seed8,FixedAlpha_0.05,8,
19,20,0.735,0.040000000000000036,0.03250000000000003,omrh47hr,fixed_alpha0.05_german_gender_seed8,FixedAlpha_0.05,8,
20,21,0.74,0.040000000000000036,0.03249999999999997,omrh47hr,fixed_alpha0.05_german_gender_seed8,FixedAlpha_0.05,8,
21,22,0.745,0.040000000000000036,0.020000000000000018,omrh47hr,fixed_alpha0.05_german_gender_seed8,FixedAlpha_0.05,8,
22,23,0.735,0.010000000000000009,0.0050000000000000044,omrh47hr,fixed_alpha0.05_german_gender_seed8,FixedAlpha_0.05,8,
23,24,0.74,0.010000000000000009,0.030000000000000027,omrh47hr,fixed_alpha0.05_german_gender_seed8,FixedAlpha_0.05,8,
24,25,0.725,0.04999999999999993,0.04999999999999999,omrh47hr,fixed_alpha0.05_german_gender_seed8,FixedAlpha_0.05,8,
25,26,0.72,0.039999999999999925,0.044999999999999984,omrh47hr,fixed_alpha0.05_german_gender_seed8,FixedAlpha_0.05,8,
26,27,0.72,0.039999999999999925,0.044999999999999984,omrh47hr,fixed_alpha0.05_german_gender_seed8,FixedAlpha_0.05,8,
27,28,0.72,0.039999999999999925,0.044999999999999984,omrh47hr,fixed_alpha0.05_german_gender_seed8,FixedAlpha_0.05,8,
28,29,0.725,0.015000000000000013,0.03250000000000003,omrh47hr,fixed_alpha0.05_german_gender_seed8,FixedAlpha_0.05,8,
29,30,0.725,0.039999999999999925,0.03249999999999997,omrh47hr,fixed_alpha0.05_german_gender_seed8,FixedAlpha_0.05,8,
0,1,0.435,0.10000000000000003,0.0625,yos3o3im,fixed_alpha0.05_german_gender_seed12,FixedAlpha_0.05,12,
1,2,0.57,0.020000000000000018,0.06,yos3o3im,fixed_alpha0.05_german_gender_seed12,FixedAlpha_0.05,12,
2,3,0.625,0.0050000000000000044,0.027500000000000024,yos3o3im,fixed_alpha0.05_german_gender_seed12,FixedAlpha_0.05,12,
3,4,0.685,0.0050000000000000044,0.05250000000000005,yos3o3im,fixed_alpha0.05_german_gender_seed12,FixedAlpha_0.05,12,
4,5,0.715,0.04999999999999993,0.062499999999999944,yos3o3im,fixed_alpha0.05_german_gender_seed12,FixedAlpha_0.05,12,
5,6,0.715,0.010000000000000009,0.0050000000000000044,yos3o3im,fixed_alpha0.05_german_gender_seed12,FixedAlpha_0.05,12,
6,7,0.715,0.0050000000000000044,0.0025000000000000022,yos3o3im,fixed_alpha0.05_german_gender_seed12,FixedAlpha_0.05,12,
7,8,0.72,0.0050000000000000044,0.015000000000000013,yos3o3im,fixed_alpha0.05_german_gender_seed12,FixedAlpha_0.05,12,
8,9,0.715,0.020000000000000018,0.03500000000000003,yos3o3im,fixed_alpha0.05_german_gender_seed12,FixedAlpha_0.05,12,
9,10,0.725,0.02499999999999991,0.062499999999999944,yos3o3im,fixed_alpha0.05_german_gender_seed12,FixedAlpha_0.05,12,
10,11,0.73,0.04999999999999993,0.0625,yos3o3im,fixed_alpha0.05_german_gender_seed12,FixedAlpha_0.05,12,
11,12,0.72,0.020000000000000018,0.06000000000000005,yos3o3im,fixed_alpha0.05_german_gender_seed12,FixedAlpha_0.05,12,
12,13,0.705,0.040000000000000036,0.09500000000000003,yos3o3im,fixed_alpha0.05_german_gender_seed12,FixedAlpha_0.05,12,
13,14,0.7,0.04500000000000004,0.08500000000000002,yos3o3im,fixed_alpha0.05_german_gender_seed12,FixedAlpha_0.05,12,
14,15,0.7,0.03500000000000003,0.09250000000000003,yos3o3im,fixed_alpha0.05_german_gender_seed12,FixedAlpha_0.05,12,
15,16,0.705,0.025000000000000022,0.07500000000000001,yos3o3im,fixed_alpha0.05_german_gender_seed12,FixedAlpha_0.05,12,
16,17,0.7,0.039999999999999925,0.057499999999999996,yos3o3im,fixed_alpha0.05_german_gender_seed12,FixedAlpha_0.05,12,
17,18,0.71,0.039999999999999925,0.04499999999999993,yos3o3im,fixed_alpha0.05_german_gender_seed12,FixedAlpha_0.05,12,
18,19,0.71,0.039999999999999925,0.04499999999999993,yos3o3im,fixed_alpha0.05_german_gender_seed12,FixedAlpha_0.05,12,
19,20,0.71,0.06499999999999995,0.03249999999999997,yos3o3im,fixed_alpha0.05_german_gender_seed12,FixedAlpha_0.05,12,
20,21,0.71,0.06499999999999995,0.03249999999999997,yos3o3im,fixed_alpha0.05_german_gender_seed12,FixedAlpha_0.05,12,
21,22,0.715,0.07499999999999996,0.03749999999999998,yos3o3im,fixed_alpha0.05_german_gender_seed12,FixedAlpha_0.05,12,
22,23,0.715,0.07499999999999996,0.03749999999999998,yos3o3im,fixed_alpha0.05_german_gender_seed12,FixedAlpha_0.05,12,
23,24,0.715,0.10999999999999999,0.05499999999999999,yos3o3im,fixed_alpha0.05_german_gender_seed12,FixedAlpha_0.05,12,
24,25,0.715,0.10999999999999999,0.05499999999999999,yos3o3im,fixed_alpha0.05_german_gender_seed12,FixedAlpha_0.05,12,
25,26,0.715,0.10999999999999999,0.05499999999999999,yos3o3im,fixed_alpha0.05_german_gender_seed12,FixedAlpha_0.05,12,
26,27,0.72,0.10999999999999999,0.0675,yos3o3im,fixed_alpha0.05_german_gender_seed12,FixedAlpha_0.05,12,
27,28,0.715,0.09999999999999998,0.0625,yos3o3im,fixed_alpha0.05_german_gender_seed12,FixedAlpha_0.05,12,
28,29,0.72,0.10999999999999999,0.0675,yos3o3im,fixed_alpha0.05_german_gender_seed12,FixedAlpha_0.05,12,
29,30,0.72,0.10999999999999999,0.0675,yos3o3im,fixed_alpha0.05_german_gender_seed12,FixedAlpha_0.05,12,
0,1,0.635,0.09000000000000008,0.12000000000000005,ledxneiq,fixed_alpha0.05_german_gender_seed10,FixedAlpha_0.05,10,
1,2,0.705,0.03500000000000003,0.09250000000000003,ledxneiq,fixed_alpha0.05_german_gender_seed10,FixedAlpha_0.05,10,
2,3,0.68,0.029999999999999916,0.052499999999999936,ledxneiq,fixed_alpha0.05_german_gender_seed10,FixedAlpha_0.05,10,
3,4,0.695,0.010000000000000009,0.02999999999999997,ledxneiq,fixed_alpha0.05_german_gender_seed10,FixedAlpha_0.05,10,
4,5,0.69,0.010000000000000009,0.01749999999999996,ledxneiq,fixed_alpha0.05_german_gender_seed10,FixedAlpha_0.05,10,
5,6,0.685,0.010000000000000009,0.0050000000000000044,ledxneiq,fixed_alpha0.05_german_gender_seed10,FixedAlpha_0.05,10,
6,7,0.7,0.010000000000000009,0.0050000000000000044,ledxneiq,fixed_alpha0.05_german_gender_seed10,FixedAlpha_0.05,10,
7,8,0.72,0.0,0.012499999999999956,ledxneiq,fixed_alpha0.05_german_gender_seed10,FixedAlpha_0.05,10,
8,9,0.735,0.0,0.012500000000000011,ledxneiq,fixed_alpha0.05_german_gender_seed10,FixedAlpha_0.05,10,
9,10,0.745,0.010000000000000009,0.017500000000000016,ledxneiq,fixed_alpha0.05_german_gender_seed10,FixedAlpha_0.05,10,
10,11,0.745,0.0050000000000000044,0.015000000000000013,ledxneiq,fixed_alpha0.05_german_gender_seed10,FixedAlpha_0.05,10,
11,12,0.735,0.020000000000000018,0.02250000000000002,ledxneiq,fixed_alpha0.05_german_gender_seed10,FixedAlpha_0.05,10,
12,13,0.73,0.020000000000000018,0.02250000000000002,ledxneiq,fixed_alpha0.05_german_gender_seed10,FixedAlpha_0.05,10,
13,14,0.73,0.020000000000000018,0.02250000000000002,ledxneiq,fixed_alpha0.05_german_gender_seed10,FixedAlpha_0.05,10,
14,15,0.725,0.010000000000000009,0.017500000000000016,ledxneiq,fixed_alpha0.05_german_gender_seed10,FixedAlpha_0.05,10,
15,16,0.715,0.0,0.03750000000000003,ledxneiq,fixed_alpha0.05_german_gender_seed10,FixedAlpha_0.05,10,
16,17,0.71,0.010000000000000009,0.04250000000000004,ledxneiq,fixed_alpha0.05_german_gender_seed10,FixedAlpha_0.05,10,
17,18,0.715,0.010000000000000009,0.017500000000000016,ledxneiq,fixed_alpha0.05_german_gender_seed10,FixedAlpha_0.05,10,
18,19,0.705,0.06499999999999995,0.05749999999999994,ledxneiq,fixed_alpha0.05_german_gender_seed10,FixedAlpha_0.05,10,
19,20,0.705,0.08999999999999997,0.08249999999999996,ledxneiq,fixed_alpha0.05_german_gender_seed10,FixedAlpha_0.05,10,
20,21,0.705,0.08999999999999997,0.08249999999999996,ledxneiq,fixed_alpha0.05_german_gender_seed10,FixedAlpha_0.05,10,
21,22,0.69,0.15499999999999992,0.12749999999999995,ledxneiq,fixed_alpha0.05_german_gender_seed10,FixedAlpha_0.05,10,
22,23,0.69,0.15499999999999992,0.12749999999999995,ledxneiq,fixed_alpha0.05_german_gender_seed10,FixedAlpha_0.05,10,
23,24,0.705,0.13,0.10250000000000004,ledxneiq,fixed_alpha0.05_german_gender_seed10,FixedAlpha_0.05,10,
24,25,0.705,0.13,0.10250000000000004,ledxneiq,fixed_alpha0.05_german_gender_seed10,FixedAlpha_0.05,10,
25,26,0.7,0.14,0.15750000000000003,ledxneiq,fixed_alpha0.05_german_gender_seed10,FixedAlpha_0.05,10,
26,27,0.7,0.16499999999999992,0.14499999999999996,ledxneiq,fixed_alpha0.05_german_gender_seed10,FixedAlpha_0.05,10,
27,28,0.7,0.16499999999999992,0.14499999999999996,ledxneiq,fixed_alpha0.05_german_gender_seed10,FixedAlpha_0.05,10,
28,29,0.71,0.16499999999999992,0.13249999999999998,ledxneiq,fixed_alpha0.05_german_gender_seed10,FixedAlpha_0.05,10,
29,30,0.705,0.15499999999999992,0.12749999999999997,ledxneiq,fixed_alpha0.05_german_gender_seed10,FixedAlpha_0.05,10,
0,1,0.635,0.0050000000000000044,0.015000000000000013,d7v177yg,fixed_alpha0.05_german_gender_seed11,FixedAlpha_0.05,11,
1,2,0.675,0.0,0.025000000000000022,d7v177yg,fixed_alpha0.05_german_gender_seed11,FixedAlpha_0.05,11,
2,3,0.68,0.020000000000000018,0.02250000000000002,d7v177yg,fixed_alpha0.05_german_gender_seed11,FixedAlpha_0.05,11,
3,4,0.685,0.010000000000000009,0.0050000000000000044,d7v177yg,fixed_alpha0.05_german_gender_seed11,FixedAlpha_0.05,11,
4,5,0.695,0.0,0.0,d7v177yg,fixed_alpha0.05_german_gender_seed11,FixedAlpha_0.05,11,
5,6,0.7,0.014999999999999902,0.007499999999999951,d7v177yg,fixed_alpha0.05_german_gender_seed11,FixedAlpha_0.05,11,
6,7,0.725,0.014999999999999902,0.03249999999999997,d7v177yg,fixed_alpha0.05_german_gender_seed11,FixedAlpha_0.05,11,
7,8,0.72,0.010000000000000009,0.017500000000000016,d7v177yg,fixed_alpha0.05_german_gender_seed11,FixedAlpha_0.05,11,
8,9,0.72,0.025000000000000022,0.03749999999999998,d7v177yg,fixed_alpha0.05_german_gender_seed11,FixedAlpha_0.05,11,
9,10,0.715,0.040000000000000036,0.07,d7v177yg,fixed_alpha0.05_german_gender_seed11,FixedAlpha_0.05,11,
10,11,0.715,0.040000000000000036,0.07,d7v177yg,fixed_alpha0.05_german_gender_seed11,FixedAlpha_0.05,11,
11,12,0.7,0.010000000000000009,0.05499999999999999,d7v177yg,fixed_alpha0.05_german_gender_seed11,FixedAlpha_0.05,11,
12,13,0.715,0.020000000000000018,0.07250000000000001,d7v177yg,fixed_alpha0.05_german_gender_seed11,FixedAlpha_0.05,11,
13,14,0.71,0.07999999999999996,0.10249999999999998,d7v177yg,fixed_alpha0.05_german_gender_seed11,FixedAlpha_0.05,11,
14,15,0.7,0.04999999999999993,0.03749999999999998,d7v177yg,fixed_alpha0.05_german_gender_seed11,FixedAlpha_0.05,11,
15,16,0.7,0.04999999999999993,0.03749999999999998,d7v177yg,fixed_alpha0.05_german_gender_seed11,FixedAlpha_0.05,11,
16,17,0.7,0.06499999999999995,0.05749999999999994,d7v177yg,fixed_alpha0.05_german_gender_seed11,FixedAlpha_0.05,11,
17,18,0.705,0.06499999999999995,0.04499999999999993,d7v177yg,fixed_alpha0.05_german_gender_seed11,FixedAlpha_0.05,11,
18,19,0.705,0.06499999999999995,0.04499999999999993,d7v177yg,fixed_alpha0.05_german_gender_seed11,FixedAlpha_0.05,11,
19,20,0.71,0.07499999999999996,0.04999999999999993,d7v177yg,fixed_alpha0.05_german_gender_seed11,FixedAlpha_0.05,11,
20,21,0.71,0.07499999999999996,0.04999999999999993,d7v177yg,fixed_alpha0.05_german_gender_seed11,FixedAlpha_0.05,11,
21,22,0.715,0.08499999999999996,0.05499999999999994,d7v177yg,fixed_alpha0.05_german_gender_seed11,FixedAlpha_0.05,11,
22,23,0.705,0.135,0.07999999999999996,d7v177yg,fixed_alpha0.05_german_gender_seed11,FixedAlpha_0.05,11,
23,24,0.71,0.135,0.0675,d7v177yg,fixed_alpha0.05_german_gender_seed11,FixedAlpha_0.05,11,
24,25,0.71,0.135,0.0675,d7v177yg,fixed_alpha0.05_german_gender_seed11,FixedAlpha_0.05,11,
25,26,0.7,0.11499999999999999,0.057499999999999996,d7v177yg,fixed_alpha0.05_german_gender_seed11,FixedAlpha_0.05,11,
26,27,0.7,0.11499999999999999,0.057499999999999996,d7v177yg,fixed_alpha0.05_german_gender_seed11,FixedAlpha_0.05,11,
27,28,0.7,0.11499999999999999,0.057499999999999996,d7v177yg,fixed_alpha0.05_german_gender_seed11,FixedAlpha_0.05,11,
28,29,0.705,0.08999999999999997,0.044999999999999984,d7v177yg,fixed_alpha0.05_german_gender_seed11,FixedAlpha_0.05,11,
29,30,0.705,0.08999999999999997,0.044999999999999984,d7v177yg,fixed_alpha0.05_german_gender_seed11,FixedAlpha_0.05,11,
0,1,0.43,0.06,0.04249999999999998,b1ir0v0v,fixed_alpha0.05_german_gender_seed9,FixedAlpha_0.05,9,
1,2,0.545,0.02499999999999991,0.06249999999999997,b1ir0v0v,fixed_alpha0.05_german_gender_seed9,FixedAlpha_0.05,9,
2,3,0.65,0.030000000000000027,0.09000000000000002,b1ir0v0v,fixed_alpha0.05_german_gender_seed9,FixedAlpha_0.05,9,
3,4,0.69,0.06000000000000005,0.08000000000000002,b1ir0v0v,fixed_alpha0.05_german_gender_seed9,FixedAlpha_0.05,9,
4,5,0.72,0.05499999999999994,0.02749999999999997,b1ir0v0v,fixed_alpha0.05_german_gender_seed9,FixedAlpha_0.05,9,
5,6,0.725,0.040000000000000036,0.03250000000000003,b1ir0v0v,fixed_alpha0.05_german_gender_seed9,FixedAlpha_0.05,9,
6,7,0.72,0.040000000000000036,0.03250000000000003,b1ir0v0v,fixed_alpha0.05_german_gender_seed9,FixedAlpha_0.05,9,
7,8,0.73,0.040000000000000036,0.05750000000000005,b1ir0v0v,fixed_alpha0.05_german_gender_seed9,FixedAlpha_0.05,9,
8,9,0.72,0.06999999999999995,0.09749999999999998,b1ir0v0v,fixed_alpha0.05_german_gender_seed9,FixedAlpha_0.05,9,
9,10,0.72,0.05999999999999994,0.06749999999999995,b1ir0v0v,fixed_alpha0.05_german_gender_seed9,FixedAlpha_0.05,9,
10,11,0.74,0.05999999999999994,0.04249999999999998,b1ir0v0v,fixed_alpha0.05_german_gender_seed9,FixedAlpha_0.05,9,
11,12,0.755,0.10999999999999999,0.05499999999999999,b1ir0v0v,fixed_alpha0.05_german_gender_seed9,FixedAlpha_0.05,9,
12,13,0.75,0.08999999999999997,0.057499999999999996,b1ir0v0v,fixed_alpha0.05_german_gender_seed9,FixedAlpha_0.05,9,
13,14,0.76,0.08999999999999997,0.044999999999999984,b1ir0v0v,fixed_alpha0.05_german_gender_seed9,FixedAlpha_0.05,9,
14,15,0.76,0.11499999999999999,0.07,b1ir0v0v,fixed_alpha0.05_german_gender_seed9,FixedAlpha_0.05,9,
15,16,0.76,0.09500000000000008,0.08500000000000002,b1ir0v0v,fixed_alpha0.05_german_gender_seed9,FixedAlpha_0.05,9,
16,17,0.765,0.09500000000000008,0.09750000000000003,b1ir0v0v,fixed_alpha0.05_german_gender_seed9,FixedAlpha_0.05,9,
17,18,0.765,0.09500000000000008,0.09750000000000003,b1ir0v0v,fixed_alpha0.05_german_gender_seed9,FixedAlpha_0.05,9,
18,19,0.76,0.08500000000000008,0.09250000000000003,b1ir0v0v,fixed_alpha0.05_german_gender_seed9,FixedAlpha_0.05,9,
19,20,0.755,0.10999999999999999,0.10499999999999998,b1ir0v0v,fixed_alpha0.05_german_gender_seed9,FixedAlpha_0.05,9,
20,21,0.75,0.10999999999999999,0.13,b1ir0v0v,fixed_alpha0.05_german_gender_seed9,FixedAlpha_0.05,9,
21,22,0.745,0.09999999999999998,0.125,b1ir0v0v,fixed_alpha0.05_german_gender_seed9,FixedAlpha_0.05,9,
22,23,0.735,0.11499999999999999,0.1325,b1ir0v0v,fixed_alpha0.05_german_gender_seed9,FixedAlpha_0.05,9,
23,24,0.725,0.09499999999999997,0.1225,b1ir0v0v,fixed_alpha0.05_german_gender_seed9,FixedAlpha_0.05,9,
24,25,0.725,0.09499999999999997,0.1225,b1ir0v0v,fixed_alpha0.05_german_gender_seed9,FixedAlpha_0.05,9,
25,26,0.73,0.09499999999999997,0.135,b1ir0v0v,fixed_alpha0.05_german_gender_seed9,FixedAlpha_0.05,9,
26,27,0.735,0.09499999999999997,0.1475,b1ir0v0v,fixed_alpha0.05_german_gender_seed9,FixedAlpha_0.05,9,
27,28,0.73,0.09499999999999997,0.135,b1ir0v0v,fixed_alpha0.05_german_gender_seed9,FixedAlpha_0.05,9,
28,29,0.735,0.09499999999999997,0.1475,b1ir0v0v,fixed_alpha0.05_german_gender_seed9,FixedAlpha_0.05,9,
29,30,0.735,0.09499999999999997,0.1475,b1ir0v0v,fixed_alpha0.05_german_gender_seed9,FixedAlpha_0.05,9,
0,1,0.68,0.03500000000000003,0.017500000000000016,yxlfcfai,fixed_alpha0.05_german_gender_seed14,FixedAlpha_0.05,14,
1,2,0.68,0.04499999999999993,0.03499999999999992,yxlfcfai,fixed_alpha0.05_german_gender_seed14,FixedAlpha_0.05,14,
2,3,0.685,0.0050000000000000044,0.09000000000000002,yxlfcfai,fixed_alpha0.05_german_gender_seed14,FixedAlpha_0.05,14,
3,4,0.685,0.020000000000000018,0.1225,yxlfcfai,fixed_alpha0.05_german_gender_seed14,FixedAlpha_0.05,14,
4,5,0.69,0.03500000000000003,0.13,yxlfcfai,fixed_alpha0.05_german_gender_seed14,FixedAlpha_0.05,14,
5,6,0.695,0.04500000000000004,0.135,yxlfcfai,fixed_alpha0.05_german_gender_seed14,FixedAlpha_0.05,14,
6,7,0.7,0.04500000000000004,0.11000000000000004,yxlfcfai,fixed_alpha0.05_german_gender_seed14,FixedAlpha_0.05,14,
7,8,0.71,0.07000000000000006,0.1225,yxlfcfai,fixed_alpha0.05_german_gender_seed14,FixedAlpha_0.05,14,
8,9,0.7,0.07500000000000007,0.1375,yxlfcfai,fixed_alpha0.05_german_gender_seed14,FixedAlpha_0.05,14,
9,10,0.69,0.08999999999999997,0.14499999999999996,yxlfcfai,fixed_alpha0.05_german_gender_seed14,FixedAlpha_0.05,14,
10,11,0.695,0.11499999999999999,0.14500000000000002,yxlfcfai,fixed_alpha0.05_german_gender_seed14,FixedAlpha_0.05,14,
11,12,0.69,0.10499999999999998,0.14,yxlfcfai,fixed_alpha0.05_german_gender_seed14,FixedAlpha_0.05,14,
12,13,0.7,0.08499999999999996,0.0675,yxlfcfai,fixed_alpha0.05_german_gender_seed14,FixedAlpha_0.05,14,
13,14,0.69,0.06499999999999995,0.057499999999999996,yxlfcfai,fixed_alpha0.05_german_gender_seed14,FixedAlpha_0.05,14,
14,15,0.69,0.06499999999999995,0.057499999999999996,yxlfcfai,fixed_alpha0.05_german_gender_seed14,FixedAlpha_0.05,14,
15,16,0.695,0.06499999999999995,0.07,yxlfcfai,fixed_alpha0.05_german_gender_seed14,FixedAlpha_0.05,14,
16,17,0.695,0.05499999999999994,0.03999999999999998,yxlfcfai,fixed_alpha0.05_german_gender_seed14,FixedAlpha_0.05,14,
17,18,0.695,0.05499999999999994,0.03999999999999998,yxlfcfai,fixed_alpha0.05_german_gender_seed14,FixedAlpha_0.05,14,
18,19,0.695,0.03500000000000003,0.05499999999999999,yxlfcfai,fixed_alpha0.05_german_gender_seed14,FixedAlpha_0.05,14,
19,20,0.69,0.025000000000000022,0.04999999999999999,yxlfcfai,fixed_alpha0.05_german_gender_seed14,FixedAlpha_0.05,14,
20,21,0.685,0.015000000000000013,0.044999999999999984,yxlfcfai,fixed_alpha0.05_german_gender_seed14,FixedAlpha_0.05,14,
21,22,0.685,0.015000000000000013,0.044999999999999984,yxlfcfai,fixed_alpha0.05_german_gender_seed14,FixedAlpha_0.05,14,
22,23,0.685,0.015000000000000013,0.044999999999999984,yxlfcfai,fixed_alpha0.05_german_gender_seed14,FixedAlpha_0.05,14,
23,24,0.685,0.015000000000000013,0.044999999999999984,yxlfcfai,fixed_alpha0.05_german_gender_seed14,FixedAlpha_0.05,14,
24,25,0.685,0.015000000000000013,0.044999999999999984,yxlfcfai,fixed_alpha0.05_german_gender_seed14,FixedAlpha_0.05,14,
25,26,0.69,0.025000000000000022,0.04999999999999999,yxlfcfai,fixed_alpha0.05_german_gender_seed14,FixedAlpha_0.05,14,
26,27,0.69,0.015000000000000013,0.020000000000000018,yxlfcfai,fixed_alpha0.05_german_gender_seed14,FixedAlpha_0.05,14,
27,28,0.695,0.025000000000000022,0.025000000000000022,yxlfcfai,fixed_alpha0.05_german_gender_seed14,FixedAlpha_0.05,14,
28,29,0.685,0.025000000000000022,0.03749999999999998,yxlfcfai,fixed_alpha0.05_german_gender_seed14,FixedAlpha_0.05,14,
29,30,0.695,0.03500000000000003,0.05499999999999999,yxlfcfai,fixed_alpha0.05_german_gender_seed14,FixedAlpha_0.05,14,
0,1,0.615,0.08000000000000007,0.05250000000000005,9gjl6hhl,fixed_alpha0.05_german_gender_seed13,FixedAlpha_0.05,13,
1,2,0.675,0.0,0.0,9gjl6hhl,fixed_alpha0.05_german_gender_seed13,FixedAlpha_0.05,13,
2,3,0.705,0.010000000000000009,0.017500000000000016,9gjl6hhl,fixed_alpha0.05_german_gender_seed13,FixedAlpha_0.05,13,
3,4,0.715,0.0050000000000000044,0.015000000000000013,9gjl6hhl,fixed_alpha0.05_german_gender_seed13,FixedAlpha_0.05,13,
4,5,0.715,0.020000000000000018,0.02250000000000002,9gjl6hhl,fixed_alpha0.05_german_gender_seed13,FixedAlpha_0.05,13,
5,6,0.715,0.020000000000000018,0.03500000000000003,9gjl6hhl,fixed_alpha0.05_german_gender_seed13,FixedAlpha_0.05,13,
6,7,0.71,0.0,0.03750000000000003,9gjl6hhl,fixed_alpha0.05_german_gender_seed13,FixedAlpha_0.05,13,
7,8,0.715,0.014999999999999902,0.04499999999999993,9gjl6hhl,fixed_alpha0.05_german_gender_seed13,FixedAlpha_0.05,13,
8,9,0.7,0.0,0.025000000000000022,9gjl6hhl,fixed_alpha0.05_german_gender_seed13,FixedAlpha_0.05,13,
9,10,0.71,0.010000000000000009,0.017500000000000016,9gjl6hhl,fixed_alpha0.05_german_gender_seed13,FixedAlpha_0.05,13,
10,11,0.72,0.015000000000000013,0.020000000000000018,9gjl6hhl,fixed_alpha0.05_german_gender_seed13,FixedAlpha_0.05,13,
11,12,0.71,0.06500000000000006,0.04500000000000004,9gjl6hhl,fixed_alpha0.05_german_gender_seed13,FixedAlpha_0.05,13,
12,13,0.71,0.08999999999999997,0.044999999999999984,9gjl6hhl,fixed_alpha0.05_german_gender_seed13,FixedAlpha_0.05,13,
13,14,0.72,0.07999999999999996,0.07750000000000001,9gjl6hhl,fixed_alpha0.05_german_gender_seed13,FixedAlpha_0.05,13,
14,15,0.72,0.06999999999999995,0.08499999999999996,9gjl6hhl,fixed_alpha0.05_german_gender_seed13,FixedAlpha_0.05,13,
15,16,0.725,0.06999999999999995,0.09749999999999998,9gjl6hhl,fixed_alpha0.05_german_gender_seed13,FixedAlpha_0.05,13,
16,17,0.72,0.05999999999999994,0.09249999999999997,9gjl6hhl,fixed_alpha0.05_german_gender_seed13,FixedAlpha_0.05,13,
17,18,0.725,0.05999999999999994,0.06749999999999995,9gjl6hhl,fixed_alpha0.05_german_gender_seed13,FixedAlpha_0.05,13,
18,19,0.725,0.04999999999999993,0.07499999999999996,9gjl6hhl,fixed_alpha0.05_german_gender_seed13,FixedAlpha_0.05,13,
19,20,0.73,0.04999999999999993,0.08749999999999997,9gjl6hhl,fixed_alpha0.05_german_gender_seed13,FixedAlpha_0.05,13,
20,21,0.73,0.04999999999999993,0.08749999999999997,9gjl6hhl,fixed_alpha0.05_german_gender_seed13,FixedAlpha_0.05,13,
21,22,0.72,0.039999999999999925,0.06999999999999995,9gjl6hhl,fixed_alpha0.05_german_gender_seed13,FixedAlpha_0.05,13,
22,23,0.715,0.029999999999999916,0.06499999999999995,9gjl6hhl,fixed_alpha0.05_german_gender_seed13,FixedAlpha_0.05,13,
23,24,0.715,0.029999999999999916,0.06499999999999995,9gjl6hhl,fixed_alpha0.05_german_gender_seed13,FixedAlpha_0.05,13,
24,25,0.715,0.029999999999999916,0.06499999999999995,9gjl6hhl,fixed_alpha0.05_german_gender_seed13,FixedAlpha_0.05,13,
25,26,0.72,0.039999999999999925,0.06999999999999995,9gjl6hhl,fixed_alpha0.05_german_gender_seed13,FixedAlpha_0.05,13,
26,27,0.72,0.039999999999999925,0.06999999999999995,9gjl6hhl,fixed_alpha0.05_german_gender_seed13,FixedAlpha_0.05,13,
27,28,0.72,0.039999999999999925,0.06999999999999995,9gjl6hhl,fixed_alpha0.05_german_gender_seed13,FixedAlpha_0.05,13,
28,29,0.72,0.039999999999999925,0.06999999999999995,9gjl6hhl,fixed_alpha0.05_german_gender_seed13,FixedAlpha_0.05,13,
29,30,0.725,0.04999999999999993,0.07499999999999996,9gjl6hhl,fixed_alpha0.05_german_gender_seed13,FixedAlpha_0.05,13,
0,1,0.5,0.06,0.1675,1uaxqpkh,fixed_alpha0.05_german_gender_seed16,FixedAlpha_0.05,16,
1,2,0.585,0.05500000000000005,0.17750000000000005,1uaxqpkh,fixed_alpha0.05_german_gender_seed16,FixedAlpha_0.05,16,
2,3,0.645,0.09499999999999997,0.15999999999999998,1uaxqpkh,fixed_alpha0.05_german_gender_seed16,FixedAlpha_0.05,16,
3,4,0.7,0.025000000000000022,0.08750000000000002,1uaxqpkh,fixed_alpha0.05_german_gender_seed16,FixedAlpha_0.05,16,
4,5,0.7,0.05999999999999994,0.09249999999999997,1uaxqpkh,fixed_alpha0.05_german_gender_seed16,FixedAlpha_0.05,16,
5,6,0.695,0.03499999999999992,0.05499999999999994,1uaxqpkh,fixed_alpha0.05_german_gender_seed16,FixedAlpha_0.05,16,
6,7,0.7,0.010000000000000009,0.0050000000000000044,1uaxqpkh,fixed_alpha0.05_german_gender_seed16,FixedAlpha_0.05,16,
7,8,0.71,0.010000000000000009,0.017500000000000016,1uaxqpkh,fixed_alpha0.05_german_gender_seed16,FixedAlpha_0.05,16,
8,9,0.725,0.03499999999999992,0.01749999999999996,1uaxqpkh,fixed_alpha0.05_german_gender_seed16,FixedAlpha_0.05,16,
9,10,0.725,0.02499999999999991,0.024999999999999967,1uaxqpkh,fixed_alpha0.05_german_gender_seed16,FixedAlpha_0.05,16,
10,11,0.725,0.0050000000000000044,0.0025000000000000022,1uaxqpkh,fixed_alpha0.05_german_gender_seed16,FixedAlpha_0.05,16,
11,12,0.75,0.0050000000000000044,0.015000000000000013,1uaxqpkh,fixed_alpha0.05_german_gender_seed16,FixedAlpha_0.05,16,
12,13,0.75,0.020000000000000018,0.02250000000000002,1uaxqpkh,fixed_alpha0.05_german_gender_seed16,FixedAlpha_0.05,16,
13,14,0.74,0.050000000000000044,0.025000000000000022,1uaxqpkh,fixed_alpha0.05_german_gender_seed16,FixedAlpha_0.05,16,
14,15,0.745,0.06500000000000006,0.03250000000000003,1uaxqpkh,fixed_alpha0.05_german_gender_seed16,FixedAlpha_0.05,16,
15,16,0.745,0.06500000000000006,0.03250000000000003,1uaxqpkh,fixed_alpha0.05_german_gender_seed16,FixedAlpha_0.05,16,
16,17,0.74,0.05500000000000005,0.027500000000000024,1uaxqpkh,fixed_alpha0.05_german_gender_seed16,FixedAlpha_0.05,16,
17,18,0.73,0.09499999999999997,0.07250000000000001,1uaxqpkh,fixed_alpha0.05_german_gender_seed16,FixedAlpha_0.05,16,
18,19,0.725,0.08499999999999996,0.0675,1uaxqpkh,fixed_alpha0.05_german_gender_seed16,FixedAlpha_0.05,16,
19,20,0.72,0.09999999999999998,0.0625,1uaxqpkh,fixed_alpha0.05_german_gender_seed16,FixedAlpha_0.05,16,
20,21,0.715,0.125,0.07500000000000001,1uaxqpkh,fixed_alpha0.05_german_gender_seed16,FixedAlpha_0.05,16,
21,22,0.7,0.17499999999999993,0.09999999999999998,1uaxqpkh,fixed_alpha0.05_german_gender_seed16,FixedAlpha_0.05,16,
22,23,0.7,0.17499999999999993,0.09999999999999998,1uaxqpkh,fixed_alpha0.05_german_gender_seed16,FixedAlpha_0.05,16,
23,24,0.695,0.19999999999999996,0.11249999999999999,1uaxqpkh,fixed_alpha0.05_german_gender_seed16,FixedAlpha_0.05,16,
24,25,0.69,0.18999999999999995,0.10749999999999998,1uaxqpkh,fixed_alpha0.05_german_gender_seed16,FixedAlpha_0.05,16,
25,26,0.69,0.18999999999999995,0.10749999999999998,1uaxqpkh,fixed_alpha0.05_german_gender_seed16,FixedAlpha_0.05,16,
26,27,0.69,0.18999999999999995,0.10749999999999998,1uaxqpkh,fixed_alpha0.05_german_gender_seed16,FixedAlpha_0.05,16,
27,28,0.685,0.17999999999999994,0.10249999999999998,1uaxqpkh,fixed_alpha0.05_german_gender_seed16,FixedAlpha_0.05,16,
28,29,0.68,0.17999999999999994,0.08999999999999997,1uaxqpkh,fixed_alpha0.05_german_gender_seed16,FixedAlpha_0.05,16,
29,30,0.675,0.20499999999999996,0.10249999999999998,1uaxqpkh,fixed_alpha0.05_german_gender_seed16,FixedAlpha_0.05,16,
0,1,0.685,0.0050000000000000044,0.027500000000000024,tnv1x3w2,fixed_alpha0.05_german_gender_seed15,FixedAlpha_0.05,15,
1,2,0.7,0.010000000000000009,0.04249999999999998,tnv1x3w2,fixed_alpha0.05_german_gender_seed15,FixedAlpha_0.05,15,
2,3,0.685,0.010000000000000009,0.04249999999999998,tnv1x3w2,fixed_alpha0.05_german_gender_seed15,FixedAlpha_0.05,15,
3,4,0.7,0.015000000000000013,0.03249999999999997,tnv1x3w2,fixed_alpha0.05_german_gender_seed15,FixedAlpha_0.05,15,
4,5,0.7,0.0,0.012500000000000011,tnv1x3w2,fixed_alpha0.05_german_gender_seed15,FixedAlpha_0.05,15,
5,6,0.715,0.019999999999999907,0.04749999999999993,tnv1x3w2,fixed_alpha0.05_german_gender_seed15,FixedAlpha_0.05,15,
6,7,0.72,0.04999999999999993,0.11249999999999993,tnv1x3w2,fixed_alpha0.05_german_gender_seed15,FixedAlpha_0.05,15,
7,8,0.725,0.05999999999999994,0.06749999999999995,tnv1x3w2,fixed_alpha0.05_german_gender_seed15,FixedAlpha_0.05,15,
8,9,0.715,0.020000000000000018,0.06,tnv1x3w2,fixed_alpha0.05_german_gender_seed15,FixedAlpha_0.05,15,
9,10,0.71,0.015000000000000013,0.044999999999999984,tnv1x3w2,fixed_alpha0.05_german_gender_seed15,FixedAlpha_0.05,15,
10,11,0.72,0.010000000000000009,0.04250000000000004,tnv1x3w2,fixed_alpha0.05_german_gender_seed15,FixedAlpha_0.05,15,
11,12,0.72,0.03500000000000003,0.030000000000000027,tnv1x3w2,fixed_alpha0.05_german_gender_seed15,FixedAlpha_0.05,15,
12,13,0.73,0.020000000000000018,0.02250000000000002,tnv1x3w2,fixed_alpha0.05_german_gender_seed15,FixedAlpha_0.05,15,
13,14,0.73,0.010000000000000009,0.02999999999999997,tnv1x3w2,fixed_alpha0.05_german_gender_seed15,FixedAlpha_0.05,15,
14,15,0.72,0.05999999999999994,0.05499999999999994,tnv1x3w2,fixed_alpha0.05_german_gender_seed15,FixedAlpha_0.05,15,
15,16,0.715,0.10999999999999999,0.05499999999999999,tnv1x3w2,fixed_alpha0.05_german_gender_seed15,FixedAlpha_0.05,15,
16,17,0.71,0.09999999999999998,0.04999999999999999,tnv1x3w2,fixed_alpha0.05_german_gender_seed15,FixedAlpha_0.05,15,
17,18,0.715,0.09999999999999998,0.0625,tnv1x3w2,fixed_alpha0.05_german_gender_seed15,FixedAlpha_0.05,15,
18,19,0.725,0.125,0.07500000000000001,tnv1x3w2,fixed_alpha0.05_german_gender_seed15,FixedAlpha_0.05,15,
19,20,0.735,0.09999999999999998,0.07499999999999998,tnv1x3w2,fixed_alpha0.05_german_gender_seed15,FixedAlpha_0.05,15,
20,21,0.745,0.10999999999999999,0.0925,tnv1x3w2,fixed_alpha0.05_german_gender_seed15,FixedAlpha_0.05,15,
21,22,0.745,0.10999999999999999,0.0925,tnv1x3w2,fixed_alpha0.05_german_gender_seed15,FixedAlpha_0.05,15,
22,23,0.75,0.12,0.0975,tnv1x3w2,fixed_alpha0.05_german_gender_seed15,FixedAlpha_0.05,15,
23,24,0.75,0.12,0.0975,tnv1x3w2,fixed_alpha0.05_german_gender_seed15,FixedAlpha_0.05,15,
24,25,0.75,0.12,0.0975,tnv1x3w2,fixed_alpha0.05_german_gender_seed15,FixedAlpha_0.05,15,
25,26,0.745,0.10999999999999999,0.0925,tnv1x3w2,fixed_alpha0.05_german_gender_seed15,FixedAlpha_0.05,15,
26,27,0.75,0.09999999999999998,0.11249999999999999,tnv1x3w2,fixed_alpha0.05_german_gender_seed15,FixedAlpha_0.05,15,
27,28,0.75,0.09999999999999998,0.11249999999999999,tnv1x3w2,fixed_alpha0.05_german_gender_seed15,FixedAlpha_0.05,15,
28,29,0.745,0.08999999999999997,0.10749999999999998,tnv1x3w2,fixed_alpha0.05_german_gender_seed15,FixedAlpha_0.05,15,
29,30,0.74,0.07999999999999996,0.06499999999999997,tnv1x3w2,fixed_alpha0.05_german_gender_seed15,FixedAlpha_0.05,15,
0,1,0.625,0.09499999999999997,0.10999999999999999,ri3ggb5l,fixed_alpha0.05_german_gender_seed17,FixedAlpha_0.05,17,
1,2,0.665,0.08000000000000007,0.11499999999999999,ri3ggb5l,fixed_alpha0.05_german_gender_seed17,FixedAlpha_0.05,17,
2,3,0.68,0.014999999999999902,0.05749999999999994,ri3ggb5l,fixed_alpha0.05_german_gender_seed17,FixedAlpha_0.05,17,
3,4,0.685,0.014999999999999902,0.044999999999999984,ri3ggb5l,fixed_alpha0.05_german_gender_seed17,FixedAlpha_0.05,17,
4,5,0.68,0.014999999999999902,0.019999999999999962,ri3ggb5l,fixed_alpha0.05_german_gender_seed17,FixedAlpha_0.05,17,
5,6,0.685,0.039999999999999925,0.044999999999999984,ri3ggb5l,fixed_alpha0.05_german_gender_seed17,FixedAlpha_0.05,17,
6,7,0.695,0.020000000000000018,0.022499999999999964,ri3ggb5l,fixed_alpha0.05_german_gender_seed17,FixedAlpha_0.05,17,
7,8,0.685,0.06000000000000005,0.030000000000000027,ri3ggb5l,fixed_alpha0.05_german_gender_seed17,FixedAlpha_0.05,17,
8,9,0.715,0.06000000000000005,0.0675,ri3ggb5l,fixed_alpha0.05_german_gender_seed17,FixedAlpha_0.05,17,
9,10,0.725,0.040000000000000036,0.03250000000000003,ri3ggb5l,fixed_alpha0.05_german_gender_seed17,FixedAlpha_0.05,17,
10,11,0.725,0.040000000000000036,0.03250000000000003,ri3ggb5l,fixed_alpha0.05_german_gender_seed17,FixedAlpha_0.05,17,
11,12,0.73,0.040000000000000036,0.03250000000000003,ri3ggb5l,fixed_alpha0.05_german_gender_seed17,FixedAlpha_0.05,17,
12,13,0.735,0.040000000000000036,0.057499999999999996,ri3ggb5l,fixed_alpha0.05_german_gender_seed17,FixedAlpha_0.05,17,
13,14,0.735,0.040000000000000036,0.057499999999999996,ri3ggb5l,fixed_alpha0.05_german_gender_seed17,FixedAlpha_0.05,17,
14,15,0.72,0.05500000000000005,0.040000000000000036,ri3ggb5l,fixed_alpha0.05_german_gender_seed17,FixedAlpha_0.05,17,
15,16,0.72,0.07999999999999996,0.07749999999999996,ri3ggb5l,fixed_alpha0.05_german_gender_seed17,FixedAlpha_0.05,17,
16,17,0.725,0.07999999999999996,0.10249999999999998,ri3ggb5l,fixed_alpha0.05_german_gender_seed17,FixedAlpha_0.05,17,
17,18,0.725,0.06999999999999995,0.08499999999999996,ri3ggb5l,fixed_alpha0.05_german_gender_seed17,FixedAlpha_0.05,17,
18,19,0.72,0.08499999999999996,0.07999999999999996,ri3ggb5l,fixed_alpha0.05_german_gender_seed17,FixedAlpha_0.05,17,
19,20,0.725,0.09499999999999997,0.08499999999999996,ri3ggb5l,fixed_alpha0.05_german_gender_seed17,FixedAlpha_0.05,17,
20,21,0.735,0.10499999999999998,0.07750000000000001,ri3ggb5l,fixed_alpha0.05_german_gender_seed17,FixedAlpha_0.05,17,
21,22,0.735,0.10499999999999998,0.07750000000000001,ri3ggb5l,fixed_alpha0.05_german_gender_seed17,FixedAlpha_0.05,17,
22,23,0.74,0.10499999999999998,0.065,ri3ggb5l,fixed_alpha0.05_german_gender_seed17,FixedAlpha_0.05,17,
23,24,0.735,0.09499999999999997,0.06,ri3ggb5l,fixed_alpha0.05_german_gender_seed17,FixedAlpha_0.05,17,
24,25,0.73,0.09499999999999997,0.07250000000000001,ri3ggb5l,fixed_alpha0.05_german_gender_seed17,FixedAlpha_0.05,17,
25,26,0.735,0.10499999999999998,0.07750000000000001,ri3ggb5l,fixed_alpha0.05_german_gender_seed17,FixedAlpha_0.05,17,
26,27,0.735,0.10499999999999998,0.07750000000000001,ri3ggb5l,fixed_alpha0.05_german_gender_seed17,FixedAlpha_0.05,17,
27,28,0.735,0.10499999999999998,0.07750000000000001,ri3ggb5l,fixed_alpha0.05_german_gender_seed17,FixedAlpha_0.05,17,
28,29,0.735,0.10499999999999998,0.07750000000000001,ri3ggb5l,fixed_alpha0.05_german_gender_seed17,FixedAlpha_0.05,17,
29,30,0.745,0.10499999999999998,0.09,ri3ggb5l,fixed_alpha0.05_german_gender_seed17,FixedAlpha_0.05,17,
0,1,0.605,0.0050000000000000044,0.03999999999999998,gqoqlvs9,fixed_alpha0.05_german_gender_seed21,FixedAlpha_0.05,21,
1,2,0.685,0.10999999999999999,0.09250000000000003,gqoqlvs9,fixed_alpha0.05_german_gender_seed21,FixedAlpha_0.05,21,
2,3,0.705,0.15500000000000003,0.1275,gqoqlvs9,fixed_alpha0.05_german_gender_seed21,FixedAlpha_0.05,21,
3,4,0.735,0.04999999999999993,0.08749999999999997,gqoqlvs9,fixed_alpha0.05_german_gender_seed21,FixedAlpha_0.05,21,
4,5,0.735,0.05999999999999994,0.0675,gqoqlvs9,fixed_alpha0.05_german_gender_seed21,FixedAlpha_0.05,21,
5,6,0.74,0.03499999999999992,0.05499999999999999,gqoqlvs9,fixed_alpha0.05_german_gender_seed21,FixedAlpha_0.05,21,
6,7,0.75,0.06999999999999995,0.04749999999999999,gqoqlvs9,fixed_alpha0.05_german_gender_seed21,FixedAlpha_0.05,21,
7,8,0.755,0.06999999999999995,0.034999999999999976,gqoqlvs9,fixed_alpha0.05_german_gender_seed21,FixedAlpha_0.05,21,
8,9,0.75,0.09499999999999997,0.04749999999999999,gqoqlvs9,fixed_alpha0.05_german_gender_seed21,FixedAlpha_0.05,21,
9,10,0.75,0.09999999999999998,0.08749999999999997,gqoqlvs9,fixed_alpha0.05_german_gender_seed21,FixedAlpha_0.05,21,
10,11,0.76,0.09999999999999998,0.11249999999999999,gqoqlvs9,fixed_alpha0.05_german_gender_seed21,FixedAlpha_0.05,21,
11,12,0.755,0.1399999999999999,0.11999999999999994,gqoqlvs9,fixed_alpha0.05_german_gender_seed21,FixedAlpha_0.05,21,
12,13,0.76,0.15500000000000003,0.09000000000000002,gqoqlvs9,fixed_alpha0.05_german_gender_seed21,FixedAlpha_0.05,21,
13,14,0.745,0.19500000000000006,0.11000000000000004,gqoqlvs9,fixed_alpha0.05_german_gender_seed21,FixedAlpha_0.05,21,
14,15,0.745,0.19500000000000006,0.11000000000000004,gqoqlvs9,fixed_alpha0.05_german_gender_seed21,FixedAlpha_0.05,21,
15,16,0.74,0.21000000000000008,0.13000000000000006,gqoqlvs9,fixed_alpha0.05_german_gender_seed21,FixedAlpha_0.05,21,
16,17,0.74,0.21000000000000008,0.13000000000000006,gqoqlvs9,fixed_alpha0.05_german_gender_seed21,FixedAlpha_0.05,21,
17,18,0.745,0.21000000000000008,0.10500000000000004,gqoqlvs9,fixed_alpha0.05_german_gender_seed21,FixedAlpha_0.05,21,
18,19,0.74,0.20000000000000007,0.10000000000000003,gqoqlvs9,fixed_alpha0.05_german_gender_seed21,FixedAlpha_0.05,21,
19,20,0.74,0.20000000000000007,0.10000000000000003,gqoqlvs9,fixed_alpha0.05_german_gender_seed21,FixedAlpha_0.05,21,
20,21,0.74,0.20000000000000007,0.10000000000000003,gqoqlvs9,fixed_alpha0.05_german_gender_seed21,FixedAlpha_0.05,21,
21,22,0.735,0.19000000000000006,0.09500000000000003,gqoqlvs9,fixed_alpha0.05_german_gender_seed21,FixedAlpha_0.05,21,
22,23,0.73,0.18000000000000005,0.09000000000000002,gqoqlvs9,fixed_alpha0.05_german_gender_seed21,FixedAlpha_0.05,21,
23,24,0.715,0.16000000000000003,0.10500000000000004,gqoqlvs9,fixed_alpha0.05_german_gender_seed21,FixedAlpha_0.05,21,
24,25,0.715,0.16000000000000003,0.10500000000000004,gqoqlvs9,fixed_alpha0.05_german_gender_seed21,FixedAlpha_0.05,21,
25,26,0.715,0.16000000000000003,0.10500000000000004,gqoqlvs9,fixed_alpha0.05_german_gender_seed21,FixedAlpha_0.05,21,
26,27,0.715,0.16000000000000003,0.10500000000000004,gqoqlvs9,fixed_alpha0.05_german_gender_seed21,FixedAlpha_0.05,21,
27,28,0.715,0.16000000000000003,0.10500000000000004,gqoqlvs9,fixed_alpha0.05_german_gender_seed21,FixedAlpha_0.05,21,
28,29,0.715,0.16000000000000003,0.10500000000000004,gqoqlvs9,fixed_alpha0.05_german_gender_seed21,FixedAlpha_0.05,21,
29,30,0.715,0.16000000000000003,0.10500000000000004,gqoqlvs9,fixed_alpha0.05_german_gender_seed21,FixedAlpha_0.05,21,
0,1,0.535,0.11000000000000004,0.16750000000000004,xfu8wvui,fixed_alpha0.05_german_gender_seed20,FixedAlpha_0.05,20,
1,2,0.605,0.06499999999999995,0.19499999999999998,xfu8wvui,fixed_alpha0.05_german_gender_seed20,FixedAlpha_0.05,20,
2,3,0.685,0.020000000000000018,0.07250000000000001,xfu8wvui,fixed_alpha0.05_german_gender_seed20,FixedAlpha_0.05,20,
3,4,0.705,0.03500000000000003,0.030000000000000027,xfu8wvui,fixed_alpha0.05_german_gender_seed20,FixedAlpha_0.05,20,
4,5,0.71,0.0050000000000000044,0.040000000000000036,xfu8wvui,fixed_alpha0.05_german_gender_seed20,FixedAlpha_0.05,20,
5,6,0.71,0.0050000000000000044,0.05249999999999999,xfu8wvui,fixed_alpha0.05_german_gender_seed20,FixedAlpha_0.05,20,
6,7,0.705,0.0050000000000000044,0.02749999999999997,xfu8wvui,fixed_alpha0.05_german_gender_seed20,FixedAlpha_0.05,20,
7,8,0.705,0.0050000000000000044,0.02749999999999997,xfu8wvui,fixed_alpha0.05_german_gender_seed20,FixedAlpha_0.05,20,
8,9,0.715,0.0050000000000000044,0.07749999999999996,xfu8wvui,fixed_alpha0.05_german_gender_seed20,FixedAlpha_0.05,20,
9,10,0.72,0.0050000000000000044,0.05249999999999999,xfu8wvui,fixed_alpha0.05_german_gender_seed20,FixedAlpha_0.05,20,
10,11,0.74,0.015000000000000013,0.10749999999999998,xfu8wvui,fixed_alpha0.05_german_gender_seed20,FixedAlpha_0.05,20,
11,12,0.74,0.010000000000000009,0.10500000000000004,xfu8wvui,fixed_alpha0.05_german_gender_seed20,FixedAlpha_0.05,20,
12,13,0.73,0.020000000000000018,0.1225,xfu8wvui,fixed_alpha0.05_german_gender_seed20,FixedAlpha_0.05,20,
13,14,0.715,0.020000000000000018,0.10999999999999999,xfu8wvui,fixed_alpha0.05_german_gender_seed20,FixedAlpha_0.05,20,
14,15,0.72,0.020000000000000018,0.09749999999999998,xfu8wvui,fixed_alpha0.05_german_gender_seed20,FixedAlpha_0.05,20,
15,16,0.73,0.010000000000000009,0.07999999999999996,xfu8wvui,fixed_alpha0.05_german_gender_seed20,FixedAlpha_0.05,20,
16,17,0.725,0.015000000000000013,0.08249999999999996,xfu8wvui,fixed_alpha0.05_german_gender_seed20,FixedAlpha_0.05,20,
17,18,0.725,0.015000000000000013,0.08249999999999996,xfu8wvui,fixed_alpha0.05_german_gender_seed20,FixedAlpha_0.05,20,
18,19,0.75,0.0050000000000000044,0.0025000000000000022,xfu8wvui,fixed_alpha0.05_german_gender_seed20,FixedAlpha_0.05,20,
19,20,0.75,0.030000000000000027,0.027500000000000024,xfu8wvui,fixed_alpha0.05_german_gender_seed20,FixedAlpha_0.05,20,
20,21,0.745,0.05500000000000005,0.040000000000000036,xfu8wvui,fixed_alpha0.05_german_gender_seed20,FixedAlpha_0.05,20,
21,22,0.74,0.04500000000000004,0.07250000000000001,xfu8wvui,fixed_alpha0.05_german_gender_seed20,FixedAlpha_0.05,20,
22,23,0.74,0.06999999999999995,0.09749999999999998,xfu8wvui,fixed_alpha0.05_german_gender_seed20,FixedAlpha_0.05,20,
23,24,0.74,0.06999999999999995,0.09749999999999998,xfu8wvui,fixed_alpha0.05_german_gender_seed20,FixedAlpha_0.05,20,
24,25,0.74,0.06999999999999995,0.09749999999999998,xfu8wvui,fixed_alpha0.05_german_gender_seed20,FixedAlpha_0.05,20,
25,26,0.735,0.09499999999999997,0.10999999999999999,xfu8wvui,fixed_alpha0.05_german_gender_seed20,FixedAlpha_0.05,20,
26,27,0.735,0.09499999999999997,0.10999999999999999,xfu8wvui,fixed_alpha0.05_german_gender_seed20,FixedAlpha_0.05,20,
27,28,0.74,0.09499999999999997,0.12249999999999997,xfu8wvui,fixed_alpha0.05_german_gender_seed20,FixedAlpha_0.05,20,
28,29,0.735,0.08499999999999996,0.11749999999999997,xfu8wvui,fixed_alpha0.05_german_gender_seed20,FixedAlpha_0.05,20,
29,30,0.735,0.08499999999999996,0.11749999999999997,xfu8wvui,fixed_alpha0.05_german_gender_seed20,FixedAlpha_0.05,20,
0,1,0.505,0.019999999999999962,0.185,x5wh29ua,fixed_alpha0.05_german_gender_seed18,FixedAlpha_0.05,18,
1,2,0.565,0.08499999999999996,0.17999999999999997,x5wh29ua,fixed_alpha0.05_german_gender_seed18,FixedAlpha_0.05,18,
2,3,0.63,0.07499999999999996,0.18749999999999994,x5wh29ua,fixed_alpha0.05_german_gender_seed18,FixedAlpha_0.05,18,
3,4,0.695,0.10999999999999999,0.15500000000000003,x5wh29ua,fixed_alpha0.05_german_gender_seed18,FixedAlpha_0.05,18,
4,5,0.7,0.09999999999999998,0.175,x5wh29ua,fixed_alpha0.05_german_gender_seed18,FixedAlpha_0.05,18,
5,6,0.705,0.09499999999999997,0.19749999999999995,x5wh29ua,fixed_alpha0.05_german_gender_seed18,FixedAlpha_0.05,18,
6,7,0.705,0.10499999999999998,0.21499999999999997,x5wh29ua,fixed_alpha0.05_german_gender_seed18,FixedAlpha_0.05,18,
7,8,0.71,0.10499999999999998,0.20249999999999996,x5wh29ua,fixed_alpha0.05_german_gender_seed18,FixedAlpha_0.05,18,
8,9,0.72,0.09499999999999997,0.1975,x5wh29ua,fixed_alpha0.05_german_gender_seed18,FixedAlpha_0.05,18,
9,10,0.725,0.12,0.185,x5wh29ua,fixed_alpha0.05_german_gender_seed18,FixedAlpha_0.05,18,
10,11,0.73,0.12,0.1725,x5wh29ua,fixed_alpha0.05_german_gender_seed18,FixedAlpha_0.05,18,
11,12,0.745,0.10999999999999999,0.15499999999999997,x5wh29ua,fixed_alpha0.05_german_gender_seed18,FixedAlpha_0.05,18,
12,13,0.74,0.125,0.14999999999999997,x5wh29ua,fixed_alpha0.05_german_gender_seed18,FixedAlpha_0.05,18,
13,14,0.745,0.1399999999999999,0.19499999999999992,x5wh29ua,fixed_alpha0.05_german_gender_seed18,FixedAlpha_0.05,18,
14,15,0.75,0.11499999999999999,0.14500000000000002,x5wh29ua,fixed_alpha0.05_german_gender_seed18,FixedAlpha_0.05,18,
15,16,0.75,0.11499999999999999,0.14500000000000002,x5wh29ua,fixed_alpha0.05_german_gender_seed18,FixedAlpha_0.05,18,
16,17,0.745,0.1399999999999999,0.15749999999999997,x5wh29ua,fixed_alpha0.05_german_gender_seed18,FixedAlpha_0.05,18,
17,18,0.75,0.1399999999999999,0.14499999999999996,x5wh29ua,fixed_alpha0.05_german_gender_seed18,FixedAlpha_0.05,18,
18,19,0.745,0.13,0.14,x5wh29ua,fixed_alpha0.05_german_gender_seed18,FixedAlpha_0.05,18,
19,20,0.74,0.13,0.11499999999999999,x5wh29ua,fixed_alpha0.05_german_gender_seed18,FixedAlpha_0.05,18,
20,21,0.74,0.16499999999999992,0.13249999999999995,x5wh29ua,fixed_alpha0.05_german_gender_seed18,FixedAlpha_0.05,18,
21,22,0.74,0.15500000000000003,0.15250000000000002,x5wh29ua,fixed_alpha0.05_german_gender_seed18,FixedAlpha_0.05,18,
22,23,0.75,0.15500000000000003,0.1275,x5wh29ua,fixed_alpha0.05_german_gender_seed18,FixedAlpha_0.05,18,
23,24,0.755,0.18000000000000005,0.19,x5wh29ua,fixed_alpha0.05_german_gender_seed18,FixedAlpha_0.05,18,
24,25,0.75,0.17000000000000004,0.185,x5wh29ua,fixed_alpha0.05_german_gender_seed18,FixedAlpha_0.05,18,
25,26,0.75,0.17000000000000004,0.185,x5wh29ua,fixed_alpha0.05_german_gender_seed18,FixedAlpha_0.05,18,
26,27,0.735,0.15000000000000002,0.15,x5wh29ua,fixed_alpha0.05_german_gender_seed18,FixedAlpha_0.05,18,
27,28,0.735,0.15000000000000002,0.15,x5wh29ua,fixed_alpha0.05_german_gender_seed18,FixedAlpha_0.05,18,
28,29,0.725,0.13,0.13999999999999999,x5wh29ua,fixed_alpha0.05_german_gender_seed18,FixedAlpha_0.05,18,
29,30,0.73,0.12,0.11000000000000001,x5wh29ua,fixed_alpha0.05_german_gender_seed18,FixedAlpha_0.05,18,
0,1,0.625,0.06499999999999995,0.06999999999999995,562iamln,fixed_alpha0.05_german_gender_seed19,FixedAlpha_0.05,19,
1,2,0.655,0.04999999999999993,0.024999999999999967,562iamln,fixed_alpha0.05_german_gender_seed19,FixedAlpha_0.05,19,
2,3,0.675,0.025000000000000022,0.03750000000000003,562iamln,fixed_alpha0.05_german_gender_seed19,FixedAlpha_0.05,19,
3,4,0.68,0.015000000000000013,0.03250000000000003,562iamln,fixed_alpha0.05_german_gender_seed19,FixedAlpha_0.05,19,
4,5,0.69,0.030000000000000027,0.040000000000000036,562iamln,fixed_alpha0.05_german_gender_seed19,FixedAlpha_0.05,19,
5,6,0.69,0.0050000000000000044,0.015000000000000013,562iamln,fixed_alpha0.05_german_gender_seed19,FixedAlpha_0.05,19,
6,7,0.695,0.015000000000000013,0.03249999999999997,562iamln,fixed_alpha0.05_german_gender_seed19,FixedAlpha_0.05,19,
7,8,0.705,0.02499999999999991,0.04999999999999999,562iamln,fixed_alpha0.05_german_gender_seed19,FixedAlpha_0.05,19,
8,9,0.73,0.014999999999999902,0.044999999999999984,562iamln,fixed_alpha0.05_german_gender_seed19,FixedAlpha_0.05,19,
9,10,0.725,0.020000000000000018,0.03500000000000003,562iamln,fixed_alpha0.05_german_gender_seed19,FixedAlpha_0.05,19,
10,11,0.745,0.020000000000000018,0.08500000000000002,562iamln,fixed_alpha0.05_german_gender_seed19,FixedAlpha_0.05,19,
11,12,0.73,0.06000000000000005,0.10500000000000004,562iamln,fixed_alpha0.05_german_gender_seed19,FixedAlpha_0.05,19,
12,13,0.74,0.06000000000000005,0.05500000000000005,562iamln,fixed_alpha0.05_german_gender_seed19,FixedAlpha_0.05,19,
13,14,0.745,0.06000000000000005,0.06750000000000006,562iamln,fixed_alpha0.05_german_gender_seed19,FixedAlpha_0.05,19,
14,15,0.745,0.07500000000000007,0.0625,562iamln,fixed_alpha0.05_german_gender_seed19,FixedAlpha_0.05,19,
15,16,0.755,0.07500000000000007,0.08750000000000002,562iamln,fixed_alpha0.05_german_gender_seed19,FixedAlpha_0.05,19,
16,17,0.755,0.07500000000000007,0.08750000000000002,562iamln,fixed_alpha0.05_german_gender_seed19,FixedAlpha_0.05,19,
17,18,0.735,0.06999999999999995,0.08499999999999996,562iamln,fixed_alpha0.05_german_gender_seed19,FixedAlpha_0.05,19,
18,19,0.74,0.06999999999999995,0.06,562iamln,fixed_alpha0.05_german_gender_seed19,FixedAlpha_0.05,19,
19,20,0.735,0.05999999999999994,0.05499999999999999,562iamln,fixed_alpha0.05_german_gender_seed19,FixedAlpha_0.05,19,
20,21,0.735,0.05999999999999994,0.05499999999999999,562iamln,fixed_alpha0.05_german_gender_seed19,FixedAlpha_0.05,19,
21,22,0.735,0.08499999999999996,0.08000000000000002,562iamln,fixed_alpha0.05_german_gender_seed19,FixedAlpha_0.05,19,
22,23,0.735,0.07499999999999996,0.0875,562iamln,fixed_alpha0.05_german_gender_seed19,FixedAlpha_0.05,19,
23,24,0.74,0.08499999999999996,0.0925,562iamln,fixed_alpha0.05_german_gender_seed19,FixedAlpha_0.05,19,
24,25,0.735,0.07499999999999996,0.0875,562iamln,fixed_alpha0.05_german_gender_seed19,FixedAlpha_0.05,19,
25,26,0.745,0.05999999999999994,0.07999999999999999,562iamln,fixed_alpha0.05_german_gender_seed19,FixedAlpha_0.05,19,
26,27,0.745,0.05999999999999994,0.07999999999999999,562iamln,fixed_alpha0.05_german_gender_seed19,FixedAlpha_0.05,19,
27,28,0.745,0.05999999999999994,0.07999999999999999,562iamln,fixed_alpha0.05_german_gender_seed19,FixedAlpha_0.05,19,
28,29,0.75,0.05999999999999994,0.054999999999999966,562iamln,fixed_alpha0.05_german_gender_seed19,FixedAlpha_0.05,19,
29,30,0.745,0.04999999999999993,0.04999999999999996,562iamln,fixed_alpha0.05_german_gender_seed19,FixedAlpha_0.05,19,
0,1,0.47,0.025000000000000022,0.0625,r352dfkr,fixed_alpha0.05_german_gender_seed22,FixedAlpha_0.05,22,
1,2,0.595,0.05500000000000005,0.10250000000000004,r352dfkr,fixed_alpha0.05_german_gender_seed22,FixedAlpha_0.05,22,
2,3,0.675,0.039999999999999925,0.019999999999999962,r352dfkr,fixed_alpha0.05_german_gender_seed22,FixedAlpha_0.05,22,
3,4,0.685,0.015000000000000013,0.020000000000000018,r352dfkr,fixed_alpha0.05_german_gender_seed22,FixedAlpha_0.05,22,
4,5,0.7,0.015000000000000013,0.020000000000000018,r352dfkr,fixed_alpha0.05_german_gender_seed22,FixedAlpha_0.05,22,
5,6,0.7,0.015000000000000013,0.020000000000000018,r352dfkr,fixed_alpha0.05_german_gender_seed22,FixedAlpha_0.05,22,
6,7,0.69,0.0050000000000000044,0.015000000000000013,r352dfkr,fixed_alpha0.05_german_gender_seed22,FixedAlpha_0.05,22,
7,8,0.7,0.015000000000000013,0.057499999999999996,r352dfkr,fixed_alpha0.05_german_gender_seed22,FixedAlpha_0.05,22,
8,9,0.705,0.03499999999999992,0.06749999999999995,r352dfkr,fixed_alpha0.05_german_gender_seed22,FixedAlpha_0.05,22,
9,10,0.695,0.030000000000000027,0.03999999999999998,r352dfkr,fixed_alpha0.05_german_gender_seed22,FixedAlpha_0.05,22,
10,11,0.715,0.04500000000000004,0.04750000000000004,r352dfkr,fixed_alpha0.05_german_gender_seed22,FixedAlpha_0.05,22,
11,12,0.73,0.07000000000000006,0.06,r352dfkr,fixed_alpha0.05_german_gender_seed22,FixedAlpha_0.05,22,
12,13,0.735,0.08500000000000008,0.06750000000000006,r352dfkr,fixed_alpha0.05_german_gender_seed22,FixedAlpha_0.05,22,
13,14,0.735,0.06500000000000006,0.04500000000000004,r352dfkr,fixed_alpha0.05_german_gender_seed22,FixedAlpha_0.05,22,
14,15,0.73,0.05500000000000005,0.040000000000000036,r352dfkr,fixed_alpha0.05_german_gender_seed22,FixedAlpha_0.05,22,
15,16,0.73,0.05500000000000005,0.040000000000000036,r352dfkr,fixed_alpha0.05_german_gender_seed22,FixedAlpha_0.05,22,
16,17,0.73,0.05500000000000005,0.040000000000000036,r352dfkr,fixed_alpha0.05_german_gender_seed22,FixedAlpha_0.05,22,
17,18,0.735,0.05500000000000005,0.05249999999999999,r352dfkr,fixed_alpha0.05_german_gender_seed22,FixedAlpha_0.05,22,
18,19,0.735,0.05500000000000005,0.05249999999999999,r352dfkr,fixed_alpha0.05_german_gender_seed22,FixedAlpha_0.05,22,
19,20,0.74,0.05500000000000005,0.065,r352dfkr,fixed_alpha0.05_german_gender_seed22,FixedAlpha_0.05,22,
20,21,0.735,0.07999999999999996,0.07749999999999996,r352dfkr,fixed_alpha0.05_german_gender_seed22,FixedAlpha_0.05,22,
21,22,0.735,0.07999999999999996,0.07749999999999996,r352dfkr,fixed_alpha0.05_german_gender_seed22,FixedAlpha_0.05,22,
22,23,0.73,0.06999999999999995,0.07249999999999995,r352dfkr,fixed_alpha0.05_german_gender_seed22,FixedAlpha_0.05,22,
23,24,0.725,0.05999999999999994,0.06749999999999995,r352dfkr,fixed_alpha0.05_german_gender_seed22,FixedAlpha_0.05,22,
24,25,0.73,0.06999999999999995,0.07249999999999995,r352dfkr,fixed_alpha0.05_german_gender_seed22,FixedAlpha_0.05,22,
25,26,0.73,0.05999999999999994,0.04249999999999998,r352dfkr,fixed_alpha0.05_german_gender_seed22,FixedAlpha_0.05,22,
26,27,0.73,0.05999999999999994,0.04249999999999998,r352dfkr,fixed_alpha0.05_german_gender_seed22,FixedAlpha_0.05,22,
27,28,0.72,0.07499999999999996,0.04999999999999999,r352dfkr,fixed_alpha0.05_german_gender_seed22,FixedAlpha_0.05,22,
28,29,0.72,0.07499999999999996,0.04999999999999999,r352dfkr,fixed_alpha0.05_german_gender_seed22,FixedAlpha_0.05,22,
29,30,0.72,0.07499999999999996,0.04999999999999999,r352dfkr,fixed_alpha0.05_german_gender_seed22,FixedAlpha_0.05,22,
0,1,0.685,0.06999999999999995,0.13499999999999995,tot0jgkk,fixed_alpha0.05_german_gender_seed23,FixedAlpha_0.05,23,
1,2,0.71,0.020000000000000018,0.10999999999999999,tot0jgkk,fixed_alpha0.05_german_gender_seed23,FixedAlpha_0.05,23,
2,3,0.71,0.020000000000000018,0.10999999999999999,tot0jgkk,fixed_alpha0.05_german_gender_seed23,FixedAlpha_0.05,23,
3,4,0.715,0.015000000000000013,0.09499999999999997,tot0jgkk,fixed_alpha0.05_german_gender_seed23,FixedAlpha_0.05,23,
4,5,0.71,0.0050000000000000044,0.08999999999999997,tot0jgkk,fixed_alpha0.05_german_gender_seed23,FixedAlpha_0.05,23,
5,6,0.725,0.0050000000000000044,0.11500000000000005,tot0jgkk,fixed_alpha0.05_german_gender_seed23,FixedAlpha_0.05,23,
6,7,0.72,0.010000000000000009,0.10500000000000004,tot0jgkk,fixed_alpha0.05_german_gender_seed23,FixedAlpha_0.05,23,
7,8,0.705,0.029999999999999916,0.10249999999999998,tot0jgkk,fixed_alpha0.05_german_gender_seed23,FixedAlpha_0.05,23,
8,9,0.72,0.06999999999999995,0.07249999999999995,tot0jgkk,fixed_alpha0.05_german_gender_seed23,FixedAlpha_0.05,23,
9,10,0.755,0.06999999999999995,0.09749999999999998,tot0jgkk,fixed_alpha0.05_german_gender_seed23,FixedAlpha_0.05,23,
10,11,0.745,0.020000000000000018,0.07250000000000001,tot0jgkk,fixed_alpha0.05_german_gender_seed23,FixedAlpha_0.05,23,
11,12,0.74,0.015000000000000013,0.08249999999999999,tot0jgkk,fixed_alpha0.05_german_gender_seed23,FixedAlpha_0.05,23,
12,13,0.74,0.015000000000000013,0.08249999999999999,tot0jgkk,fixed_alpha0.05_german_gender_seed23,FixedAlpha_0.05,23,
13,14,0.745,0.015000000000000013,0.10749999999999998,tot0jgkk,fixed_alpha0.05_german_gender_seed23,FixedAlpha_0.05,23,
14,15,0.745,0.010000000000000009,0.09249999999999997,tot0jgkk,fixed_alpha0.05_german_gender_seed23,FixedAlpha_0.05,23,
15,16,0.74,0.0,0.08749999999999997,tot0jgkk,fixed_alpha0.05_german_gender_seed23,FixedAlpha_0.05,23,
16,17,0.745,0.0,0.07500000000000001,tot0jgkk,fixed_alpha0.05_german_gender_seed23,FixedAlpha_0.05,23,
17,18,0.74,0.025000000000000022,0.08750000000000002,tot0jgkk,fixed_alpha0.05_german_gender_seed23,FixedAlpha_0.05,23,
18,19,0.735,0.04999999999999993,0.09999999999999998,tot0jgkk,fixed_alpha0.05_german_gender_seed23,FixedAlpha_0.05,23,
19,20,0.735,0.05999999999999994,0.07999999999999999,tot0jgkk,fixed_alpha0.05_german_gender_seed23,FixedAlpha_0.05,23,
20,21,0.735,0.05999999999999994,0.04249999999999998,tot0jgkk,fixed_alpha0.05_german_gender_seed23,FixedAlpha_0.05,23,
21,22,0.73,0.08499999999999996,0.05499999999999999,tot0jgkk,fixed_alpha0.05_german_gender_seed23,FixedAlpha_0.05,23,
22,23,0.735,0.08499999999999996,0.04249999999999998,tot0jgkk,fixed_alpha0.05_german_gender_seed23,FixedAlpha_0.05,23,
23,24,0.735,0.10999999999999999,0.0675,tot0jgkk,fixed_alpha0.05_german_gender_seed23,FixedAlpha_0.05,23,
24,25,0.74,0.08499999999999996,0.05499999999999999,tot0jgkk,fixed_alpha0.05_german_gender_seed23,FixedAlpha_0.05,23,
25,26,0.725,0.08999999999999997,0.057499999999999996,tot0jgkk,fixed_alpha0.05_german_gender_seed23,FixedAlpha_0.05,23,
26,27,0.73,0.08999999999999997,0.05749999999999997,tot0jgkk,fixed_alpha0.05_german_gender_seed23,FixedAlpha_0.05,23,
27,28,0.73,0.08999999999999997,0.05749999999999997,tot0jgkk,fixed_alpha0.05_german_gender_seed23,FixedAlpha_0.05,23,
28,29,0.72,0.09499999999999997,0.04749999999999999,tot0jgkk,fixed_alpha0.05_german_gender_seed23,FixedAlpha_0.05,23,
29,30,0.715,0.09499999999999997,0.05999999999999997,tot0jgkk,fixed_alpha0.05_german_gender_seed23,FixedAlpha_0.05,23,
0,1,0.64,0.020000000000000018,0.06,x2osox0s,fixed_alpha0.05_german_gender_seed24,FixedAlpha_0.05,24,
1,2,0.66,0.025000000000000022,0.07500000000000001,x2osox0s,fixed_alpha0.05_german_gender_seed24,FixedAlpha_0.05,24,
2,3,0.7,0.020000000000000018,0.07250000000000001,x2osox0s,fixed_alpha0.05_german_gender_seed24,FixedAlpha_0.05,24,
3,4,0.69,0.0,0.0625,x2osox0s,fixed_alpha0.05_german_gender_seed24,FixedAlpha_0.05,24,
4,5,0.695,0.010000000000000009,0.017500000000000016,x2osox0s,fixed_alpha0.05_german_gender_seed24,FixedAlpha_0.05,24,
5,6,0.695,0.030000000000000027,0.027500000000000024,x2osox0s,fixed_alpha0.05_german_gender_seed24,FixedAlpha_0.05,24,
6,7,0.685,0.08500000000000008,0.10500000000000004,x2osox0s,fixed_alpha0.05_german_gender_seed24,FixedAlpha_0.05,24,
7,8,0.69,0.09999999999999998,0.07500000000000001,x2osox0s,fixed_alpha0.05_german_gender_seed24,FixedAlpha_0.05,24,
8,9,0.7,0.09999999999999998,0.08749999999999997,x2osox0s,fixed_alpha0.05_german_gender_seed24,FixedAlpha_0.05,24,
9,10,0.72,0.08999999999999997,0.09499999999999997,x2osox0s,fixed_alpha0.05_german_gender_seed24,FixedAlpha_0.05,24,
10,11,0.725,0.07999999999999996,0.06499999999999995,x2osox0s,fixed_alpha0.05_german_gender_seed24,FixedAlpha_0.05,24,
11,12,0.73,0.07999999999999996,0.052499999999999936,x2osox0s,fixed_alpha0.05_german_gender_seed24,FixedAlpha_0.05,24,
12,13,0.725,0.05999999999999994,0.02999999999999997,x2osox0s,fixed_alpha0.05_german_gender_seed24,FixedAlpha_0.05,24,
13,14,0.74,0.03500000000000003,0.030000000000000027,x2osox0s,fixed_alpha0.05_german_gender_seed24,FixedAlpha_0.05,24,
14,15,0.73,0.04999999999999993,0.03749999999999998,x2osox0s,fixed_alpha0.05_german_gender_seed24,FixedAlpha_0.05,24,
15,16,0.73,0.07499999999999996,0.07499999999999998,x2osox0s,fixed_alpha0.05_german_gender_seed24,FixedAlpha_0.05,24,
16,17,0.725,0.09999999999999998,0.0875,x2osox0s,fixed_alpha0.05_german_gender_seed24,FixedAlpha_0.05,24,
17,18,0.72,0.08999999999999997,0.08249999999999999,x2osox0s,fixed_alpha0.05_german_gender_seed24,FixedAlpha_0.05,24,
18,19,0.71,0.06000000000000005,0.05500000000000002,x2osox0s,fixed_alpha0.05_german_gender_seed24,FixedAlpha_0.05,24,
19,20,0.705,0.08500000000000008,0.05500000000000005,x2osox0s,fixed_alpha0.05_german_gender_seed24,FixedAlpha_0.05,24,
20,21,0.705,0.08500000000000008,0.05500000000000005,x2osox0s,fixed_alpha0.05_german_gender_seed24,FixedAlpha_0.05,24,
21,22,0.715,0.06000000000000005,0.05500000000000002,x2osox0s,fixed_alpha0.05_german_gender_seed24,FixedAlpha_0.05,24,
22,23,0.72,0.06999999999999995,0.05999999999999997,x2osox0s,fixed_alpha0.05_german_gender_seed24,FixedAlpha_0.05,24,
23,24,0.72,0.10499999999999998,0.07749999999999999,x2osox0s,fixed_alpha0.05_german_gender_seed24,FixedAlpha_0.05,24,
24,25,0.71,0.08500000000000008,0.06750000000000003,x2osox0s,fixed_alpha0.05_german_gender_seed24,FixedAlpha_0.05,24,
25,26,0.71,0.1100000000000001,0.05500000000000005,x2osox0s,fixed_alpha0.05_german_gender_seed24,FixedAlpha_0.05,24,
26,27,0.71,0.1100000000000001,0.09250000000000005,x2osox0s,fixed_alpha0.05_german_gender_seed24,FixedAlpha_0.05,24,
27,28,0.71,0.12,0.08499999999999999,x2osox0s,fixed_alpha0.05_german_gender_seed24,FixedAlpha_0.05,24,
28,29,0.715,0.12,0.0975,x2osox0s,fixed_alpha0.05_german_gender_seed24,FixedAlpha_0.05,24,
29,30,0.72,0.09499999999999997,0.08499999999999999,x2osox0s,fixed_alpha0.05_german_gender_seed24,FixedAlpha_0.05,24,
0,1,0.62,0.13,0.10250000000000004,sknrorw9,fixed_alpha0.05_german_gender_seed25,FixedAlpha_0.05,25,
1,2,0.645,0.17499999999999993,0.08749999999999997,sknrorw9,fixed_alpha0.05_german_gender_seed25,FixedAlpha_0.05,25,
2,3,0.67,0.17999999999999994,0.11499999999999994,sknrorw9,fixed_alpha0.05_german_gender_seed25,FixedAlpha_0.05,25,
3,4,0.685,0.15500000000000003,0.11500000000000005,sknrorw9,fixed_alpha0.05_german_gender_seed25,FixedAlpha_0.05,25,
4,5,0.705,0.10499999999999998,0.065,sknrorw9,fixed_alpha0.05_german_gender_seed25,FixedAlpha_0.05,25,
5,6,0.69,0.09999999999999998,0.04999999999999999,sknrorw9,fixed_alpha0.05_german_gender_seed25,FixedAlpha_0.05,25,
6,7,0.695,0.08999999999999997,0.06999999999999995,sknrorw9,fixed_alpha0.05_german_gender_seed25,FixedAlpha_0.05,25,
7,8,0.7,0.13,0.10250000000000004,sknrorw9,fixed_alpha0.05_german_gender_seed25,FixedAlpha_0.05,25,
8,9,0.7,0.15500000000000003,0.12750000000000006,sknrorw9,fixed_alpha0.05_german_gender_seed25,FixedAlpha_0.05,25,
9,10,0.705,0.18000000000000005,0.1275,sknrorw9,fixed_alpha0.05_german_gender_seed25,FixedAlpha_0.05,25,
10,11,0.715,0.18000000000000005,0.10250000000000004,sknrorw9,fixed_alpha0.05_german_gender_seed25,FixedAlpha_0.05,25,
11,12,0.715,0.17000000000000004,0.08500000000000002,sknrorw9,fixed_alpha0.05_german_gender_seed25,FixedAlpha_0.05,25,
12,13,0.715,0.17000000000000004,0.08500000000000002,sknrorw9,fixed_alpha0.05_german_gender_seed25,FixedAlpha_0.05,25,
13,14,0.72,0.17000000000000004,0.09750000000000003,sknrorw9,fixed_alpha0.05_german_gender_seed25,FixedAlpha_0.05,25,
14,15,0.725,0.15000000000000002,0.125,sknrorw9,fixed_alpha0.05_german_gender_seed25,FixedAlpha_0.05,25,
15,16,0.73,0.15000000000000002,0.09999999999999998,sknrorw9,fixed_alpha0.05_german_gender_seed25,FixedAlpha_0.05,25,
16,17,0.725,0.14,0.09499999999999997,sknrorw9,fixed_alpha0.05_german_gender_seed25,FixedAlpha_0.05,25,
17,18,0.735,0.08999999999999997,0.06999999999999995,sknrorw9,fixed_alpha0.05_german_gender_seed25,FixedAlpha_0.05,25,
18,19,0.745,0.06500000000000006,0.07,sknrorw9,fixed_alpha0.05_german_gender_seed25,FixedAlpha_0.05,25,
19,20,0.755,0.06500000000000006,0.05750000000000005,sknrorw9,fixed_alpha0.05_german_gender_seed25,FixedAlpha_0.05,25,
20,21,0.755,0.06500000000000006,0.05750000000000005,sknrorw9,fixed_alpha0.05_german_gender_seed25,FixedAlpha_0.05,25,
21,22,0.75,0.05500000000000005,0.05250000000000005,sknrorw9,fixed_alpha0.05_german_gender_seed25,FixedAlpha_0.05,25,
22,23,0.75,0.05500000000000005,0.05250000000000005,sknrorw9,fixed_alpha0.05_german_gender_seed25,FixedAlpha_0.05,25,
23,24,0.75,0.05500000000000005,0.05250000000000005,sknrorw9,fixed_alpha0.05_german_gender_seed25,FixedAlpha_0.05,25,
24,25,0.75,0.05500000000000005,0.05250000000000005,sknrorw9,fixed_alpha0.05_german_gender_seed25,FixedAlpha_0.05,25,
25,26,0.75,0.05500000000000005,0.05250000000000005,sknrorw9,fixed_alpha0.05_german_gender_seed25,FixedAlpha_0.05,25,
26,27,0.75,0.05500000000000005,0.05250000000000005,sknrorw9,fixed_alpha0.05_german_gender_seed25,FixedAlpha_0.05,25,
27,28,0.75,0.05500000000000005,0.05250000000000005,sknrorw9,fixed_alpha0.05_german_gender_seed25,FixedAlpha_0.05,25,
28,29,0.75,0.05500000000000005,0.05250000000000005,sknrorw9,fixed_alpha0.05_german_gender_seed25,FixedAlpha_0.05,25,
29,30,0.75,0.05500000000000005,0.05250000000000005,sknrorw9,fixed_alpha0.05_german_gender_seed25,FixedAlpha_0.05,25,
0,1,0.37,0.15000000000000002,0.1,qc5k3kn0,fixed_alpha0.05_german_gender_seed26,FixedAlpha_0.05,26,
1,2,0.405,0.08000000000000002,0.1275,qc5k3kn0,fixed_alpha0.05_german_gender_seed26,FixedAlpha_0.05,26,
2,3,0.525,0.08999999999999997,0.13249999999999998,qc5k3kn0,fixed_alpha0.05_german_gender_seed26,FixedAlpha_0.05,26,
3,4,0.63,0.1449999999999999,0.12249999999999994,qc5k3kn0,fixed_alpha0.05_german_gender_seed26,FixedAlpha_0.05,26,
4,5,0.645,0.04500000000000004,0.06,qc5k3kn0,fixed_alpha0.05_german_gender_seed26,FixedAlpha_0.05,26,
5,6,0.685,0.05999999999999994,0.04249999999999998,qc5k3kn0,fixed_alpha0.05_german_gender_seed26,FixedAlpha_0.05,26,
6,7,0.695,0.030000000000000027,0.05249999999999999,qc5k3kn0,fixed_alpha0.05_german_gender_seed26,FixedAlpha_0.05,26,
7,8,0.7,0.040000000000000036,0.057499999999999996,qc5k3kn0,fixed_alpha0.05_german_gender_seed26,FixedAlpha_0.05,26,
8,9,0.7,0.040000000000000036,0.057499999999999996,qc5k3kn0,fixed_alpha0.05_german_gender_seed26,FixedAlpha_0.05,26,
9,10,0.71,0.040000000000000036,0.07,qc5k3kn0,fixed_alpha0.05_german_gender_seed26,FixedAlpha_0.05,26,
10,11,0.715,0.020000000000000018,0.06,qc5k3kn0,fixed_alpha0.05_german_gender_seed26,FixedAlpha_0.05,26,
11,12,0.725,0.020000000000000018,0.07250000000000001,qc5k3kn0,fixed_alpha0.05_german_gender_seed26,FixedAlpha_0.05,26,
12,13,0.725,0.08499999999999996,0.09250000000000003,qc5k3kn0,fixed_alpha0.05_german_gender_seed26,FixedAlpha_0.05,26,
13,14,0.74,0.09999999999999998,0.11249999999999999,qc5k3kn0,fixed_alpha0.05_german_gender_seed26,FixedAlpha_0.05,26,
14,15,0.735,0.1050000000000001,0.09000000000000008,qc5k3kn0,fixed_alpha0.05_german_gender_seed26,FixedAlpha_0.05,26,
15,16,0.715,0.09999999999999998,0.08750000000000002,qc5k3kn0,fixed_alpha0.05_german_gender_seed26,FixedAlpha_0.05,26,
16,17,0.725,0.08999999999999997,0.08249999999999996,qc5k3kn0,fixed_alpha0.05_german_gender_seed26,FixedAlpha_0.05,26,
17,18,0.73,0.08999999999999997,0.06999999999999995,qc5k3kn0,fixed_alpha0.05_german_gender_seed26,FixedAlpha_0.05,26,
18,19,0.72,0.10499999999999998,0.07749999999999996,qc5k3kn0,fixed_alpha0.05_german_gender_seed26,FixedAlpha_0.05,26,
19,20,0.725,0.10499999999999998,0.10249999999999998,qc5k3kn0,fixed_alpha0.05_german_gender_seed26,FixedAlpha_0.05,26,
20,21,0.715,0.08499999999999996,0.09249999999999997,qc5k3kn0,fixed_alpha0.05_german_gender_seed26,FixedAlpha_0.05,26,
21,22,0.715,0.10999999999999999,0.09249999999999997,qc5k3kn0,fixed_alpha0.05_german_gender_seed26,FixedAlpha_0.05,26,
22,23,0.715,0.10999999999999999,0.09249999999999997,qc5k3kn0,fixed_alpha0.05_german_gender_seed26,FixedAlpha_0.05,26,
23,24,0.72,0.10999999999999999,0.11749999999999997,qc5k3kn0,fixed_alpha0.05_german_gender_seed26,FixedAlpha_0.05,26,
24,25,0.72,0.10999999999999999,0.11749999999999997,qc5k3kn0,fixed_alpha0.05_german_gender_seed26,FixedAlpha_0.05,26,
25,26,0.725,0.10999999999999999,0.10500000000000001,qc5k3kn0,fixed_alpha0.05_german_gender_seed26,FixedAlpha_0.05,26,
26,27,0.73,0.10999999999999999,0.0925,qc5k3kn0,fixed_alpha0.05_german_gender_seed26,FixedAlpha_0.05,26,
27,28,0.73,0.10999999999999999,0.0925,qc5k3kn0,fixed_alpha0.05_german_gender_seed26,FixedAlpha_0.05,26,
28,29,0.725,0.09999999999999998,0.0875,qc5k3kn0,fixed_alpha0.05_german_gender_seed26,FixedAlpha_0.05,26,
29,30,0.72,0.125,0.1,qc5k3kn0,fixed_alpha0.05_german_gender_seed26,FixedAlpha_0.05,26,
0,1,0.58,0.04999999999999993,0.04999999999999996,ra645uwb,fixed_alpha0.05_german_gender_seed27,FixedAlpha_0.05,27,
1,2,0.63,0.05500000000000005,0.09000000000000002,ra645uwb,fixed_alpha0.05_german_gender_seed27,FixedAlpha_0.05,27,
2,3,0.655,0.07999999999999996,0.052499999999999936,ra645uwb,fixed_alpha0.05_german_gender_seed27,FixedAlpha_0.05,27,
3,4,0.7,0.08499999999999996,0.07999999999999996,ra645uwb,fixed_alpha0.05_german_gender_seed27,FixedAlpha_0.05,27,
4,5,0.71,0.10499999999999998,0.08999999999999997,ra645uwb,fixed_alpha0.05_german_gender_seed27,FixedAlpha_0.05,27,
5,6,0.725,0.07999999999999996,0.1275,ra645uwb,fixed_alpha0.05_german_gender_seed27,FixedAlpha_0.05,27,
6,7,0.725,0.06999999999999995,0.10999999999999999,ra645uwb,fixed_alpha0.05_german_gender_seed27,FixedAlpha_0.05,27,
7,8,0.73,0.05999999999999994,0.08000000000000002,ra645uwb,fixed_alpha0.05_german_gender_seed27,FixedAlpha_0.05,27,
8,9,0.73,0.18499999999999994,0.11749999999999994,ra645uwb,fixed_alpha0.05_german_gender_seed27,FixedAlpha_0.05,27,
9,10,0.745,0.19999999999999996,0.09999999999999998,ra645uwb,fixed_alpha0.05_german_gender_seed27,FixedAlpha_0.05,27,
10,11,0.745,0.18000000000000005,0.11499999999999999,ra645uwb,fixed_alpha0.05_german_gender_seed27,FixedAlpha_0.05,27,
11,12,0.745,0.20500000000000007,0.14,ra645uwb,fixed_alpha0.05_german_gender_seed27,FixedAlpha_0.05,27,
12,13,0.74,0.18500000000000005,0.10500000000000004,ra645uwb,fixed_alpha0.05_german_gender_seed27,FixedAlpha_0.05,27,
13,14,0.735,0.17500000000000004,0.10000000000000003,ra645uwb,fixed_alpha0.05_german_gender_seed27,FixedAlpha_0.05,27,
14,15,0.73,0.16500000000000004,0.09500000000000003,ra645uwb,fixed_alpha0.05_german_gender_seed27,FixedAlpha_0.05,27,
15,16,0.73,0.16500000000000004,0.09500000000000003,ra645uwb,fixed_alpha0.05_german_gender_seed27,FixedAlpha_0.05,27,
16,17,0.72,0.18000000000000005,0.10250000000000004,ra645uwb,fixed_alpha0.05_german_gender_seed27,FixedAlpha_0.05,27,
17,18,0.72,0.18000000000000005,0.10250000000000004,ra645uwb,fixed_alpha0.05_german_gender_seed27,FixedAlpha_0.05,27,
18,19,0.725,0.18000000000000005,0.11500000000000005,ra645uwb,fixed_alpha0.05_german_gender_seed27,FixedAlpha_0.05,27,
19,20,0.725,0.18000000000000005,0.11500000000000005,ra645uwb,fixed_alpha0.05_german_gender_seed27,FixedAlpha_0.05,27,
20,21,0.725,0.18000000000000005,0.11500000000000005,ra645uwb,fixed_alpha0.05_german_gender_seed27,FixedAlpha_0.05,27,
21,22,0.735,0.19000000000000006,0.13250000000000006,ra645uwb,fixed_alpha0.05_german_gender_seed27,FixedAlpha_0.05,27,
22,23,0.73,0.21499999999999997,0.14500000000000002,ra645uwb,fixed_alpha0.05_german_gender_seed27,FixedAlpha_0.05,27,
23,24,0.735,0.21499999999999997,0.1575,ra645uwb,fixed_alpha0.05_german_gender_seed27,FixedAlpha_0.05,27,
24,25,0.73,0.20499999999999996,0.1525,ra645uwb,fixed_alpha0.05_german_gender_seed27,FixedAlpha_0.05,27,
25,26,0.725,0.19499999999999995,0.1475,ra645uwb,fixed_alpha0.05_german_gender_seed27,FixedAlpha_0.05,27,
26,27,0.725,0.17000000000000004,0.12250000000000005,ra645uwb,fixed_alpha0.05_german_gender_seed27,FixedAlpha_0.05,27,
27,28,0.725,0.14500000000000002,0.09750000000000003,ra645uwb,fixed_alpha0.05_german_gender_seed27,FixedAlpha_0.05,27,
28,29,0.725,0.14500000000000002,0.09750000000000003,ra645uwb,fixed_alpha0.05_german_gender_seed27,FixedAlpha_0.05,27,
29,30,0.725,0.14500000000000002,0.09750000000000003,ra645uwb,fixed_alpha0.05_german_gender_seed27,FixedAlpha_0.05,27,
0,1,0.595,0.21999999999999997,0.10999999999999999,0a0ndzhh,fixed_alpha0.05_german_gender_seed29,FixedAlpha_0.05,29,
1,2,0.67,0.17499999999999993,0.09999999999999998,0a0ndzhh,fixed_alpha0.05_german_gender_seed29,FixedAlpha_0.05,29,
2,3,0.67,0.135,0.10499999999999998,0a0ndzhh,fixed_alpha0.05_german_gender_seed29,FixedAlpha_0.05,29,
3,4,0.695,0.08499999999999996,0.09249999999999997,0a0ndzhh,fixed_alpha0.05_german_gender_seed29,FixedAlpha_0.05,29,
4,5,0.72,0.0050000000000000044,0.05249999999999999,0a0ndzhh,fixed_alpha0.05_german_gender_seed29,FixedAlpha_0.05,29,
5,6,0.72,0.0050000000000000044,0.027500000000000024,0a0ndzhh,fixed_alpha0.05_german_gender_seed29,FixedAlpha_0.05,29,
6,7,0.705,0.010000000000000009,0.030000000000000027,0a0ndzhh,fixed_alpha0.05_german_gender_seed29,FixedAlpha_0.05,29,
7,8,0.715,0.03499999999999992,0.02999999999999997,0a0ndzhh,fixed_alpha0.05_german_gender_seed29,FixedAlpha_0.05,29,
8,9,0.725,0.02499999999999991,0.062499999999999944,0a0ndzhh,fixed_alpha0.05_german_gender_seed29,FixedAlpha_0.05,29,
9,10,0.74,0.07499999999999996,0.11249999999999999,0a0ndzhh,fixed_alpha0.05_german_gender_seed29,FixedAlpha_0.05,29,
10,11,0.73,0.08000000000000007,0.09000000000000002,0a0ndzhh,fixed_alpha0.05_german_gender_seed29,FixedAlpha_0.05,29,
11,12,0.735,0.07000000000000006,0.07250000000000001,0a0ndzhh,fixed_alpha0.05_german_gender_seed29,FixedAlpha_0.05,29,
12,13,0.72,0.135,0.1175,0a0ndzhh,fixed_alpha0.05_german_gender_seed29,FixedAlpha_0.05,29,
13,14,0.73,0.135,0.0675,0a0ndzhh,fixed_alpha0.05_german_gender_seed29,FixedAlpha_0.05,29,
14,15,0.745,0.135,0.10499999999999998,0a0ndzhh,fixed_alpha0.05_german_gender_seed29,FixedAlpha_0.05,29,
15,16,0.74,0.135,0.13,0a0ndzhh,fixed_alpha0.05_german_gender_seed29,FixedAlpha_0.05,29,
16,17,0.74,0.135,0.13,0a0ndzhh,fixed_alpha0.05_german_gender_seed29,FixedAlpha_0.05,29,
17,18,0.745,0.135,0.14250000000000002,0a0ndzhh,fixed_alpha0.05_german_gender_seed29,FixedAlpha_0.05,29,
18,19,0.745,0.135,0.14250000000000002,0a0ndzhh,fixed_alpha0.05_german_gender_seed29,FixedAlpha_0.05,29,
19,20,0.735,0.11499999999999999,0.1325,0a0ndzhh,fixed_alpha0.05_german_gender_seed29,FixedAlpha_0.05,29,
20,21,0.735,0.11499999999999999,0.1325,0a0ndzhh,fixed_alpha0.05_german_gender_seed29,FixedAlpha_0.05,29,
21,22,0.74,0.11499999999999999,0.10749999999999998,0a0ndzhh,fixed_alpha0.05_german_gender_seed29,FixedAlpha_0.05,29,
22,23,0.745,0.11499999999999999,0.08250000000000002,0a0ndzhh,fixed_alpha0.05_german_gender_seed29,FixedAlpha_0.05,29,
23,24,0.75,0.16500000000000004,0.10750000000000001,0a0ndzhh,fixed_alpha0.05_german_gender_seed29,FixedAlpha_0.05,29,
24,25,0.75,0.16500000000000004,0.10750000000000001,0a0ndzhh,fixed_alpha0.05_german_gender_seed29,FixedAlpha_0.05,29,
25,26,0.745,0.15500000000000003,0.10250000000000001,0a0ndzhh,fixed_alpha0.05_german_gender_seed29,FixedAlpha_0.05,29,
26,27,0.74,0.15500000000000003,0.12750000000000003,0a0ndzhh,fixed_alpha0.05_german_gender_seed29,FixedAlpha_0.05,29,
27,28,0.74,0.15500000000000003,0.12750000000000003,0a0ndzhh,fixed_alpha0.05_german_gender_seed29,FixedAlpha_0.05,29,
28,29,0.735,0.14500000000000002,0.12250000000000003,0a0ndzhh,fixed_alpha0.05_german_gender_seed29,FixedAlpha_0.05,29,
29,30,0.735,0.14500000000000002,0.12250000000000003,0a0ndzhh,fixed_alpha0.05_german_gender_seed29,FixedAlpha_0.05,29,
0,1,0.47,0.03999999999999998,0.08249999999999996,7o1u50ks,fixed_alpha0.05_german_gender_seed28,FixedAlpha_0.05,28,
1,2,0.57,0.029999999999999916,0.15249999999999997,7o1u50ks,fixed_alpha0.05_german_gender_seed28,FixedAlpha_0.05,28,
2,3,0.67,0.07000000000000006,0.11000000000000004,7o1u50ks,fixed_alpha0.05_german_gender_seed28,FixedAlpha_0.05,28,
3,4,0.715,0.029999999999999916,0.07749999999999996,7o1u50ks,fixed_alpha0.05_german_gender_seed28,FixedAlpha_0.05,28,
4,5,0.725,0.010000000000000009,0.05499999999999999,7o1u50ks,fixed_alpha0.05_german_gender_seed28,FixedAlpha_0.05,28,
5,6,0.725,0.015000000000000013,0.07,7o1u50ks,fixed_alpha0.05_german_gender_seed28,FixedAlpha_0.05,28,
6,7,0.735,0.0050000000000000044,0.09000000000000002,7o1u50ks,fixed_alpha0.05_german_gender_seed28,FixedAlpha_0.05,28,
7,8,0.73,0.010000000000000009,0.09249999999999997,7o1u50ks,fixed_alpha0.05_german_gender_seed28,FixedAlpha_0.05,28,
8,9,0.725,0.0050000000000000044,0.07750000000000001,7o1u50ks,fixed_alpha0.05_german_gender_seed28,FixedAlpha_0.05,28,
9,10,0.745,0.030000000000000027,0.065,7o1u50ks,fixed_alpha0.05_german_gender_seed28,FixedAlpha_0.05,28,
10,11,0.75,0.025000000000000022,0.07500000000000001,7o1u50ks,fixed_alpha0.05_german_gender_seed28,FixedAlpha_0.05,28,
11,12,0.77,0.025000000000000022,0.025000000000000022,7o1u50ks,fixed_alpha0.05_german_gender_seed28,FixedAlpha_0.05,28,
12,13,0.77,0.025000000000000022,0.025000000000000022,7o1u50ks,fixed_alpha0.05_german_gender_seed28,FixedAlpha_0.05,28,
13,14,0.77,0.015000000000000013,0.04500000000000001,7o1u50ks,fixed_alpha0.05_german_gender_seed28,FixedAlpha_0.05,28,
14,15,0.775,0.015000000000000013,0.0325,7o1u50ks,fixed_alpha0.05_german_gender_seed28,FixedAlpha_0.05,28,
15,16,0.78,0.015000000000000013,0.01999999999999999,7o1u50ks,fixed_alpha0.05_german_gender_seed28,FixedAlpha_0.05,28,
16,17,0.775,0.040000000000000036,0.0325,7o1u50ks,fixed_alpha0.05_german_gender_seed28,FixedAlpha_0.05,28,
17,18,0.775,0.030000000000000027,0.05249999999999999,7o1u50ks,fixed_alpha0.05_german_gender_seed28,FixedAlpha_0.05,28,
18,19,0.77,0.07999999999999996,0.06499999999999997,7o1u50ks,fixed_alpha0.05_german_gender_seed28,FixedAlpha_0.05,28,
19,20,0.77,0.07999999999999996,0.06499999999999997,7o1u50ks,fixed_alpha0.05_german_gender_seed28,FixedAlpha_0.05,28,
20,21,0.77,0.11499999999999999,0.08249999999999999,7o1u50ks,fixed_alpha0.05_german_gender_seed28,FixedAlpha_0.05,28,
21,22,0.77,0.11499999999999999,0.08249999999999999,7o1u50ks,fixed_alpha0.05_german_gender_seed28,FixedAlpha_0.05,28,
22,23,0.77,0.11499999999999999,0.08249999999999999,7o1u50ks,fixed_alpha0.05_german_gender_seed28,FixedAlpha_0.05,28,
23,24,0.765,0.10499999999999998,0.07749999999999999,7o1u50ks,fixed_alpha0.05_german_gender_seed28,FixedAlpha_0.05,28,
24,25,0.765,0.10499999999999998,0.07749999999999999,7o1u50ks,fixed_alpha0.05_german_gender_seed28,FixedAlpha_0.05,28,
25,26,0.765,0.10499999999999998,0.07749999999999999,7o1u50ks,fixed_alpha0.05_german_gender_seed28,FixedAlpha_0.05,28,
26,27,0.765,0.10499999999999998,0.07749999999999999,7o1u50ks,fixed_alpha0.05_german_gender_seed28,FixedAlpha_0.05,28,
27,28,0.765,0.10499999999999998,0.07749999999999999,7o1u50ks,fixed_alpha0.05_german_gender_seed28,FixedAlpha_0.05,28,
28,29,0.765,0.10499999999999998,0.07749999999999999,7o1u50ks,fixed_alpha0.05_german_gender_seed28,FixedAlpha_0.05,28,
29,30,0.765,0.10499999999999998,0.07749999999999999,7o1u50ks,fixed_alpha0.05_german_gender_seed28,FixedAlpha_0.05,28,
0,1,0.595,0.15000000000000002,0.08750000000000002,rrl0kue4,fixed_alpha0.1_german_gender_seed1,FixedAlpha_0.1,1,
1,2,0.66,0.10999999999999999,0.05499999999999999,rrl0kue4,fixed_alpha0.1_german_gender_seed1,FixedAlpha_0.1,1,
2,3,0.68,0.030000000000000027,0.027500000000000024,rrl0kue4,fixed_alpha0.1_german_gender_seed1,FixedAlpha_0.1,1,
3,4,0.7,0.020000000000000018,0.034999999999999976,rrl0kue4,fixed_alpha0.1_german_gender_seed1,FixedAlpha_0.1,1,
4,5,0.715,0.015000000000000013,0.03249999999999997,rrl0kue4,fixed_alpha0.1_german_gender_seed1,FixedAlpha_0.1,1,
5,6,0.725,0.015000000000000013,0.020000000000000018,rrl0kue4,fixed_alpha0.1_german_gender_seed1,FixedAlpha_0.1,1,
6,7,0.74,0.015000000000000013,0.03249999999999997,rrl0kue4,fixed_alpha0.1_german_gender_seed1,FixedAlpha_0.1,1,
7,8,0.75,0.020000000000000018,0.010000000000000009,rrl0kue4,fixed_alpha0.1_german_gender_seed1,FixedAlpha_0.1,1,
8,9,0.75,0.03499999999999992,0.06749999999999995,rrl0kue4,fixed_alpha0.1_german_gender_seed1,FixedAlpha_0.1,1,
9,10,0.735,0.08999999999999997,0.10749999999999998,rrl0kue4,fixed_alpha0.1_german_gender_seed1,FixedAlpha_0.1,1,
10,11,0.755,0.1050000000000001,0.06500000000000006,rrl0kue4,fixed_alpha0.1_german_gender_seed1,FixedAlpha_0.1,1,
11,12,0.75,0.09500000000000008,0.06000000000000005,rrl0kue4,fixed_alpha0.1_german_gender_seed1,FixedAlpha_0.1,1,
12,13,0.74,0.10999999999999999,0.0675,rrl0kue4,fixed_alpha0.1_german_gender_seed1,FixedAlpha_0.1,1,
13,14,0.74,0.09999999999999998,0.062499999999999944,rrl0kue4,fixed_alpha0.1_german_gender_seed1,FixedAlpha_0.1,1,
14,15,0.74,0.06500000000000006,0.044999999999999984,rrl0kue4,fixed_alpha0.1_german_gender_seed1,FixedAlpha_0.1,1,
15,16,0.735,0.07999999999999996,0.07749999999999996,rrl0kue4,fixed_alpha0.1_german_gender_seed1,FixedAlpha_0.1,1,
16,17,0.735,0.06999999999999995,0.06,rrl0kue4,fixed_alpha0.1_german_gender_seed1,FixedAlpha_0.1,1,
17,18,0.74,0.06999999999999995,0.04749999999999999,rrl0kue4,fixed_alpha0.1_german_gender_seed1,FixedAlpha_0.1,1,
18,19,0.735,0.09499999999999997,0.06,rrl0kue4,fixed_alpha0.1_german_gender_seed1,FixedAlpha_0.1,1,
19,20,0.73,0.08499999999999996,0.05499999999999999,rrl0kue4,fixed_alpha0.1_german_gender_seed1,FixedAlpha_0.1,1,
20,21,0.73,0.08499999999999996,0.05499999999999999,rrl0kue4,fixed_alpha0.1_german_gender_seed1,FixedAlpha_0.1,1,
21,22,0.73,0.08499999999999996,0.05499999999999999,rrl0kue4,fixed_alpha0.1_german_gender_seed1,FixedAlpha_0.1,1,
22,23,0.73,0.08499999999999996,0.05499999999999999,rrl0kue4,fixed_alpha0.1_german_gender_seed1,FixedAlpha_0.1,1,
23,24,0.725,0.10999999999999999,0.0675,rrl0kue4,fixed_alpha0.1_german_gender_seed1,FixedAlpha_0.1,1,
24,25,0.725,0.10999999999999999,0.0675,rrl0kue4,fixed_alpha0.1_german_gender_seed1,FixedAlpha_0.1,1,
25,26,0.725,0.10999999999999999,0.0675,rrl0kue4,fixed_alpha0.1_german_gender_seed1,FixedAlpha_0.1,1,
26,27,0.725,0.10999999999999999,0.0675,rrl0kue4,fixed_alpha0.1_german_gender_seed1,FixedAlpha_0.1,1,
27,28,0.725,0.135,0.0675,rrl0kue4,fixed_alpha0.1_german_gender_seed1,FixedAlpha_0.1,1,
28,29,0.725,0.135,0.0675,rrl0kue4,fixed_alpha0.1_german_gender_seed1,FixedAlpha_0.1,1,
29,30,0.725,0.135,0.0675,rrl0kue4,fixed_alpha0.1_german_gender_seed1,FixedAlpha_0.1,1,
0,1,0.54,0.010000000000000009,0.14250000000000002,kikouu3r,fixed_alpha0.1_german_gender_seed3,FixedAlpha_0.1,3,
1,2,0.625,0.050000000000000044,0.17500000000000004,kikouu3r,fixed_alpha0.1_german_gender_seed3,FixedAlpha_0.1,3,
2,3,0.67,0.020000000000000018,0.06,kikouu3r,fixed_alpha0.1_german_gender_seed3,FixedAlpha_0.1,3,
3,4,0.705,0.015000000000000013,0.007500000000000007,kikouu3r,fixed_alpha0.1_german_gender_seed3,FixedAlpha_0.1,3,
4,5,0.705,0.015000000000000013,0.007500000000000007,kikouu3r,fixed_alpha0.1_german_gender_seed3,FixedAlpha_0.1,3,
5,6,0.7,0.015000000000000013,0.03249999999999997,kikouu3r,fixed_alpha0.1_german_gender_seed3,FixedAlpha_0.1,3,
6,7,0.695,0.03500000000000003,0.05499999999999999,kikouu3r,fixed_alpha0.1_german_gender_seed3,FixedAlpha_0.1,3,
7,8,0.7,0.010000000000000009,0.0675,kikouu3r,fixed_alpha0.1_german_gender_seed3,FixedAlpha_0.1,3,
8,9,0.715,0.020000000000000018,0.04750000000000004,kikouu3r,fixed_alpha0.1_german_gender_seed3,FixedAlpha_0.1,3,
9,10,0.725,0.010000000000000009,0.0050000000000000044,kikouu3r,fixed_alpha0.1_german_gender_seed3,FixedAlpha_0.1,3,
10,11,0.73,0.040000000000000036,0.03250000000000003,kikouu3r,fixed_alpha0.1_german_gender_seed3,FixedAlpha_0.1,3,
11,12,0.725,0.10499999999999998,0.06499999999999995,kikouu3r,fixed_alpha0.1_german_gender_seed3,FixedAlpha_0.1,3,
12,13,0.72,0.12,0.06,kikouu3r,fixed_alpha0.1_german_gender_seed3,FixedAlpha_0.1,3,
13,14,0.725,0.12,0.08500000000000002,kikouu3r,fixed_alpha0.1_german_gender_seed3,FixedAlpha_0.1,3,
14,15,0.725,0.10999999999999999,0.0675,kikouu3r,fixed_alpha0.1_german_gender_seed3,FixedAlpha_0.1,3,
15,16,0.725,0.08499999999999996,0.05499999999999999,kikouu3r,fixed_alpha0.1_german_gender_seed3,FixedAlpha_0.1,3,
16,17,0.715,0.06499999999999995,0.044999999999999984,kikouu3r,fixed_alpha0.1_german_gender_seed3,FixedAlpha_0.1,3,
17,18,0.715,0.06499999999999995,0.044999999999999984,kikouu3r,fixed_alpha0.1_german_gender_seed3,FixedAlpha_0.1,3,
18,19,0.715,0.06499999999999995,0.044999999999999984,kikouu3r,fixed_alpha0.1_german_gender_seed3,FixedAlpha_0.1,3,
19,20,0.71,0.05499999999999994,0.03999999999999998,kikouu3r,fixed_alpha0.1_german_gender_seed3,FixedAlpha_0.1,3,
20,21,0.71,0.05499999999999994,0.03999999999999998,kikouu3r,fixed_alpha0.1_german_gender_seed3,FixedAlpha_0.1,3,
21,22,0.71,0.05499999999999994,0.03999999999999998,kikouu3r,fixed_alpha0.1_german_gender_seed3,FixedAlpha_0.1,3,
22,23,0.705,0.07999999999999996,0.05249999999999999,kikouu3r,fixed_alpha0.1_german_gender_seed3,FixedAlpha_0.1,3,
23,24,0.705,0.10499999999999998,0.07750000000000001,kikouu3r,fixed_alpha0.1_german_gender_seed3,FixedAlpha_0.1,3,
24,25,0.7,0.10499999999999998,0.065,kikouu3r,fixed_alpha0.1_german_gender_seed3,FixedAlpha_0.1,3,
25,26,0.705,0.07999999999999996,0.05249999999999999,kikouu3r,fixed_alpha0.1_german_gender_seed3,FixedAlpha_0.1,3,
26,27,0.71,0.07999999999999996,0.065,kikouu3r,fixed_alpha0.1_german_gender_seed3,FixedAlpha_0.1,3,
27,28,0.71,0.07999999999999996,0.065,kikouu3r,fixed_alpha0.1_german_gender_seed3,FixedAlpha_0.1,3,
28,29,0.715,0.07999999999999996,0.07750000000000001,kikouu3r,fixed_alpha0.1_german_gender_seed3,FixedAlpha_0.1,3,
29,30,0.715,0.07999999999999996,0.07750000000000001,kikouu3r,fixed_alpha0.1_german_gender_seed3,FixedAlpha_0.1,3,
0,1,0.66,0.015000000000000013,0.019999999999999962,5ur84pob,fixed_alpha0.1_german_gender_seed6,FixedAlpha_0.1,6,
1,2,0.685,0.025000000000000022,0.03749999999999998,5ur84pob,fixed_alpha0.1_german_gender_seed6,FixedAlpha_0.1,6,
2,3,0.7,0.0050000000000000044,0.02749999999999997,5ur84pob,fixed_alpha0.1_german_gender_seed6,FixedAlpha_0.1,6,
3,4,0.705,0.04499999999999993,0.05999999999999994,5ur84pob,fixed_alpha0.1_german_gender_seed6,FixedAlpha_0.1,6,
4,5,0.71,0.025000000000000022,0.025000000000000022,5ur84pob,fixed_alpha0.1_german_gender_seed6,FixedAlpha_0.1,6,
5,6,0.725,0.03500000000000003,0.017500000000000016,5ur84pob,fixed_alpha0.1_german_gender_seed6,FixedAlpha_0.1,6,
6,7,0.72,0.04499999999999993,0.022499999999999964,5ur84pob,fixed_alpha0.1_german_gender_seed6,FixedAlpha_0.1,6,
7,8,0.72,0.030000000000000027,0.05250000000000005,5ur84pob,fixed_alpha0.1_german_gender_seed6,FixedAlpha_0.1,6,
8,9,0.735,0.020000000000000018,0.022499999999999964,5ur84pob,fixed_alpha0.1_german_gender_seed6,FixedAlpha_0.1,6,
9,10,0.745,0.010000000000000009,0.0675,5ur84pob,fixed_alpha0.1_german_gender_seed6,FixedAlpha_0.1,6,
10,11,0.74,0.010000000000000009,0.05499999999999999,5ur84pob,fixed_alpha0.1_german_gender_seed6,FixedAlpha_0.1,6,
11,12,0.755,0.010000000000000009,0.05499999999999999,5ur84pob,fixed_alpha0.1_german_gender_seed6,FixedAlpha_0.1,6,
12,13,0.75,0.020000000000000018,0.06,5ur84pob,fixed_alpha0.1_german_gender_seed6,FixedAlpha_0.1,6,
13,14,0.755,0.020000000000000018,0.04749999999999999,5ur84pob,fixed_alpha0.1_german_gender_seed6,FixedAlpha_0.1,6,
14,15,0.755,0.020000000000000018,0.04749999999999999,5ur84pob,fixed_alpha0.1_german_gender_seed6,FixedAlpha_0.1,6,
15,16,0.76,0.020000000000000018,0.03500000000000003,5ur84pob,fixed_alpha0.1_german_gender_seed6,FixedAlpha_0.1,6,
16,17,0.74,0.020000000000000018,0.04749999999999999,5ur84pob,fixed_alpha0.1_german_gender_seed6,FixedAlpha_0.1,6,
17,18,0.735,0.020000000000000018,0.022499999999999964,5ur84pob,fixed_alpha0.1_german_gender_seed6,FixedAlpha_0.1,6,
18,19,0.73,0.020000000000000018,0.02250000000000002,5ur84pob,fixed_alpha0.1_german_gender_seed6,FixedAlpha_0.1,6,
19,20,0.735,0.020000000000000018,0.022499999999999964,5ur84pob,fixed_alpha0.1_german_gender_seed6,FixedAlpha_0.1,6,
20,21,0.725,0.0,0.012499999999999956,5ur84pob,fixed_alpha0.1_german_gender_seed6,FixedAlpha_0.1,6,
21,22,0.725,0.010000000000000009,0.0050000000000000044,5ur84pob,fixed_alpha0.1_german_gender_seed6,FixedAlpha_0.1,6,
22,23,0.74,0.015000000000000013,0.020000000000000018,5ur84pob,fixed_alpha0.1_german_gender_seed6,FixedAlpha_0.1,6,
23,24,0.735,0.015000000000000013,0.007500000000000007,5ur84pob,fixed_alpha0.1_german_gender_seed6,FixedAlpha_0.1,6,
24,25,0.725,0.039999999999999925,0.044999999999999984,5ur84pob,fixed_alpha0.1_german_gender_seed6,FixedAlpha_0.1,6,
25,26,0.73,0.039999999999999925,0.019999999999999962,5ur84pob,fixed_alpha0.1_german_gender_seed6,FixedAlpha_0.1,6,
26,27,0.73,0.04999999999999993,0.04999999999999999,5ur84pob,fixed_alpha0.1_german_gender_seed6,FixedAlpha_0.1,6,
27,28,0.73,0.04999999999999993,0.04999999999999999,5ur84pob,fixed_alpha0.1_german_gender_seed6,FixedAlpha_0.1,6,
28,29,0.735,0.05999999999999994,0.05499999999999999,5ur84pob,fixed_alpha0.1_german_gender_seed6,FixedAlpha_0.1,6,
29,30,0.735,0.04999999999999993,0.0625,5ur84pob,fixed_alpha0.1_german_gender_seed6,FixedAlpha_0.1,6,
0,1,0.715,0.0,0.0,32jvd1qu,fixed_alpha0.1_german_gender_seed2,FixedAlpha_0.1,2,
1,2,0.72,0.015000000000000013,0.044999999999999984,32jvd1qu,fixed_alpha0.1_german_gender_seed2,FixedAlpha_0.1,2,
2,3,0.725,0.030000000000000027,0.05250000000000005,32jvd1qu,fixed_alpha0.1_german_gender_seed2,FixedAlpha_0.1,2,
3,4,0.73,0.030000000000000027,0.065,32jvd1qu,fixed_alpha0.1_german_gender_seed2,FixedAlpha_0.1,2,
4,5,0.735,0.030000000000000027,0.07750000000000001,32jvd1qu,fixed_alpha0.1_german_gender_seed2,FixedAlpha_0.1,2,
5,6,0.735,0.020000000000000018,0.08500000000000002,32jvd1qu,fixed_alpha0.1_german_gender_seed2,FixedAlpha_0.1,2,
6,7,0.74,0.010000000000000009,0.0675,32jvd1qu,fixed_alpha0.1_german_gender_seed2,FixedAlpha_0.1,2,
7,8,0.73,0.0050000000000000044,0.065,32jvd1qu,fixed_alpha0.1_german_gender_seed2,FixedAlpha_0.1,2,
8,9,0.72,0.0,0.07500000000000001,32jvd1qu,fixed_alpha0.1_german_gender_seed2,FixedAlpha_0.1,2,
9,10,0.715,0.040000000000000036,0.12000000000000005,32jvd1qu,fixed_alpha0.1_german_gender_seed2,FixedAlpha_0.1,2,
10,11,0.705,0.010000000000000009,0.08000000000000002,32jvd1qu,fixed_alpha0.1_german_gender_seed2,FixedAlpha_0.1,2,
11,12,0.71,0.0,0.0625,32jvd1qu,fixed_alpha0.1_german_gender_seed2,FixedAlpha_0.1,2,
12,13,0.7,0.029999999999999916,0.10249999999999992,32jvd1qu,fixed_alpha0.1_german_gender_seed2,FixedAlpha_0.1,2,
13,14,0.705,0.029999999999999916,0.07749999999999996,32jvd1qu,fixed_alpha0.1_german_gender_seed2,FixedAlpha_0.1,2,
14,15,0.7,0.05499999999999994,0.08999999999999997,32jvd1qu,fixed_alpha0.1_german_gender_seed2,FixedAlpha_0.1,2,
15,16,0.715,0.05499999999999994,0.05249999999999999,32jvd1qu,fixed_alpha0.1_german_gender_seed2,FixedAlpha_0.1,2,
16,17,0.725,0.05499999999999994,0.05249999999999996,32jvd1qu,fixed_alpha0.1_german_gender_seed2,FixedAlpha_0.1,2,
17,18,0.72,0.07999999999999996,0.06499999999999997,32jvd1qu,fixed_alpha0.1_german_gender_seed2,FixedAlpha_0.1,2,
18,19,0.72,0.07999999999999996,0.06499999999999997,32jvd1qu,fixed_alpha0.1_german_gender_seed2,FixedAlpha_0.1,2,
19,20,0.725,0.08999999999999997,0.06999999999999998,32jvd1qu,fixed_alpha0.1_german_gender_seed2,FixedAlpha_0.1,2,
20,21,0.725,0.08999999999999997,0.06999999999999998,32jvd1qu,fixed_alpha0.1_german_gender_seed2,FixedAlpha_0.1,2,
21,22,0.725,0.08999999999999997,0.06999999999999998,32jvd1qu,fixed_alpha0.1_german_gender_seed2,FixedAlpha_0.1,2,
22,23,0.72,0.11499999999999999,0.08249999999999999,32jvd1qu,fixed_alpha0.1_german_gender_seed2,FixedAlpha_0.1,2,
23,24,0.72,0.11499999999999999,0.08249999999999999,32jvd1qu,fixed_alpha0.1_german_gender_seed2,FixedAlpha_0.1,2,
24,25,0.715,0.10499999999999998,0.07749999999999999,32jvd1qu,fixed_alpha0.1_german_gender_seed2,FixedAlpha_0.1,2,
25,26,0.71,0.09499999999999997,0.07249999999999998,32jvd1qu,fixed_alpha0.1_german_gender_seed2,FixedAlpha_0.1,2,
26,27,0.71,0.09499999999999997,0.07249999999999998,32jvd1qu,fixed_alpha0.1_german_gender_seed2,FixedAlpha_0.1,2,
27,28,0.71,0.09499999999999997,0.07249999999999998,32jvd1qu,fixed_alpha0.1_german_gender_seed2,FixedAlpha_0.1,2,
28,29,0.715,0.10499999999999998,0.07749999999999999,32jvd1qu,fixed_alpha0.1_german_gender_seed2,FixedAlpha_0.1,2,
29,30,0.715,0.10499999999999998,0.07749999999999999,32jvd1qu,fixed_alpha0.1_german_gender_seed2,FixedAlpha_0.1,2,
0,1,0.645,0.125,0.07500000000000001,ggjbwy4w,fixed_alpha0.1_german_gender_seed0,FixedAlpha_0.1,0,
1,2,0.695,0.050000000000000044,0.03749999999999998,ggjbwy4w,fixed_alpha0.1_german_gender_seed0,FixedAlpha_0.1,0,
2,3,0.69,0.050000000000000044,0.025000000000000022,ggjbwy4w,fixed_alpha0.1_german_gender_seed0,FixedAlpha_0.1,0,
3,4,0.695,0.025000000000000022,0.0625,ggjbwy4w,fixed_alpha0.1_german_gender_seed0,FixedAlpha_0.1,0,
4,5,0.705,0.0,0.04999999999999999,ggjbwy4w,fixed_alpha0.1_german_gender_seed0,FixedAlpha_0.1,0,
5,6,0.735,0.010000000000000009,0.04250000000000004,ggjbwy4w,fixed_alpha0.1_german_gender_seed0,FixedAlpha_0.1,0,
6,7,0.735,0.029999999999999916,0.02749999999999997,ggjbwy4w,fixed_alpha0.1_german_gender_seed0,FixedAlpha_0.1,0,
7,8,0.725,0.020000000000000018,0.010000000000000009,ggjbwy4w,fixed_alpha0.1_german_gender_seed0,FixedAlpha_0.1,0,
8,9,0.73,0.0050000000000000044,0.0025000000000000022,ggjbwy4w,fixed_alpha0.1_german_gender_seed0,FixedAlpha_0.1,0,
9,10,0.725,0.020000000000000018,0.010000000000000009,ggjbwy4w,fixed_alpha0.1_german_gender_seed0,FixedAlpha_0.1,0,
10,11,0.725,0.04500000000000004,0.03500000000000003,ggjbwy4w,fixed_alpha0.1_german_gender_seed0,FixedAlpha_0.1,0,
11,12,0.73,0.04500000000000004,0.034999999999999976,ggjbwy4w,fixed_alpha0.1_german_gender_seed0,FixedAlpha_0.1,0,
12,13,0.735,0.04500000000000004,0.02250000000000002,ggjbwy4w,fixed_alpha0.1_german_gender_seed0,FixedAlpha_0.1,0,
13,14,0.725,0.08499999999999996,0.0675,ggjbwy4w,fixed_alpha0.1_german_gender_seed0,FixedAlpha_0.1,0,
14,15,0.725,0.08499999999999996,0.0675,ggjbwy4w,fixed_alpha0.1_german_gender_seed0,FixedAlpha_0.1,0,
15,16,0.72,0.10999999999999999,0.08000000000000002,ggjbwy4w,fixed_alpha0.1_german_gender_seed0,FixedAlpha_0.1,0,
16,17,0.72,0.10999999999999999,0.08000000000000002,ggjbwy4w,fixed_alpha0.1_german_gender_seed0,FixedAlpha_0.1,0,
17,18,0.715,0.10999999999999999,0.05499999999999999,ggjbwy4w,fixed_alpha0.1_german_gender_seed0,FixedAlpha_0.1,0,
18,19,0.715,0.08999999999999997,0.057499999999999996,ggjbwy4w,fixed_alpha0.1_german_gender_seed0,FixedAlpha_0.1,0,
19,20,0.71,0.08999999999999997,0.057499999999999996,ggjbwy4w,fixed_alpha0.1_german_gender_seed0,FixedAlpha_0.1,0,
20,21,0.72,0.09999999999999998,0.0625,ggjbwy4w,fixed_alpha0.1_german_gender_seed0,FixedAlpha_0.1,0,
21,22,0.72,0.09999999999999998,0.0625,ggjbwy4w,fixed_alpha0.1_german_gender_seed0,FixedAlpha_0.1,0,
22,23,0.715,0.08999999999999997,0.057499999999999996,ggjbwy4w,fixed_alpha0.1_german_gender_seed0,FixedAlpha_0.1,0,
23,24,0.715,0.08999999999999997,0.057499999999999996,ggjbwy4w,fixed_alpha0.1_german_gender_seed0,FixedAlpha_0.1,0,
24,25,0.72,0.06499999999999995,0.044999999999999984,ggjbwy4w,fixed_alpha0.1_german_gender_seed0,FixedAlpha_0.1,0,
25,26,0.72,0.08999999999999997,0.044999999999999984,ggjbwy4w,fixed_alpha0.1_german_gender_seed0,FixedAlpha_0.1,0,
26,27,0.725,0.039999999999999925,0.03249999999999997,ggjbwy4w,fixed_alpha0.1_german_gender_seed0,FixedAlpha_0.1,0,
27,28,0.725,0.039999999999999925,0.03249999999999997,ggjbwy4w,fixed_alpha0.1_german_gender_seed0,FixedAlpha_0.1,0,
28,29,0.725,0.039999999999999925,0.03249999999999997,ggjbwy4w,fixed_alpha0.1_german_gender_seed0,FixedAlpha_0.1,0,
29,30,0.725,0.06499999999999995,0.03249999999999997,ggjbwy4w,fixed_alpha0.1_german_gender_seed0,FixedAlpha_0.1,0,
0,1,0.32,0.065,0.10750000000000001,mv4v0rxc,fixed_alpha0.1_german_gender_seed4,FixedAlpha_0.1,4,
1,2,0.4,0.08500000000000002,0.14250000000000002,mv4v0rxc,fixed_alpha0.1_german_gender_seed4,FixedAlpha_0.1,4,
2,3,0.525,0.16500000000000004,0.12000000000000002,mv4v0rxc,fixed_alpha0.1_german_gender_seed4,FixedAlpha_0.1,4,
3,4,0.65,0.03500000000000003,0.04249999999999998,mv4v0rxc,fixed_alpha0.1_german_gender_seed4,FixedAlpha_0.1,4,
4,5,0.725,0.0,0.012499999999999956,mv4v0rxc,fixed_alpha0.1_german_gender_seed4,FixedAlpha_0.1,4,
5,6,0.745,0.020000000000000018,0.06000000000000005,mv4v0rxc,fixed_alpha0.1_german_gender_seed4,FixedAlpha_0.1,4,
6,7,0.735,0.040000000000000036,0.044999999999999984,mv4v0rxc,fixed_alpha0.1_german_gender_seed4,FixedAlpha_0.1,4,
7,8,0.73,0.015000000000000013,0.03250000000000003,mv4v0rxc,fixed_alpha0.1_german_gender_seed4,FixedAlpha_0.1,4,
8,9,0.725,0.015000000000000013,0.020000000000000018,mv4v0rxc,fixed_alpha0.1_german_gender_seed4,FixedAlpha_0.1,4,
9,10,0.735,0.015000000000000013,0.007500000000000007,mv4v0rxc,fixed_alpha0.1_german_gender_seed4,FixedAlpha_0.1,4,
10,11,0.745,0.015000000000000013,0.019999999999999962,mv4v0rxc,fixed_alpha0.1_german_gender_seed4,FixedAlpha_0.1,4,
11,12,0.755,0.0050000000000000044,0.05250000000000005,mv4v0rxc,fixed_alpha0.1_german_gender_seed4,FixedAlpha_0.1,4,
12,13,0.76,0.0050000000000000044,0.065,mv4v0rxc,fixed_alpha0.1_german_gender_seed4,FixedAlpha_0.1,4,
13,14,0.745,0.0,0.0625,mv4v0rxc,fixed_alpha0.1_german_gender_seed4,FixedAlpha_0.1,4,
14,15,0.74,0.05500000000000005,0.040000000000000036,mv4v0rxc,fixed_alpha0.1_german_gender_seed4,FixedAlpha_0.1,4,
15,16,0.725,0.06000000000000005,0.04250000000000004,mv4v0rxc,fixed_alpha0.1_german_gender_seed4,FixedAlpha_0.1,4,
16,17,0.72,0.07500000000000007,0.07500000000000007,mv4v0rxc,fixed_alpha0.1_german_gender_seed4,FixedAlpha_0.1,4,
17,18,0.72,0.09999999999999998,0.11249999999999999,mv4v0rxc,fixed_alpha0.1_german_gender_seed4,FixedAlpha_0.1,4,
18,19,0.725,0.09999999999999998,0.09999999999999998,mv4v0rxc,fixed_alpha0.1_german_gender_seed4,FixedAlpha_0.1,4,
19,20,0.725,0.08999999999999997,0.08249999999999996,mv4v0rxc,fixed_alpha0.1_german_gender_seed4,FixedAlpha_0.1,4,
20,21,0.725,0.08999999999999997,0.08249999999999996,mv4v0rxc,fixed_alpha0.1_german_gender_seed4,FixedAlpha_0.1,4,
21,22,0.735,0.08999999999999997,0.13249999999999998,mv4v0rxc,fixed_alpha0.1_german_gender_seed4,FixedAlpha_0.1,4,
22,23,0.74,0.08999999999999997,0.11999999999999997,mv4v0rxc,fixed_alpha0.1_german_gender_seed4,FixedAlpha_0.1,4,
23,24,0.74,0.08999999999999997,0.11999999999999997,mv4v0rxc,fixed_alpha0.1_german_gender_seed4,FixedAlpha_0.1,4,
24,25,0.74,0.08999999999999997,0.11999999999999997,mv4v0rxc,fixed_alpha0.1_german_gender_seed4,FixedAlpha_0.1,4,
25,26,0.735,0.11499999999999999,0.13249999999999998,mv4v0rxc,fixed_alpha0.1_german_gender_seed4,FixedAlpha_0.1,4,
26,27,0.735,0.11499999999999999,0.13249999999999998,mv4v0rxc,fixed_alpha0.1_german_gender_seed4,FixedAlpha_0.1,4,
27,28,0.74,0.10499999999999998,0.10250000000000001,mv4v0rxc,fixed_alpha0.1_german_gender_seed4,FixedAlpha_0.1,4,
28,29,0.735,0.09499999999999997,0.0975,mv4v0rxc,fixed_alpha0.1_german_gender_seed4,FixedAlpha_0.1,4,
29,30,0.735,0.08499999999999996,0.07999999999999999,mv4v0rxc,fixed_alpha0.1_german_gender_seed4,FixedAlpha_0.1,4,
0,1,0.66,0.04500000000000004,0.09750000000000003,chbn6bvb,fixed_alpha0.1_german_gender_seed5,FixedAlpha_0.1,5,
1,2,0.675,0.020000000000000018,0.06,chbn6bvb,fixed_alpha0.1_german_gender_seed5,FixedAlpha_0.1,5,
2,3,0.68,0.020000000000000018,0.04749999999999999,chbn6bvb,fixed_alpha0.1_german_gender_seed5,FixedAlpha_0.1,5,
3,4,0.685,0.030000000000000027,0.06500000000000006,chbn6bvb,fixed_alpha0.1_german_gender_seed5,FixedAlpha_0.1,5,
4,5,0.695,0.040000000000000036,0.07,chbn6bvb,fixed_alpha0.1_german_gender_seed5,FixedAlpha_0.1,5,
5,6,0.69,0.050000000000000044,0.07500000000000001,chbn6bvb,fixed_alpha0.1_german_gender_seed5,FixedAlpha_0.1,5,
6,7,0.7,0.040000000000000036,0.057499999999999996,chbn6bvb,fixed_alpha0.1_german_gender_seed5,FixedAlpha_0.1,5,
7,8,0.72,0.040000000000000036,0.04500000000000004,chbn6bvb,fixed_alpha0.1_german_gender_seed5,FixedAlpha_0.1,5,
8,9,0.735,0.040000000000000036,0.03250000000000003,chbn6bvb,fixed_alpha0.1_german_gender_seed5,FixedAlpha_0.1,5,
9,10,0.73,0.050000000000000044,0.03750000000000003,chbn6bvb,fixed_alpha0.1_german_gender_seed5,FixedAlpha_0.1,5,
10,11,0.725,0.0,0.012499999999999956,chbn6bvb,fixed_alpha0.1_german_gender_seed5,FixedAlpha_0.1,5,
11,12,0.715,0.04999999999999993,0.03749999999999992,chbn6bvb,fixed_alpha0.1_german_gender_seed5,FixedAlpha_0.1,5,
12,13,0.695,0.06499999999999995,0.03249999999999997,chbn6bvb,fixed_alpha0.1_german_gender_seed5,FixedAlpha_0.1,5,
13,14,0.7,0.06499999999999995,0.05749999999999994,chbn6bvb,fixed_alpha0.1_german_gender_seed5,FixedAlpha_0.1,5,
14,15,0.695,0.05499999999999994,0.052499999999999936,chbn6bvb,fixed_alpha0.1_german_gender_seed5,FixedAlpha_0.1,5,
15,16,0.695,0.05499999999999994,0.052499999999999936,chbn6bvb,fixed_alpha0.1_german_gender_seed5,FixedAlpha_0.1,5,
16,17,0.695,0.05499999999999994,0.052499999999999936,chbn6bvb,fixed_alpha0.1_german_gender_seed5,FixedAlpha_0.1,5,
17,18,0.69,0.04499999999999993,0.04749999999999993,chbn6bvb,fixed_alpha0.1_german_gender_seed5,FixedAlpha_0.1,5,
18,19,0.69,0.04499999999999993,0.04749999999999993,chbn6bvb,fixed_alpha0.1_german_gender_seed5,FixedAlpha_0.1,5,
19,20,0.69,0.06999999999999995,0.04749999999999993,chbn6bvb,fixed_alpha0.1_german_gender_seed5,FixedAlpha_0.1,5,
20,21,0.695,0.06999999999999995,0.034999999999999976,chbn6bvb,fixed_alpha0.1_german_gender_seed5,FixedAlpha_0.1,5,
21,22,0.695,0.06999999999999995,0.034999999999999976,chbn6bvb,fixed_alpha0.1_german_gender_seed5,FixedAlpha_0.1,5,
22,23,0.7,0.06999999999999995,0.06,chbn6bvb,fixed_alpha0.1_german_gender_seed5,FixedAlpha_0.1,5,
23,24,0.7,0.06999999999999995,0.06,chbn6bvb,fixed_alpha0.1_german_gender_seed5,FixedAlpha_0.1,5,
24,25,0.71,0.07999999999999996,0.05249999999999999,chbn6bvb,fixed_alpha0.1_german_gender_seed5,FixedAlpha_0.1,5,
25,26,0.71,0.07999999999999996,0.05249999999999999,chbn6bvb,fixed_alpha0.1_german_gender_seed5,FixedAlpha_0.1,5,
26,27,0.715,0.05499999999999994,0.03999999999999998,chbn6bvb,fixed_alpha0.1_german_gender_seed5,FixedAlpha_0.1,5,
27,28,0.72,0.029999999999999916,0.02749999999999997,chbn6bvb,fixed_alpha0.1_german_gender_seed5,FixedAlpha_0.1,5,
28,29,0.72,0.029999999999999916,0.02749999999999997,chbn6bvb,fixed_alpha0.1_german_gender_seed5,FixedAlpha_0.1,5,
29,30,0.715,0.05499999999999994,0.03999999999999998,chbn6bvb,fixed_alpha0.1_german_gender_seed5,FixedAlpha_0.1,5,
0,1,0.495,0.050000000000000044,0.1,ohb1chnn,fixed_alpha0.1_german_gender_seed8,FixedAlpha_0.1,8,
1,2,0.585,0.025000000000000022,0.04999999999999999,ohb1chnn,fixed_alpha0.1_german_gender_seed8,FixedAlpha_0.1,8,
2,3,0.62,0.039999999999999925,0.05749999999999994,ohb1chnn,fixed_alpha0.1_german_gender_seed8,FixedAlpha_0.1,8,
3,4,0.67,0.04500000000000004,0.06,ohb1chnn,fixed_alpha0.1_german_gender_seed8,FixedAlpha_0.1,8,
4,5,0.695,0.03500000000000003,0.09249999999999997,ohb1chnn,fixed_alpha0.1_german_gender_seed8,FixedAlpha_0.1,8,
5,6,0.7,0.015000000000000013,0.09499999999999997,ohb1chnn,fixed_alpha0.1_german_gender_seed8,FixedAlpha_0.1,8,
6,7,0.71,0.030000000000000027,0.10249999999999998,ohb1chnn,fixed_alpha0.1_german_gender_seed8,FixedAlpha_0.1,8,
7,8,0.7,0.015000000000000013,0.09499999999999997,ohb1chnn,fixed_alpha0.1_german_gender_seed8,FixedAlpha_0.1,8,
8,9,0.705,0.010000000000000009,0.10499999999999998,ohb1chnn,fixed_alpha0.1_german_gender_seed8,FixedAlpha_0.1,8,
9,10,0.715,0.0,0.10000000000000003,ohb1chnn,fixed_alpha0.1_german_gender_seed8,FixedAlpha_0.1,8,
10,11,0.73,0.014999999999999902,0.044999999999999984,ohb1chnn,fixed_alpha0.1_german_gender_seed8,FixedAlpha_0.1,8,
11,12,0.725,0.04500000000000004,0.02250000000000002,ohb1chnn,fixed_alpha0.1_german_gender_seed8,FixedAlpha_0.1,8,
12,13,0.705,0.0050000000000000044,0.0025000000000000022,ohb1chnn,fixed_alpha0.1_german_gender_seed8,FixedAlpha_0.1,8,
13,14,0.72,0.040000000000000036,0.05750000000000005,ohb1chnn,fixed_alpha0.1_german_gender_seed8,FixedAlpha_0.1,8,
14,15,0.725,0.040000000000000036,0.08250000000000002,ohb1chnn,fixed_alpha0.1_german_gender_seed8,FixedAlpha_0.1,8,
15,16,0.73,0.040000000000000036,0.03250000000000003,ohb1chnn,fixed_alpha0.1_german_gender_seed8,FixedAlpha_0.1,8,
16,17,0.74,0.050000000000000044,0.025000000000000022,ohb1chnn,fixed_alpha0.1_german_gender_seed8,FixedAlpha_0.1,8,
17,18,0.75,0.03500000000000003,0.017500000000000016,ohb1chnn,fixed_alpha0.1_german_gender_seed8,FixedAlpha_0.1,8,
18,19,0.74,0.08500000000000008,0.04250000000000004,ohb1chnn,fixed_alpha0.1_german_gender_seed8,FixedAlpha_0.1,8,
19,20,0.74,0.10999999999999999,0.0675,ohb1chnn,fixed_alpha0.1_german_gender_seed8,FixedAlpha_0.1,8,
20,21,0.74,0.09999999999999998,0.07499999999999996,ohb1chnn,fixed_alpha0.1_german_gender_seed8,FixedAlpha_0.1,8,
21,22,0.74,0.125,0.0625,ohb1chnn,fixed_alpha0.1_german_gender_seed8,FixedAlpha_0.1,8,
22,23,0.73,0.14,0.07,ohb1chnn,fixed_alpha0.1_german_gender_seed8,FixedAlpha_0.1,8,
23,24,0.73,0.14,0.07,ohb1chnn,fixed_alpha0.1_german_gender_seed8,FixedAlpha_0.1,8,
24,25,0.74,0.14,0.09500000000000003,ohb1chnn,fixed_alpha0.1_german_gender_seed8,FixedAlpha_0.1,8,
25,26,0.73,0.12,0.08500000000000002,ohb1chnn,fixed_alpha0.1_german_gender_seed8,FixedAlpha_0.1,8,
26,27,0.735,0.10999999999999999,0.10500000000000001,ohb1chnn,fixed_alpha0.1_german_gender_seed8,FixedAlpha_0.1,8,
27,28,0.735,0.10999999999999999,0.10500000000000001,ohb1chnn,fixed_alpha0.1_german_gender_seed8,FixedAlpha_0.1,8,
28,29,0.735,0.10999999999999999,0.10500000000000001,ohb1chnn,fixed_alpha0.1_german_gender_seed8,FixedAlpha_0.1,8,
29,30,0.73,0.10999999999999999,0.09250000000000003,ohb1chnn,fixed_alpha0.1_german_gender_seed8,FixedAlpha_0.1,8,
0,1,0.565,0.26,0.14250000000000002,tfltq8g5,fixed_alpha0.1_german_gender_seed7,FixedAlpha_0.1,7,
1,2,0.595,0.12,0.11000000000000004,tfltq8g5,fixed_alpha0.1_german_gender_seed7,FixedAlpha_0.1,7,
2,3,0.65,0.09999999999999998,0.0625,tfltq8g5,fixed_alpha0.1_german_gender_seed7,FixedAlpha_0.1,7,
3,4,0.69,0.07499999999999996,0.04999999999999999,tfltq8g5,fixed_alpha0.1_german_gender_seed7,FixedAlpha_0.1,7,
4,5,0.69,0.04999999999999993,0.03749999999999998,tfltq8g5,fixed_alpha0.1_german_gender_seed7,FixedAlpha_0.1,7,
5,6,0.69,0.039999999999999925,0.03249999999999997,tfltq8g5,fixed_alpha0.1_german_gender_seed7,FixedAlpha_0.1,7,
6,7,0.715,0.014999999999999902,0.08249999999999996,tfltq8g5,fixed_alpha0.1_german_gender_seed7,FixedAlpha_0.1,7,
7,8,0.73,0.0050000000000000044,0.027500000000000024,tfltq8g5,fixed_alpha0.1_german_gender_seed7,FixedAlpha_0.1,7,
8,9,0.725,0.08000000000000007,0.07750000000000001,tfltq8g5,fixed_alpha0.1_german_gender_seed7,FixedAlpha_0.1,7,
9,10,0.735,0.06000000000000005,0.04250000000000004,tfltq8g5,fixed_alpha0.1_german_gender_seed7,FixedAlpha_0.1,7,
10,11,0.75,0.08500000000000008,0.09250000000000003,tfltq8g5,fixed_alpha0.1_german_gender_seed7,FixedAlpha_0.1,7,
11,12,0.74,0.06999999999999995,0.04749999999999999,tfltq8g5,fixed_alpha0.1_german_gender_seed7,FixedAlpha_0.1,7,
12,13,0.735,0.04999999999999993,0.024999999999999967,tfltq8g5,fixed_alpha0.1_german_gender_seed7,FixedAlpha_0.1,7,
13,14,0.74,0.04999999999999993,0.03749999999999998,tfltq8g5,fixed_alpha0.1_german_gender_seed7,FixedAlpha_0.1,7,
14,15,0.74,0.04999999999999993,0.03749999999999998,tfltq8g5,fixed_alpha0.1_german_gender_seed7,FixedAlpha_0.1,7,
15,16,0.74,0.04999999999999993,0.03749999999999998,tfltq8g5,fixed_alpha0.1_german_gender_seed7,FixedAlpha_0.1,7,
16,17,0.735,0.07499999999999996,0.04999999999999999,tfltq8g5,fixed_alpha0.1_german_gender_seed7,FixedAlpha_0.1,7,
17,18,0.73,0.09999999999999998,0.0625,tfltq8g5,fixed_alpha0.1_german_gender_seed7,FixedAlpha_0.1,7,
18,19,0.73,0.09999999999999998,0.0625,tfltq8g5,fixed_alpha0.1_german_gender_seed7,FixedAlpha_0.1,7,
19,20,0.73,0.09999999999999998,0.0625,tfltq8g5,fixed_alpha0.1_german_gender_seed7,FixedAlpha_0.1,7,
20,21,0.73,0.09999999999999998,0.0625,tfltq8g5,fixed_alpha0.1_german_gender_seed7,FixedAlpha_0.1,7,
21,22,0.73,0.09999999999999998,0.0625,tfltq8g5,fixed_alpha0.1_german_gender_seed7,FixedAlpha_0.1,7,
22,23,0.73,0.09999999999999998,0.0625,tfltq8g5,fixed_alpha0.1_german_gender_seed7,FixedAlpha_0.1,7,
23,24,0.73,0.09999999999999998,0.0625,tfltq8g5,fixed_alpha0.1_german_gender_seed7,FixedAlpha_0.1,7,
24,25,0.725,0.09999999999999998,0.08750000000000002,tfltq8g5,fixed_alpha0.1_german_gender_seed7,FixedAlpha_0.1,7,
25,26,0.73,0.09999999999999998,0.1,tfltq8g5,fixed_alpha0.1_german_gender_seed7,FixedAlpha_0.1,7,
26,27,0.73,0.09999999999999998,0.1,tfltq8g5,fixed_alpha0.1_german_gender_seed7,FixedAlpha_0.1,7,
27,28,0.725,0.09999999999999998,0.08750000000000002,tfltq8g5,fixed_alpha0.1_german_gender_seed7,FixedAlpha_0.1,7,
28,29,0.725,0.09999999999999998,0.08750000000000002,tfltq8g5,fixed_alpha0.1_german_gender_seed7,FixedAlpha_0.1,7,
29,30,0.73,0.10999999999999999,0.09250000000000003,tfltq8g5,fixed_alpha0.1_german_gender_seed7,FixedAlpha_0.1,7,
0,1,0.61,0.040000000000000036,0.1575,nuf1dliv,fixed_alpha0.1_german_gender_seed9,FixedAlpha_0.1,9,
1,2,0.685,0.010000000000000009,0.1925,nuf1dliv,fixed_alpha0.1_german_gender_seed9,FixedAlpha_0.1,9,
2,3,0.725,0.08000000000000007,0.19000000000000006,nuf1dliv,fixed_alpha0.1_german_gender_seed9,FixedAlpha_0.1,9,
3,4,0.735,0.04499999999999993,0.10999999999999999,nuf1dliv,fixed_alpha0.1_german_gender_seed9,FixedAlpha_0.1,9,
4,5,0.73,0.05499999999999994,0.16499999999999998,nuf1dliv,fixed_alpha0.1_german_gender_seed9,FixedAlpha_0.1,9,
5,6,0.74,0.05499999999999994,0.18999999999999995,nuf1dliv,fixed_alpha0.1_german_gender_seed9,FixedAlpha_0.1,9,
6,7,0.74,0.07999999999999996,0.17749999999999994,nuf1dliv,fixed_alpha0.1_german_gender_seed9,FixedAlpha_0.1,9,
7,8,0.74,0.05999999999999994,0.15499999999999997,nuf1dliv,fixed_alpha0.1_german_gender_seed9,FixedAlpha_0.1,9,
8,9,0.75,0.09999999999999998,0.125,nuf1dliv,fixed_alpha0.1_german_gender_seed9,FixedAlpha_0.1,9,
9,10,0.76,0.11499999999999999,0.10749999999999998,nuf1dliv,fixed_alpha0.1_german_gender_seed9,FixedAlpha_0.1,9,
10,11,0.75,0.09999999999999998,0.0625,nuf1dliv,fixed_alpha0.1_german_gender_seed9,FixedAlpha_0.1,9,
11,12,0.74,0.13,0.10250000000000004,nuf1dliv,fixed_alpha0.1_german_gender_seed9,FixedAlpha_0.1,9,
12,13,0.745,0.13,0.07750000000000001,nuf1dliv,fixed_alpha0.1_german_gender_seed9,FixedAlpha_0.1,9,
13,14,0.745,0.13,0.07750000000000001,nuf1dliv,fixed_alpha0.1_german_gender_seed9,FixedAlpha_0.1,9,
14,15,0.745,0.13,0.07750000000000001,nuf1dliv,fixed_alpha0.1_german_gender_seed9,FixedAlpha_0.1,9,
15,16,0.75,0.13,0.07749999999999999,nuf1dliv,fixed_alpha0.1_german_gender_seed9,FixedAlpha_0.1,9,
16,17,0.74,0.13,0.065,nuf1dliv,fixed_alpha0.1_german_gender_seed9,FixedAlpha_0.1,9,
17,18,0.735,0.15500000000000003,0.07750000000000001,nuf1dliv,fixed_alpha0.1_german_gender_seed9,FixedAlpha_0.1,9,
18,19,0.725,0.14500000000000002,0.08500000000000002,nuf1dliv,fixed_alpha0.1_german_gender_seed9,FixedAlpha_0.1,9,
19,20,0.73,0.14500000000000002,0.07250000000000001,nuf1dliv,fixed_alpha0.1_german_gender_seed9,FixedAlpha_0.1,9,
20,21,0.73,0.14500000000000002,0.07250000000000001,nuf1dliv,fixed_alpha0.1_german_gender_seed9,FixedAlpha_0.1,9,
21,22,0.72,0.125,0.0625,nuf1dliv,fixed_alpha0.1_german_gender_seed9,FixedAlpha_0.1,9,
22,23,0.725,0.135,0.0675,nuf1dliv,fixed_alpha0.1_german_gender_seed9,FixedAlpha_0.1,9,
23,24,0.72,0.125,0.0625,nuf1dliv,fixed_alpha0.1_german_gender_seed9,FixedAlpha_0.1,9,
24,25,0.72,0.125,0.0625,nuf1dliv,fixed_alpha0.1_german_gender_seed9,FixedAlpha_0.1,9,
25,26,0.715,0.125,0.07500000000000001,nuf1dliv,fixed_alpha0.1_german_gender_seed9,FixedAlpha_0.1,9,
26,27,0.715,0.125,0.07500000000000001,nuf1dliv,fixed_alpha0.1_german_gender_seed9,FixedAlpha_0.1,9,
27,28,0.715,0.125,0.07500000000000001,nuf1dliv,fixed_alpha0.1_german_gender_seed9,FixedAlpha_0.1,9,
28,29,0.71,0.11499999999999999,0.07,nuf1dliv,fixed_alpha0.1_german_gender_seed9,FixedAlpha_0.1,9,
29,30,0.71,0.11499999999999999,0.07,nuf1dliv,fixed_alpha0.1_german_gender_seed9,FixedAlpha_0.1,9,
0,1,0.46,0.135,0.07999999999999999,aigvdkm5,fixed_alpha0.1_german_gender_seed11,FixedAlpha_0.1,11,
1,2,0.59,0.06000000000000005,0.13,aigvdkm5,fixed_alpha0.1_german_gender_seed11,FixedAlpha_0.1,11,
2,3,0.68,0.050000000000000044,0.0625,aigvdkm5,fixed_alpha0.1_german_gender_seed11,FixedAlpha_0.1,11,
3,4,0.69,0.02499999999999991,0.08749999999999991,aigvdkm5,fixed_alpha0.1_german_gender_seed11,FixedAlpha_0.1,11,
4,5,0.695,0.04499999999999993,0.10999999999999993,aigvdkm5,fixed_alpha0.1_german_gender_seed11,FixedAlpha_0.1,11,
5,6,0.7,0.0050000000000000044,0.10249999999999998,aigvdkm5,fixed_alpha0.1_german_gender_seed11,FixedAlpha_0.1,11,
6,7,0.695,0.0050000000000000044,0.07750000000000001,aigvdkm5,fixed_alpha0.1_german_gender_seed11,FixedAlpha_0.1,11,
7,8,0.705,0.030000000000000027,0.10249999999999998,aigvdkm5,fixed_alpha0.1_german_gender_seed11,FixedAlpha_0.1,11,
8,9,0.69,0.03499999999999992,0.10499999999999993,aigvdkm5,fixed_alpha0.1_german_gender_seed11,FixedAlpha_0.1,11,
9,10,0.705,0.03499999999999992,0.06749999999999995,aigvdkm5,fixed_alpha0.1_german_gender_seed11,FixedAlpha_0.1,11,
10,11,0.715,0.014999999999999902,0.08249999999999996,aigvdkm5,fixed_alpha0.1_german_gender_seed11,FixedAlpha_0.1,11,
11,12,0.74,0.015000000000000013,0.09499999999999997,aigvdkm5,fixed_alpha0.1_german_gender_seed11,FixedAlpha_0.1,11,
12,13,0.74,0.025000000000000022,0.08749999999999997,aigvdkm5,fixed_alpha0.1_german_gender_seed11,FixedAlpha_0.1,11,
13,14,0.74,0.025000000000000022,0.08749999999999997,aigvdkm5,fixed_alpha0.1_german_gender_seed11,FixedAlpha_0.1,11,
14,15,0.72,0.0050000000000000044,0.07749999999999996,aigvdkm5,fixed_alpha0.1_german_gender_seed11,FixedAlpha_0.1,11,
15,16,0.725,0.030000000000000027,0.10250000000000004,aigvdkm5,fixed_alpha0.1_german_gender_seed11,FixedAlpha_0.1,11,
16,17,0.73,0.030000000000000027,0.09000000000000002,aigvdkm5,fixed_alpha0.1_german_gender_seed11,FixedAlpha_0.1,11,
17,18,0.735,0.0050000000000000044,0.07750000000000001,aigvdkm5,fixed_alpha0.1_german_gender_seed11,FixedAlpha_0.1,11,
18,19,0.745,0.0050000000000000044,0.09,aigvdkm5,fixed_alpha0.1_german_gender_seed11,FixedAlpha_0.1,11,
19,20,0.745,0.0050000000000000044,0.09,aigvdkm5,fixed_alpha0.1_german_gender_seed11,FixedAlpha_0.1,11,
20,21,0.745,0.0050000000000000044,0.09,aigvdkm5,fixed_alpha0.1_german_gender_seed11,FixedAlpha_0.1,11,
21,22,0.74,0.0050000000000000044,0.065,aigvdkm5,fixed_alpha0.1_german_gender_seed11,FixedAlpha_0.1,11,
22,23,0.74,0.0050000000000000044,0.065,aigvdkm5,fixed_alpha0.1_german_gender_seed11,FixedAlpha_0.1,11,
23,24,0.75,0.0050000000000000044,0.06499999999999997,aigvdkm5,fixed_alpha0.1_german_gender_seed11,FixedAlpha_0.1,11,
24,25,0.75,0.0050000000000000044,0.06499999999999997,aigvdkm5,fixed_alpha0.1_german_gender_seed11,FixedAlpha_0.1,11,
25,26,0.75,0.0050000000000000044,0.06499999999999997,aigvdkm5,fixed_alpha0.1_german_gender_seed11,FixedAlpha_0.1,11,
26,27,0.75,0.025000000000000022,0.05000000000000002,aigvdkm5,fixed_alpha0.1_german_gender_seed11,FixedAlpha_0.1,11,
27,28,0.75,0.03500000000000003,0.08000000000000002,aigvdkm5,fixed_alpha0.1_german_gender_seed11,FixedAlpha_0.1,11,
28,29,0.74,0.010000000000000009,0.08000000000000002,aigvdkm5,fixed_alpha0.1_german_gender_seed11,FixedAlpha_0.1,11,
29,30,0.735,0.010000000000000009,0.05500000000000002,aigvdkm5,fixed_alpha0.1_german_gender_seed11,FixedAlpha_0.1,11,
0,1,0.455,0.030000000000000027,0.040000000000000036,aem8p7m4,fixed_alpha0.1_german_gender_seed13,FixedAlpha_0.1,13,
1,2,0.53,0.025000000000000022,0.16249999999999998,aem8p7m4,fixed_alpha0.1_german_gender_seed13,FixedAlpha_0.1,13,
2,3,0.625,0.014999999999999902,0.06999999999999995,aem8p7m4,fixed_alpha0.1_german_gender_seed13,FixedAlpha_0.1,13,
3,4,0.65,0.015000000000000013,0.044999999999999984,aem8p7m4,fixed_alpha0.1_german_gender_seed13,FixedAlpha_0.1,13,
4,5,0.665,0.05500000000000005,0.09000000000000002,aem8p7m4,fixed_alpha0.1_german_gender_seed13,FixedAlpha_0.1,13,
5,6,0.67,0.0050000000000000044,0.05249999999999999,aem8p7m4,fixed_alpha0.1_german_gender_seed13,FixedAlpha_0.1,13,
6,7,0.67,0.019999999999999907,0.04749999999999993,aem8p7m4,fixed_alpha0.1_german_gender_seed13,FixedAlpha_0.1,13,
7,8,0.675,0.010000000000000009,0.04249999999999998,aem8p7m4,fixed_alpha0.1_german_gender_seed13,FixedAlpha_0.1,13,
8,9,0.68,0.02499999999999991,0.062499999999999944,aem8p7m4,fixed_alpha0.1_german_gender_seed13,FixedAlpha_0.1,13,
9,10,0.695,0.04999999999999993,0.12499999999999994,aem8p7m4,fixed_alpha0.1_german_gender_seed13,FixedAlpha_0.1,13,
10,11,0.705,0.020000000000000018,0.06,aem8p7m4,fixed_alpha0.1_german_gender_seed13,FixedAlpha_0.1,13,
11,12,0.705,0.0,0.03750000000000003,aem8p7m4,fixed_alpha0.1_german_gender_seed13,FixedAlpha_0.1,13,
12,13,0.715,0.025000000000000022,0.04999999999999999,aem8p7m4,fixed_alpha0.1_german_gender_seed13,FixedAlpha_0.1,13,
13,14,0.705,0.04500000000000004,0.02250000000000002,aem8p7m4,fixed_alpha0.1_german_gender_seed13,FixedAlpha_0.1,13,
14,15,0.705,0.04500000000000004,0.02250000000000002,aem8p7m4,fixed_alpha0.1_german_gender_seed13,FixedAlpha_0.1,13,
15,16,0.695,0.025000000000000022,0.012500000000000011,aem8p7m4,fixed_alpha0.1_german_gender_seed13,FixedAlpha_0.1,13,
16,17,0.705,0.025000000000000022,0.025000000000000022,aem8p7m4,fixed_alpha0.1_german_gender_seed13,FixedAlpha_0.1,13,
17,18,0.705,0.015000000000000013,0.044999999999999984,aem8p7m4,fixed_alpha0.1_german_gender_seed13,FixedAlpha_0.1,13,
18,19,0.71,0.015000000000000013,0.03249999999999997,aem8p7m4,fixed_alpha0.1_german_gender_seed13,FixedAlpha_0.1,13,
19,20,0.705,0.015000000000000013,0.044999999999999984,aem8p7m4,fixed_alpha0.1_german_gender_seed13,FixedAlpha_0.1,13,
20,21,0.71,0.015000000000000013,0.03249999999999997,aem8p7m4,fixed_alpha0.1_german_gender_seed13,FixedAlpha_0.1,13,
21,22,0.7,0.0050000000000000044,0.02749999999999997,aem8p7m4,fixed_alpha0.1_german_gender_seed13,FixedAlpha_0.1,13,
22,23,0.705,0.0050000000000000044,0.014999999999999958,aem8p7m4,fixed_alpha0.1_german_gender_seed13,FixedAlpha_0.1,13,
23,24,0.705,0.0050000000000000044,0.014999999999999958,aem8p7m4,fixed_alpha0.1_german_gender_seed13,FixedAlpha_0.1,13,
24,25,0.715,0.0050000000000000044,0.015000000000000013,aem8p7m4,fixed_alpha0.1_german_gender_seed13,FixedAlpha_0.1,13,
25,26,0.71,0.019999999999999907,0.022499999999999964,aem8p7m4,fixed_alpha0.1_german_gender_seed13,FixedAlpha_0.1,13,
26,27,0.71,0.019999999999999907,0.022499999999999964,aem8p7m4,fixed_alpha0.1_german_gender_seed13,FixedAlpha_0.1,13,
27,28,0.715,0.019999999999999907,0.034999999999999976,aem8p7m4,fixed_alpha0.1_german_gender_seed13,FixedAlpha_0.1,13,
28,29,0.705,0.06999999999999995,0.06,aem8p7m4,fixed_alpha0.1_german_gender_seed13,FixedAlpha_0.1,13,
29,30,0.71,0.03500000000000003,0.017500000000000016,aem8p7m4,fixed_alpha0.1_german_gender_seed13,FixedAlpha_0.1,13,
0,1,0.67,0.010000000000000009,0.030000000000000027,mww4ujcb,fixed_alpha0.1_german_gender_seed12,FixedAlpha_0.1,12,
1,2,0.72,0.015000000000000013,0.007500000000000007,mww4ujcb,fixed_alpha0.1_german_gender_seed12,FixedAlpha_0.1,12,
2,3,0.71,0.015000000000000013,0.057499999999999996,mww4ujcb,fixed_alpha0.1_german_gender_seed12,FixedAlpha_0.1,12,
3,4,0.71,0.040000000000000036,0.057499999999999996,mww4ujcb,fixed_alpha0.1_german_gender_seed12,FixedAlpha_0.1,12,
4,5,0.725,0.040000000000000036,0.020000000000000018,mww4ujcb,fixed_alpha0.1_german_gender_seed12,FixedAlpha_0.1,12,
5,6,0.74,0.040000000000000036,0.020000000000000018,mww4ujcb,fixed_alpha0.1_german_gender_seed12,FixedAlpha_0.1,12,
6,7,0.75,0.06000000000000005,0.08000000000000007,mww4ujcb,fixed_alpha0.1_german_gender_seed12,FixedAlpha_0.1,12,
7,8,0.76,0.019999999999999907,0.04749999999999999,mww4ujcb,fixed_alpha0.1_german_gender_seed12,FixedAlpha_0.1,12,
8,9,0.755,0.0050000000000000044,0.065,mww4ujcb,fixed_alpha0.1_german_gender_seed12,FixedAlpha_0.1,12,
9,10,0.765,0.010000000000000009,0.01749999999999996,mww4ujcb,fixed_alpha0.1_german_gender_seed12,FixedAlpha_0.1,12,
10,11,0.765,0.025000000000000022,0.024999999999999967,mww4ujcb,fixed_alpha0.1_german_gender_seed12,FixedAlpha_0.1,12,
11,12,0.755,0.03500000000000003,0.04249999999999998,mww4ujcb,fixed_alpha0.1_german_gender_seed12,FixedAlpha_0.1,12,
12,13,0.755,0.025000000000000022,0.024999999999999967,mww4ujcb,fixed_alpha0.1_german_gender_seed12,FixedAlpha_0.1,12,
13,14,0.765,0.03500000000000003,0.017500000000000016,mww4ujcb,fixed_alpha0.1_german_gender_seed12,FixedAlpha_0.1,12,
14,15,0.76,0.025000000000000022,0.012500000000000011,mww4ujcb,fixed_alpha0.1_german_gender_seed12,FixedAlpha_0.1,12,
15,16,0.755,0.015000000000000013,0.007500000000000007,mww4ujcb,fixed_alpha0.1_german_gender_seed12,FixedAlpha_0.1,12,
16,17,0.755,0.015000000000000013,0.007500000000000007,mww4ujcb,fixed_alpha0.1_german_gender_seed12,FixedAlpha_0.1,12,
17,18,0.755,0.040000000000000036,0.03250000000000003,mww4ujcb,fixed_alpha0.1_german_gender_seed12,FixedAlpha_0.1,12,
18,19,0.75,0.030000000000000027,0.027500000000000024,mww4ujcb,fixed_alpha0.1_german_gender_seed12,FixedAlpha_0.1,12,
19,20,0.75,0.030000000000000027,0.027500000000000024,mww4ujcb,fixed_alpha0.1_german_gender_seed12,FixedAlpha_0.1,12,
20,21,0.75,0.030000000000000027,0.027500000000000024,mww4ujcb,fixed_alpha0.1_german_gender_seed12,FixedAlpha_0.1,12,
21,22,0.745,0.04500000000000004,0.04750000000000004,mww4ujcb,fixed_alpha0.1_german_gender_seed12,FixedAlpha_0.1,12,
22,23,0.74,0.03500000000000003,0.04250000000000004,mww4ujcb,fixed_alpha0.1_german_gender_seed12,FixedAlpha_0.1,12,
23,24,0.745,0.03500000000000003,0.05500000000000005,mww4ujcb,fixed_alpha0.1_german_gender_seed12,FixedAlpha_0.1,12,
24,25,0.745,0.03500000000000003,0.05500000000000005,mww4ujcb,fixed_alpha0.1_german_gender_seed12,FixedAlpha_0.1,12,
25,26,0.745,0.03500000000000003,0.05500000000000005,mww4ujcb,fixed_alpha0.1_german_gender_seed12,FixedAlpha_0.1,12,
26,27,0.745,0.03500000000000003,0.05500000000000005,mww4ujcb,fixed_alpha0.1_german_gender_seed12,FixedAlpha_0.1,12,
27,28,0.74,0.05999999999999994,0.0675,mww4ujcb,fixed_alpha0.1_german_gender_seed12,FixedAlpha_0.1,12,
28,29,0.735,0.04999999999999993,0.0625,mww4ujcb,fixed_alpha0.1_german_gender_seed12,FixedAlpha_0.1,12,
29,30,0.735,0.04999999999999993,0.0625,mww4ujcb,fixed_alpha0.1_german_gender_seed12,FixedAlpha_0.1,12,
0,1,0.425,0.165,0.10750000000000001,vru5wjjk,fixed_alpha0.1_german_gender_seed10,FixedAlpha_0.1,10,
1,2,0.455,0.135,0.155,vru5wjjk,fixed_alpha0.1_german_gender_seed10,FixedAlpha_0.1,10,
2,3,0.525,0.09999999999999998,0.07500000000000001,vru5wjjk,fixed_alpha0.1_german_gender_seed10,FixedAlpha_0.1,10,
3,4,0.63,0.07499999999999996,0.04999999999999993,vru5wjjk,fixed_alpha0.1_german_gender_seed10,FixedAlpha_0.1,10,
4,5,0.67,0.04500000000000004,0.02250000000000002,vru5wjjk,fixed_alpha0.1_german_gender_seed10,FixedAlpha_0.1,10,
5,6,0.7,0.05499999999999994,0.02749999999999997,vru5wjjk,fixed_alpha0.1_german_gender_seed10,FixedAlpha_0.1,10,
6,7,0.7,0.04499999999999993,0.034999999999999976,vru5wjjk,fixed_alpha0.1_german_gender_seed10,FixedAlpha_0.1,10,
7,8,0.7,0.03500000000000003,0.04250000000000004,vru5wjjk,fixed_alpha0.1_german_gender_seed10,FixedAlpha_0.1,10,
8,9,0.695,0.010000000000000009,0.030000000000000027,vru5wjjk,fixed_alpha0.1_german_gender_seed10,FixedAlpha_0.1,10,
9,10,0.7,0.029999999999999916,0.07749999999999996,vru5wjjk,fixed_alpha0.1_german_gender_seed10,FixedAlpha_0.1,10,
10,11,0.7,0.025000000000000022,0.07500000000000001,vru5wjjk,fixed_alpha0.1_german_gender_seed10,FixedAlpha_0.1,10,
11,12,0.705,0.04500000000000004,0.04750000000000004,vru5wjjk,fixed_alpha0.1_german_gender_seed10,FixedAlpha_0.1,10,
12,13,0.715,0.015000000000000013,0.03250000000000003,vru5wjjk,fixed_alpha0.1_german_gender_seed10,FixedAlpha_0.1,10,
13,14,0.725,0.015000000000000013,0.007500000000000007,vru5wjjk,fixed_alpha0.1_german_gender_seed10,FixedAlpha_0.1,10,
14,15,0.725,0.025000000000000022,0.03749999999999998,vru5wjjk,fixed_alpha0.1_german_gender_seed10,FixedAlpha_0.1,10,
15,16,0.735,0.025000000000000022,0.012500000000000011,vru5wjjk,fixed_alpha0.1_german_gender_seed10,FixedAlpha_0.1,10,
16,17,0.74,0.03500000000000003,0.030000000000000027,vru5wjjk,fixed_alpha0.1_german_gender_seed10,FixedAlpha_0.1,10,
17,18,0.75,0.025000000000000022,0.012500000000000011,vru5wjjk,fixed_alpha0.1_german_gender_seed10,FixedAlpha_0.1,10,
18,19,0.74,0.0,0.012500000000000011,vru5wjjk,fixed_alpha0.1_german_gender_seed10,FixedAlpha_0.1,10,
19,20,0.735,0.010000000000000009,0.017500000000000016,vru5wjjk,fixed_alpha0.1_german_gender_seed10,FixedAlpha_0.1,10,
20,21,0.735,0.010000000000000009,0.017500000000000016,vru5wjjk,fixed_alpha0.1_german_gender_seed10,FixedAlpha_0.1,10,
21,22,0.74,0.0,0.012500000000000011,vru5wjjk,fixed_alpha0.1_german_gender_seed10,FixedAlpha_0.1,10,
22,23,0.745,0.010000000000000009,0.017500000000000016,vru5wjjk,fixed_alpha0.1_german_gender_seed10,FixedAlpha_0.1,10,
23,24,0.75,0.010000000000000009,0.0050000000000000044,vru5wjjk,fixed_alpha0.1_german_gender_seed10,FixedAlpha_0.1,10,
24,25,0.755,0.010000000000000009,0.017500000000000016,vru5wjjk,fixed_alpha0.1_german_gender_seed10,FixedAlpha_0.1,10,
25,26,0.755,0.010000000000000009,0.017500000000000016,vru5wjjk,fixed_alpha0.1_german_gender_seed10,FixedAlpha_0.1,10,
26,27,0.755,0.010000000000000009,0.017500000000000016,vru5wjjk,fixed_alpha0.1_german_gender_seed10,FixedAlpha_0.1,10,
27,28,0.755,0.010000000000000009,0.017500000000000016,vru5wjjk,fixed_alpha0.1_german_gender_seed10,FixedAlpha_0.1,10,
28,29,0.75,0.03500000000000003,0.030000000000000027,vru5wjjk,fixed_alpha0.1_german_gender_seed10,FixedAlpha_0.1,10,
29,30,0.75,0.03500000000000003,0.030000000000000027,vru5wjjk,fixed_alpha0.1_german_gender_seed10,FixedAlpha_0.1,10,
0,1,0.61,0.010000000000000009,0.1175,61s7e8jo,fixed_alpha0.1_german_gender_seed14,FixedAlpha_0.1,14,
1,2,0.685,0.029999999999999916,0.11499999999999994,61s7e8jo,fixed_alpha0.1_german_gender_seed14,FixedAlpha_0.1,14,
2,3,0.695,0.0,0.1375,61s7e8jo,fixed_alpha0.1_german_gender_seed14,FixedAlpha_0.1,14,
3,4,0.7,0.02499999999999991,0.09999999999999998,61s7e8jo,fixed_alpha0.1_german_gender_seed14,FixedAlpha_0.1,14,
4,5,0.69,0.0,0.04999999999999999,61s7e8jo,fixed_alpha0.1_german_gender_seed14,FixedAlpha_0.1,14,
5,6,0.685,0.010000000000000009,0.0050000000000000044,61s7e8jo,fixed_alpha0.1_german_gender_seed14,FixedAlpha_0.1,14,
6,7,0.685,0.010000000000000009,0.0050000000000000044,61s7e8jo,fixed_alpha0.1_german_gender_seed14,FixedAlpha_0.1,14,
7,8,0.715,0.010000000000000009,0.11750000000000005,61s7e8jo,fixed_alpha0.1_german_gender_seed14,FixedAlpha_0.1,14,
8,9,0.72,0.014999999999999902,0.10749999999999993,61s7e8jo,fixed_alpha0.1_german_gender_seed14,FixedAlpha_0.1,14,
9,10,0.705,0.08999999999999997,0.14499999999999996,61s7e8jo,fixed_alpha0.1_german_gender_seed14,FixedAlpha_0.1,14,
10,11,0.715,0.07000000000000006,0.16000000000000003,61s7e8jo,fixed_alpha0.1_german_gender_seed14,FixedAlpha_0.1,14,
11,12,0.725,0.09500000000000008,0.135,61s7e8jo,fixed_alpha0.1_german_gender_seed14,FixedAlpha_0.1,14,
12,13,0.715,0.06500000000000006,0.10749999999999998,61s7e8jo,fixed_alpha0.1_german_gender_seed14,FixedAlpha_0.1,14,
13,14,0.72,0.07999999999999996,0.07749999999999996,61s7e8jo,fixed_alpha0.1_german_gender_seed14,FixedAlpha_0.1,14,
14,15,0.745,0.08999999999999997,0.07,61s7e8jo,fixed_alpha0.1_german_gender_seed14,FixedAlpha_0.1,14,
15,16,0.745,0.08999999999999997,0.07,61s7e8jo,fixed_alpha0.1_german_gender_seed14,FixedAlpha_0.1,14,
16,17,0.745,0.08999999999999997,0.07,61s7e8jo,fixed_alpha0.1_german_gender_seed14,FixedAlpha_0.1,14,
17,18,0.745,0.08999999999999997,0.07,61s7e8jo,fixed_alpha0.1_german_gender_seed14,FixedAlpha_0.1,14,
18,19,0.735,0.10499999999999998,0.07750000000000001,61s7e8jo,fixed_alpha0.1_german_gender_seed14,FixedAlpha_0.1,14,
19,20,0.735,0.10499999999999998,0.07750000000000001,61s7e8jo,fixed_alpha0.1_german_gender_seed14,FixedAlpha_0.1,14,
20,21,0.73,0.09499999999999997,0.06,61s7e8jo,fixed_alpha0.1_german_gender_seed14,FixedAlpha_0.1,14,
21,22,0.725,0.12,0.07250000000000001,61s7e8jo,fixed_alpha0.1_german_gender_seed14,FixedAlpha_0.1,14,
22,23,0.725,0.12,0.07250000000000001,61s7e8jo,fixed_alpha0.1_german_gender_seed14,FixedAlpha_0.1,14,
23,24,0.72,0.10999999999999999,0.0675,61s7e8jo,fixed_alpha0.1_german_gender_seed14,FixedAlpha_0.1,14,
24,25,0.72,0.09999999999999998,0.07500000000000001,61s7e8jo,fixed_alpha0.1_german_gender_seed14,FixedAlpha_0.1,14,
25,26,0.725,0.09999999999999998,0.04999999999999999,61s7e8jo,fixed_alpha0.1_german_gender_seed14,FixedAlpha_0.1,14,
26,27,0.725,0.09999999999999998,0.04999999999999999,61s7e8jo,fixed_alpha0.1_german_gender_seed14,FixedAlpha_0.1,14,
27,28,0.725,0.09999999999999998,0.04999999999999999,61s7e8jo,fixed_alpha0.1_german_gender_seed14,FixedAlpha_0.1,14,
28,29,0.725,0.09999999999999998,0.04999999999999999,61s7e8jo,fixed_alpha0.1_german_gender_seed14,FixedAlpha_0.1,14,
29,30,0.725,0.09999999999999998,0.04999999999999999,61s7e8jo,fixed_alpha0.1_german_gender_seed14,FixedAlpha_0.1,14,
0,1,0.56,0.010000000000000009,0.13,qqtm4801,fixed_alpha0.1_german_gender_seed15,FixedAlpha_0.1,15,
1,2,0.655,0.025000000000000022,0.07500000000000001,qqtm4801,fixed_alpha0.1_german_gender_seed15,FixedAlpha_0.1,15,
2,3,0.7,0.0,0.0625,qqtm4801,fixed_alpha0.1_german_gender_seed15,FixedAlpha_0.1,15,
3,4,0.705,0.025000000000000022,0.025000000000000022,qqtm4801,fixed_alpha0.1_german_gender_seed15,FixedAlpha_0.1,15,
4,5,0.705,0.025000000000000022,0.025000000000000022,qqtm4801,fixed_alpha0.1_german_gender_seed15,FixedAlpha_0.1,15,
5,6,0.705,0.025000000000000022,0.025000000000000022,qqtm4801,fixed_alpha0.1_german_gender_seed15,FixedAlpha_0.1,15,
6,7,0.71,0.010000000000000009,0.04249999999999998,qqtm4801,fixed_alpha0.1_german_gender_seed15,FixedAlpha_0.1,15,
7,8,0.7,0.0050000000000000044,0.02749999999999997,qqtm4801,fixed_alpha0.1_german_gender_seed15,FixedAlpha_0.1,15,
8,9,0.71,0.0050000000000000044,0.040000000000000036,qqtm4801,fixed_alpha0.1_german_gender_seed15,FixedAlpha_0.1,15,
9,10,0.72,0.03500000000000003,0.0675,qqtm4801,fixed_alpha0.1_german_gender_seed15,FixedAlpha_0.1,15,
10,11,0.7,0.05500000000000005,0.065,qqtm4801,fixed_alpha0.1_german_gender_seed15,FixedAlpha_0.1,15,
11,12,0.705,0.04500000000000004,0.10999999999999999,qqtm4801,fixed_alpha0.1_german_gender_seed15,FixedAlpha_0.1,15,
12,13,0.71,0.03500000000000003,0.15499999999999997,qqtm4801,fixed_alpha0.1_german_gender_seed15,FixedAlpha_0.1,15,
13,14,0.71,0.06000000000000005,0.15500000000000003,qqtm4801,fixed_alpha0.1_german_gender_seed15,FixedAlpha_0.1,15,
14,15,0.715,0.050000000000000044,0.125,qqtm4801,fixed_alpha0.1_german_gender_seed15,FixedAlpha_0.1,15,
15,16,0.71,0.040000000000000036,0.12,qqtm4801,fixed_alpha0.1_german_gender_seed15,FixedAlpha_0.1,15,
16,17,0.715,0.040000000000000036,0.14500000000000002,qqtm4801,fixed_alpha0.1_german_gender_seed15,FixedAlpha_0.1,15,
17,18,0.73,0.030000000000000027,0.12750000000000003,qqtm4801,fixed_alpha0.1_german_gender_seed15,FixedAlpha_0.1,15,
18,19,0.725,0.020000000000000018,0.12250000000000003,qqtm4801,fixed_alpha0.1_german_gender_seed15,FixedAlpha_0.1,15,
19,20,0.715,0.03500000000000003,0.13000000000000003,qqtm4801,fixed_alpha0.1_german_gender_seed15,FixedAlpha_0.1,15,
20,21,0.715,0.06999999999999995,0.1475,qqtm4801,fixed_alpha0.1_german_gender_seed15,FixedAlpha_0.1,15,
21,22,0.73,0.05999999999999994,0.09249999999999994,qqtm4801,fixed_alpha0.1_german_gender_seed15,FixedAlpha_0.1,15,
22,23,0.73,0.08499999999999996,0.0925,qqtm4801,fixed_alpha0.1_german_gender_seed15,FixedAlpha_0.1,15,
23,24,0.73,0.08499999999999996,0.0925,qqtm4801,fixed_alpha0.1_german_gender_seed15,FixedAlpha_0.1,15,
24,25,0.73,0.08499999999999996,0.0925,qqtm4801,fixed_alpha0.1_german_gender_seed15,FixedAlpha_0.1,15,
25,26,0.73,0.10999999999999999,0.0925,qqtm4801,fixed_alpha0.1_german_gender_seed15,FixedAlpha_0.1,15,
26,27,0.73,0.10999999999999999,0.0925,qqtm4801,fixed_alpha0.1_german_gender_seed15,FixedAlpha_0.1,15,
27,28,0.73,0.10999999999999999,0.0925,qqtm4801,fixed_alpha0.1_german_gender_seed15,FixedAlpha_0.1,15,
28,29,0.72,0.08999999999999997,0.08249999999999999,qqtm4801,fixed_alpha0.1_german_gender_seed15,FixedAlpha_0.1,15,
29,30,0.715,0.11499999999999999,0.095,qqtm4801,fixed_alpha0.1_german_gender_seed15,FixedAlpha_0.1,15,
0,1,0.705,0.04499999999999993,0.08499999999999996,6v9vl4w5,fixed_alpha0.1_german_gender_seed16,FixedAlpha_0.1,16,
1,2,0.705,0.030000000000000027,0.10249999999999998,6v9vl4w5,fixed_alpha0.1_german_gender_seed16,FixedAlpha_0.1,16,
2,3,0.71,0.040000000000000036,0.10749999999999998,6v9vl4w5,fixed_alpha0.1_german_gender_seed16,FixedAlpha_0.1,16,
3,4,0.725,0.025000000000000022,0.08749999999999997,6v9vl4w5,fixed_alpha0.1_german_gender_seed16,FixedAlpha_0.1,16,
4,5,0.73,0.025000000000000022,0.07500000000000001,6v9vl4w5,fixed_alpha0.1_german_gender_seed16,FixedAlpha_0.1,16,
5,6,0.74,0.025000000000000022,0.08750000000000002,6v9vl4w5,fixed_alpha0.1_german_gender_seed16,FixedAlpha_0.1,16,
6,7,0.755,0.07499999999999996,0.12499999999999994,6v9vl4w5,fixed_alpha0.1_german_gender_seed16,FixedAlpha_0.1,16,
7,8,0.755,0.08999999999999997,0.14500000000000002,6v9vl4w5,fixed_alpha0.1_german_gender_seed16,FixedAlpha_0.1,16,
8,9,0.745,0.04999999999999993,0.13749999999999996,6v9vl4w5,fixed_alpha0.1_german_gender_seed16,FixedAlpha_0.1,16,
9,10,0.745,0.04500000000000004,0.16,6v9vl4w5,fixed_alpha0.1_german_gender_seed16,FixedAlpha_0.1,16,
10,11,0.73,0.015000000000000013,0.10749999999999998,6v9vl4w5,fixed_alpha0.1_german_gender_seed16,FixedAlpha_0.1,16,
11,12,0.72,0.030000000000000027,0.11499999999999999,6v9vl4w5,fixed_alpha0.1_german_gender_seed16,FixedAlpha_0.1,16,
12,13,0.73,0.030000000000000027,0.09000000000000002,6v9vl4w5,fixed_alpha0.1_german_gender_seed16,FixedAlpha_0.1,16,
13,14,0.725,0.03500000000000003,0.0675,6v9vl4w5,fixed_alpha0.1_german_gender_seed16,FixedAlpha_0.1,16,
14,15,0.725,0.05999999999999994,0.06749999999999995,6v9vl4w5,fixed_alpha0.1_german_gender_seed16,FixedAlpha_0.1,16,
15,16,0.725,0.05999999999999994,0.06749999999999995,6v9vl4w5,fixed_alpha0.1_german_gender_seed16,FixedAlpha_0.1,16,
16,17,0.73,0.039999999999999925,0.019999999999999962,6v9vl4w5,fixed_alpha0.1_german_gender_seed16,FixedAlpha_0.1,16,
17,18,0.725,0.06499999999999995,0.03249999999999997,6v9vl4w5,fixed_alpha0.1_german_gender_seed16,FixedAlpha_0.1,16,
18,19,0.72,0.05499999999999994,0.02749999999999997,6v9vl4w5,fixed_alpha0.1_german_gender_seed16,FixedAlpha_0.1,16,
19,20,0.72,0.08999999999999997,0.044999999999999984,6v9vl4w5,fixed_alpha0.1_german_gender_seed16,FixedAlpha_0.1,16,
20,21,0.725,0.06499999999999995,0.03249999999999997,6v9vl4w5,fixed_alpha0.1_german_gender_seed16,FixedAlpha_0.1,16,
21,22,0.73,0.07499999999999996,0.03749999999999998,6v9vl4w5,fixed_alpha0.1_german_gender_seed16,FixedAlpha_0.1,16,
22,23,0.735,0.04999999999999993,0.024999999999999967,6v9vl4w5,fixed_alpha0.1_german_gender_seed16,FixedAlpha_0.1,16,
23,24,0.735,0.04999999999999993,0.024999999999999967,6v9vl4w5,fixed_alpha0.1_german_gender_seed16,FixedAlpha_0.1,16,
24,25,0.73,0.09999999999999998,0.07499999999999998,6v9vl4w5,fixed_alpha0.1_german_gender_seed16,FixedAlpha_0.1,16,
25,26,0.725,0.08999999999999997,0.06999999999999998,6v9vl4w5,fixed_alpha0.1_german_gender_seed16,FixedAlpha_0.1,16,
26,27,0.72,0.07999999999999996,0.06499999999999997,6v9vl4w5,fixed_alpha0.1_german_gender_seed16,FixedAlpha_0.1,16,
27,28,0.73,0.08999999999999997,0.05749999999999997,6v9vl4w5,fixed_alpha0.1_german_gender_seed16,FixedAlpha_0.1,16,
28,29,0.73,0.11499999999999999,0.057499999999999996,6v9vl4w5,fixed_alpha0.1_german_gender_seed16,FixedAlpha_0.1,16,
29,30,0.735,0.125,0.0625,6v9vl4w5,fixed_alpha0.1_german_gender_seed16,FixedAlpha_0.1,16,
0,1,0.53,0.15499999999999997,0.13999999999999999,l6n6cy7x,fixed_alpha0.1_german_gender_seed18,FixedAlpha_0.1,18,
1,2,0.62,0.10999999999999999,0.05499999999999999,l6n6cy7x,fixed_alpha0.1_german_gender_seed18,FixedAlpha_0.1,18,
2,3,0.705,0.08500000000000008,0.13,l6n6cy7x,fixed_alpha0.1_german_gender_seed18,FixedAlpha_0.1,18,
3,4,0.7,0.019999999999999907,0.04749999999999993,l6n6cy7x,fixed_alpha0.1_german_gender_seed18,FixedAlpha_0.1,18,
4,5,0.69,0.010000000000000009,0.04249999999999998,l6n6cy7x,fixed_alpha0.1_german_gender_seed18,FixedAlpha_0.1,18,
5,6,0.695,0.06999999999999995,0.07249999999999995,l6n6cy7x,fixed_alpha0.1_german_gender_seed18,FixedAlpha_0.1,18,
6,7,0.7,0.06000000000000005,0.0675,l6n6cy7x,fixed_alpha0.1_german_gender_seed18,FixedAlpha_0.1,18,
7,8,0.705,0.06000000000000005,0.08000000000000002,l6n6cy7x,fixed_alpha0.1_german_gender_seed18,FixedAlpha_0.1,18,
8,9,0.72,0.06999999999999995,0.05999999999999994,l6n6cy7x,fixed_alpha0.1_german_gender_seed18,FixedAlpha_0.1,18,
9,10,0.73,0.019999999999999907,0.009999999999999953,l6n6cy7x,fixed_alpha0.1_german_gender_seed18,FixedAlpha_0.1,18,
10,11,0.745,0.029999999999999916,0.027499999999999913,l6n6cy7x,fixed_alpha0.1_german_gender_seed18,FixedAlpha_0.1,18,
11,12,0.74,0.0,0.04999999999999999,l6n6cy7x,fixed_alpha0.1_german_gender_seed18,FixedAlpha_0.1,18,
12,13,0.74,0.0,0.04999999999999999,l6n6cy7x,fixed_alpha0.1_german_gender_seed18,FixedAlpha_0.1,18,
13,14,0.735,0.0050000000000000044,0.07749999999999996,l6n6cy7x,fixed_alpha0.1_german_gender_seed18,FixedAlpha_0.1,18,
14,15,0.735,0.0050000000000000044,0.07749999999999996,l6n6cy7x,fixed_alpha0.1_german_gender_seed18,FixedAlpha_0.1,18,
15,16,0.725,0.030000000000000027,0.07750000000000001,l6n6cy7x,fixed_alpha0.1_german_gender_seed18,FixedAlpha_0.1,18,
16,17,0.73,0.030000000000000027,0.05250000000000005,l6n6cy7x,fixed_alpha0.1_german_gender_seed18,FixedAlpha_0.1,18,
17,18,0.74,0.040000000000000036,0.03250000000000003,l6n6cy7x,fixed_alpha0.1_german_gender_seed18,FixedAlpha_0.1,18,
18,19,0.74,0.06500000000000006,0.057499999999999996,l6n6cy7x,fixed_alpha0.1_german_gender_seed18,FixedAlpha_0.1,18,
19,20,0.755,0.06500000000000006,0.05750000000000005,l6n6cy7x,fixed_alpha0.1_german_gender_seed18,FixedAlpha_0.1,18,
20,21,0.76,0.06500000000000006,0.07000000000000006,l6n6cy7x,fixed_alpha0.1_german_gender_seed18,FixedAlpha_0.1,18,
21,22,0.765,0.06500000000000006,0.08250000000000005,l6n6cy7x,fixed_alpha0.1_german_gender_seed18,FixedAlpha_0.1,18,
22,23,0.76,0.08999999999999997,0.095,l6n6cy7x,fixed_alpha0.1_german_gender_seed18,FixedAlpha_0.1,18,
23,24,0.76,0.08999999999999997,0.095,l6n6cy7x,fixed_alpha0.1_german_gender_seed18,FixedAlpha_0.1,18,
24,25,0.75,0.10499999999999998,0.10250000000000001,l6n6cy7x,fixed_alpha0.1_german_gender_seed18,FixedAlpha_0.1,18,
25,26,0.75,0.10499999999999998,0.10250000000000001,l6n6cy7x,fixed_alpha0.1_german_gender_seed18,FixedAlpha_0.1,18,
26,27,0.75,0.10499999999999998,0.10250000000000001,l6n6cy7x,fixed_alpha0.1_german_gender_seed18,FixedAlpha_0.1,18,
27,28,0.755,0.07999999999999996,0.09,l6n6cy7x,fixed_alpha0.1_german_gender_seed18,FixedAlpha_0.1,18,
28,29,0.755,0.07999999999999996,0.09,l6n6cy7x,fixed_alpha0.1_german_gender_seed18,FixedAlpha_0.1,18,
29,30,0.745,0.09499999999999997,0.0975,l6n6cy7x,fixed_alpha0.1_german_gender_seed18,FixedAlpha_0.1,18,
0,1,0.555,0.025000000000000022,0.0625,5udtvvlo,fixed_alpha0.1_german_gender_seed19,FixedAlpha_0.1,19,
1,2,0.66,0.0,0.03749999999999998,5udtvvlo,fixed_alpha0.1_german_gender_seed19,FixedAlpha_0.1,19,
2,3,0.67,0.019999999999999907,0.009999999999999953,5udtvvlo,fixed_alpha0.1_german_gender_seed19,FixedAlpha_0.1,19,
3,4,0.695,0.030000000000000027,0.015000000000000013,5udtvvlo,fixed_alpha0.1_german_gender_seed19,FixedAlpha_0.1,19,
4,5,0.69,0.010000000000000009,0.01749999999999996,5udtvvlo,fixed_alpha0.1_german_gender_seed19,FixedAlpha_0.1,19,
5,6,0.68,0.02499999999999991,0.02499999999999991,5udtvvlo,fixed_alpha0.1_german_gender_seed19,FixedAlpha_0.1,19,
6,7,0.685,0.02499999999999991,0.03749999999999992,5udtvvlo,fixed_alpha0.1_german_gender_seed19,FixedAlpha_0.1,19,
7,8,0.685,0.039999999999999925,0.03249999999999997,5udtvvlo,fixed_alpha0.1_german_gender_seed19,FixedAlpha_0.1,19,
8,9,0.67,0.010000000000000009,0.017500000000000016,5udtvvlo,fixed_alpha0.1_german_gender_seed19,FixedAlpha_0.1,19,
9,10,0.675,0.050000000000000044,0.04999999999999999,5udtvvlo,fixed_alpha0.1_german_gender_seed19,FixedAlpha_0.1,19,
10,11,0.68,0.050000000000000044,0.0625,5udtvvlo,fixed_alpha0.1_german_gender_seed19,FixedAlpha_0.1,19,
11,12,0.695,0.040000000000000036,0.07000000000000006,5udtvvlo,fixed_alpha0.1_german_gender_seed19,FixedAlpha_0.1,19,
12,13,0.71,0.040000000000000036,0.07,5udtvvlo,fixed_alpha0.1_german_gender_seed19,FixedAlpha_0.1,19,
13,14,0.715,0.040000000000000036,0.044999999999999984,5udtvvlo,fixed_alpha0.1_german_gender_seed19,FixedAlpha_0.1,19,
14,15,0.725,0.040000000000000036,0.03250000000000003,5udtvvlo,fixed_alpha0.1_german_gender_seed19,FixedAlpha_0.1,19,
15,16,0.725,0.040000000000000036,0.03250000000000003,5udtvvlo,fixed_alpha0.1_german_gender_seed19,FixedAlpha_0.1,19,
16,17,0.725,0.06500000000000006,0.05750000000000005,5udtvvlo,fixed_alpha0.1_german_gender_seed19,FixedAlpha_0.1,19,
17,18,0.74,0.06500000000000006,0.044999999999999984,5udtvvlo,fixed_alpha0.1_german_gender_seed19,FixedAlpha_0.1,19,
18,19,0.74,0.06500000000000006,0.044999999999999984,5udtvvlo,fixed_alpha0.1_german_gender_seed19,FixedAlpha_0.1,19,
19,20,0.73,0.07999999999999996,0.052499999999999936,5udtvvlo,fixed_alpha0.1_german_gender_seed19,FixedAlpha_0.1,19,
20,21,0.725,0.05999999999999994,0.02999999999999997,5udtvvlo,fixed_alpha0.1_german_gender_seed19,FixedAlpha_0.1,19,
21,22,0.72,0.08499999999999996,0.04249999999999998,5udtvvlo,fixed_alpha0.1_german_gender_seed19,FixedAlpha_0.1,19,
22,23,0.71,0.06499999999999995,0.03249999999999997,5udtvvlo,fixed_alpha0.1_german_gender_seed19,FixedAlpha_0.1,19,
23,24,0.705,0.05499999999999994,0.02749999999999997,5udtvvlo,fixed_alpha0.1_german_gender_seed19,FixedAlpha_0.1,19,
24,25,0.715,0.029999999999999916,0.02749999999999997,5udtvvlo,fixed_alpha0.1_german_gender_seed19,FixedAlpha_0.1,19,
25,26,0.715,0.029999999999999916,0.02749999999999997,5udtvvlo,fixed_alpha0.1_german_gender_seed19,FixedAlpha_0.1,19,
26,27,0.72,0.039999999999999925,0.03249999999999997,5udtvvlo,fixed_alpha0.1_german_gender_seed19,FixedAlpha_0.1,19,
27,28,0.715,0.029999999999999916,0.02749999999999997,5udtvvlo,fixed_alpha0.1_german_gender_seed19,FixedAlpha_0.1,19,
28,29,0.71,0.019999999999999907,0.022499999999999964,5udtvvlo,fixed_alpha0.1_german_gender_seed19,FixedAlpha_0.1,19,
29,30,0.71,0.019999999999999907,0.022499999999999964,5udtvvlo,fixed_alpha0.1_german_gender_seed19,FixedAlpha_0.1,19,
0,1,0.33,0.014999999999999986,0.10749999999999998,8ibq555i,fixed_alpha0.1_german_gender_seed20,FixedAlpha_0.1,20,
1,2,0.44,0.0050000000000000044,0.1525,8ibq555i,fixed_alpha0.1_german_gender_seed20,FixedAlpha_0.1,20,
2,3,0.535,0.19999999999999996,0.26249999999999996,8ibq555i,fixed_alpha0.1_german_gender_seed20,FixedAlpha_0.1,20,
3,4,0.61,0.10499999999999998,0.11499999999999999,8ibq555i,fixed_alpha0.1_german_gender_seed20,FixedAlpha_0.1,20,
4,5,0.64,0.09999999999999998,0.04999999999999999,8ibq555i,fixed_alpha0.1_german_gender_seed20,FixedAlpha_0.1,20,
5,6,0.66,0.010000000000000009,0.017500000000000016,8ibq555i,fixed_alpha0.1_german_gender_seed20,FixedAlpha_0.1,20,
6,7,0.66,0.030000000000000027,0.015000000000000013,8ibq555i,fixed_alpha0.1_german_gender_seed20,FixedAlpha_0.1,20,
7,8,0.665,0.0050000000000000044,0.0025000000000000022,8ibq555i,fixed_alpha0.1_german_gender_seed20,FixedAlpha_0.1,20,
8,9,0.665,0.0050000000000000044,0.0025000000000000022,8ibq555i,fixed_alpha0.1_german_gender_seed20,FixedAlpha_0.1,20,
9,10,0.67,0.020000000000000018,0.010000000000000009,8ibq555i,fixed_alpha0.1_german_gender_seed20,FixedAlpha_0.1,20,
10,11,0.655,0.09500000000000008,0.04750000000000004,8ibq555i,fixed_alpha0.1_german_gender_seed20,FixedAlpha_0.1,20,
11,12,0.655,0.09999999999999998,0.04999999999999999,8ibq555i,fixed_alpha0.1_german_gender_seed20,FixedAlpha_0.1,20,
12,13,0.655,0.07999999999999996,0.08999999999999997,8ibq555i,fixed_alpha0.1_german_gender_seed20,FixedAlpha_0.1,20,
13,14,0.67,0.07999999999999996,0.09000000000000002,8ibq555i,fixed_alpha0.1_german_gender_seed20,FixedAlpha_0.1,20,
14,15,0.68,0.10499999999999998,0.14,8ibq555i,fixed_alpha0.1_german_gender_seed20,FixedAlpha_0.1,20,
15,16,0.685,0.10499999999999998,0.1275,8ibq555i,fixed_alpha0.1_german_gender_seed20,FixedAlpha_0.1,20,
16,17,0.705,0.11499999999999999,0.16999999999999998,8ibq555i,fixed_alpha0.1_german_gender_seed20,FixedAlpha_0.1,20,
17,18,0.715,0.10499999999999998,0.1275,8ibq555i,fixed_alpha0.1_german_gender_seed20,FixedAlpha_0.1,20,
18,19,0.72,0.10499999999999998,0.11499999999999999,8ibq555i,fixed_alpha0.1_german_gender_seed20,FixedAlpha_0.1,20,
19,20,0.725,0.07999999999999996,0.06499999999999995,8ibq555i,fixed_alpha0.1_german_gender_seed20,FixedAlpha_0.1,20,
20,21,0.725,0.07999999999999996,0.06499999999999995,8ibq555i,fixed_alpha0.1_german_gender_seed20,FixedAlpha_0.1,20,
21,22,0.715,0.05999999999999994,0.05499999999999994,8ibq555i,fixed_alpha0.1_german_gender_seed20,FixedAlpha_0.1,20,
22,23,0.705,0.07499999999999996,0.062499999999999944,8ibq555i,fixed_alpha0.1_german_gender_seed20,FixedAlpha_0.1,20,
23,24,0.71,0.07499999999999996,0.04999999999999993,8ibq555i,fixed_alpha0.1_german_gender_seed20,FixedAlpha_0.1,20,
24,25,0.715,0.04999999999999993,0.03749999999999992,8ibq555i,fixed_alpha0.1_german_gender_seed20,FixedAlpha_0.1,20,
25,26,0.725,0.04999999999999993,0.03749999999999998,8ibq555i,fixed_alpha0.1_german_gender_seed20,FixedAlpha_0.1,20,
26,27,0.725,0.04999999999999993,0.03749999999999998,8ibq555i,fixed_alpha0.1_german_gender_seed20,FixedAlpha_0.1,20,
27,28,0.725,0.04999999999999993,0.03749999999999998,8ibq555i,fixed_alpha0.1_german_gender_seed20,FixedAlpha_0.1,20,
28,29,0.725,0.04999999999999993,0.03749999999999998,8ibq555i,fixed_alpha0.1_german_gender_seed20,FixedAlpha_0.1,20,
29,30,0.72,0.039999999999999925,0.03249999999999997,8ibq555i,fixed_alpha0.1_german_gender_seed20,FixedAlpha_0.1,20,
0,1,0.445,0.020000000000000018,0.04750000000000004,321ikotj,fixed_alpha0.1_german_gender_seed17,FixedAlpha_0.1,17,
1,2,0.575,0.07000000000000006,0.09750000000000003,321ikotj,fixed_alpha0.1_german_gender_seed17,FixedAlpha_0.1,17,
2,3,0.675,0.02499999999999991,0.04999999999999993,321ikotj,fixed_alpha0.1_german_gender_seed17,FixedAlpha_0.1,17,
3,4,0.7,0.015000000000000013,0.057499999999999996,321ikotj,fixed_alpha0.1_german_gender_seed17,FixedAlpha_0.1,17,
4,5,0.705,0.025000000000000022,0.0625,321ikotj,fixed_alpha0.1_german_gender_seed17,FixedAlpha_0.1,17,
5,6,0.705,0.025000000000000022,0.0625,321ikotj,fixed_alpha0.1_german_gender_seed17,FixedAlpha_0.1,17,
6,7,0.705,0.025000000000000022,0.0625,321ikotj,fixed_alpha0.1_german_gender_seed17,FixedAlpha_0.1,17,
7,8,0.705,0.025000000000000022,0.0625,321ikotj,fixed_alpha0.1_german_gender_seed17,FixedAlpha_0.1,17,
8,9,0.71,0.025000000000000022,0.04999999999999999,321ikotj,fixed_alpha0.1_german_gender_seed17,FixedAlpha_0.1,17,
9,10,0.72,0.025000000000000022,0.0625,321ikotj,fixed_alpha0.1_german_gender_seed17,FixedAlpha_0.1,17,
10,11,0.73,0.025000000000000022,0.03750000000000003,321ikotj,fixed_alpha0.1_german_gender_seed17,FixedAlpha_0.1,17,
11,12,0.745,0.015000000000000013,0.019999999999999962,321ikotj,fixed_alpha0.1_german_gender_seed17,FixedAlpha_0.1,17,
12,13,0.735,0.015000000000000013,0.044999999999999984,321ikotj,fixed_alpha0.1_german_gender_seed17,FixedAlpha_0.1,17,
13,14,0.72,0.029999999999999916,0.02749999999999997,321ikotj,fixed_alpha0.1_german_gender_seed17,FixedAlpha_0.1,17,
14,15,0.74,0.029999999999999916,0.014999999999999958,321ikotj,fixed_alpha0.1_german_gender_seed17,FixedAlpha_0.1,17,
15,16,0.75,0.029999999999999916,0.02749999999999997,321ikotj,fixed_alpha0.1_german_gender_seed17,FixedAlpha_0.1,17,
16,17,0.745,0.015000000000000013,0.04500000000000004,321ikotj,fixed_alpha0.1_german_gender_seed17,FixedAlpha_0.1,17,
17,18,0.74,0.025000000000000022,0.025000000000000022,321ikotj,fixed_alpha0.1_german_gender_seed17,FixedAlpha_0.1,17,
18,19,0.74,0.025000000000000022,0.025000000000000022,321ikotj,fixed_alpha0.1_german_gender_seed17,FixedAlpha_0.1,17,
19,20,0.74,0.050000000000000044,0.0625,321ikotj,fixed_alpha0.1_german_gender_seed17,FixedAlpha_0.1,17,
20,21,0.75,0.06000000000000005,0.05499999999999999,321ikotj,fixed_alpha0.1_german_gender_seed17,FixedAlpha_0.1,17,
21,22,0.745,0.040000000000000036,0.03249999999999997,321ikotj,fixed_alpha0.1_german_gender_seed17,FixedAlpha_0.1,17,
22,23,0.75,0.040000000000000036,0.020000000000000018,321ikotj,fixed_alpha0.1_german_gender_seed17,FixedAlpha_0.1,17,
23,24,0.75,0.06500000000000006,0.04500000000000004,321ikotj,fixed_alpha0.1_german_gender_seed17,FixedAlpha_0.1,17,
24,25,0.75,0.05500000000000005,0.05250000000000005,321ikotj,fixed_alpha0.1_german_gender_seed17,FixedAlpha_0.1,17,
25,26,0.75,0.05500000000000005,0.05250000000000005,321ikotj,fixed_alpha0.1_german_gender_seed17,FixedAlpha_0.1,17,
26,27,0.755,0.030000000000000027,0.040000000000000036,321ikotj,fixed_alpha0.1_german_gender_seed17,FixedAlpha_0.1,17,
27,28,0.755,0.030000000000000027,0.040000000000000036,321ikotj,fixed_alpha0.1_german_gender_seed17,FixedAlpha_0.1,17,
28,29,0.755,0.030000000000000027,0.040000000000000036,321ikotj,fixed_alpha0.1_german_gender_seed17,FixedAlpha_0.1,17,
29,30,0.75,0.04500000000000004,0.02250000000000002,321ikotj,fixed_alpha0.1_german_gender_seed17,FixedAlpha_0.1,17,
0,1,0.695,0.030000000000000027,0.05249999999999999,4xg7v78m,fixed_alpha0.1_german_gender_seed21,FixedAlpha_0.1,21,
1,2,0.695,0.030000000000000027,0.05249999999999999,4xg7v78m,fixed_alpha0.1_german_gender_seed21,FixedAlpha_0.1,21,
2,3,0.705,0.040000000000000036,0.07,4xg7v78m,fixed_alpha0.1_german_gender_seed21,FixedAlpha_0.1,21,
3,4,0.73,0.040000000000000036,0.05750000000000005,4xg7v78m,fixed_alpha0.1_german_gender_seed21,FixedAlpha_0.1,21,
4,5,0.75,0.040000000000000036,0.07,4xg7v78m,fixed_alpha0.1_german_gender_seed21,FixedAlpha_0.1,21,
5,6,0.76,0.040000000000000036,0.05750000000000005,4xg7v78m,fixed_alpha0.1_german_gender_seed21,FixedAlpha_0.1,21,
6,7,0.755,0.020000000000000018,0.06000000000000005,4xg7v78m,fixed_alpha0.1_german_gender_seed21,FixedAlpha_0.1,21,
7,8,0.76,0.010000000000000009,0.08000000000000002,4xg7v78m,fixed_alpha0.1_german_gender_seed21,FixedAlpha_0.1,21,
8,9,0.755,0.08499999999999996,0.10499999999999998,4xg7v78m,fixed_alpha0.1_german_gender_seed21,FixedAlpha_0.1,21,
9,10,0.775,0.06499999999999995,0.09499999999999997,4xg7v78m,fixed_alpha0.1_german_gender_seed21,FixedAlpha_0.1,21,
10,11,0.775,0.05500000000000005,0.065,4xg7v78m,fixed_alpha0.1_german_gender_seed21,FixedAlpha_0.1,21,
11,12,0.765,0.07000000000000006,0.07250000000000001,4xg7v78m,fixed_alpha0.1_german_gender_seed21,FixedAlpha_0.1,21,
12,13,0.755,0.08500000000000008,0.08000000000000002,4xg7v78m,fixed_alpha0.1_german_gender_seed21,FixedAlpha_0.1,21,
13,14,0.76,0.07500000000000007,0.06250000000000006,4xg7v78m,fixed_alpha0.1_german_gender_seed21,FixedAlpha_0.1,21,
14,15,0.755,0.05500000000000005,0.06500000000000006,4xg7v78m,fixed_alpha0.1_german_gender_seed21,FixedAlpha_0.1,21,
15,16,0.745,0.10499999999999998,0.09000000000000002,4xg7v78m,fixed_alpha0.1_german_gender_seed21,FixedAlpha_0.1,21,
16,17,0.745,0.10499999999999998,0.09000000000000002,4xg7v78m,fixed_alpha0.1_german_gender_seed21,FixedAlpha_0.1,21,
17,18,0.745,0.10499999999999998,0.09000000000000002,4xg7v78m,fixed_alpha0.1_german_gender_seed21,FixedAlpha_0.1,21,
18,19,0.74,0.05999999999999994,0.0675,4xg7v78m,fixed_alpha0.1_german_gender_seed21,FixedAlpha_0.1,21,
19,20,0.75,0.05999999999999994,0.054999999999999966,4xg7v78m,fixed_alpha0.1_german_gender_seed21,FixedAlpha_0.1,21,
20,21,0.73,0.08999999999999997,0.06999999999999998,4xg7v78m,fixed_alpha0.1_german_gender_seed21,FixedAlpha_0.1,21,
21,22,0.735,0.08999999999999997,0.08249999999999999,4xg7v78m,fixed_alpha0.1_german_gender_seed21,FixedAlpha_0.1,21,
22,23,0.735,0.08999999999999997,0.08249999999999999,4xg7v78m,fixed_alpha0.1_german_gender_seed21,FixedAlpha_0.1,21,
23,24,0.735,0.08999999999999997,0.08249999999999999,4xg7v78m,fixed_alpha0.1_german_gender_seed21,FixedAlpha_0.1,21,
24,25,0.73,0.07999999999999996,0.07749999999999999,4xg7v78m,fixed_alpha0.1_german_gender_seed21,FixedAlpha_0.1,21,
25,26,0.73,0.07999999999999996,0.07749999999999999,4xg7v78m,fixed_alpha0.1_german_gender_seed21,FixedAlpha_0.1,21,
26,27,0.735,0.08999999999999997,0.08249999999999999,4xg7v78m,fixed_alpha0.1_german_gender_seed21,FixedAlpha_0.1,21,
27,28,0.73,0.11499999999999999,0.095,4xg7v78m,fixed_alpha0.1_german_gender_seed21,FixedAlpha_0.1,21,
28,29,0.73,0.11499999999999999,0.095,4xg7v78m,fixed_alpha0.1_german_gender_seed21,FixedAlpha_0.1,21,
29,30,0.74,0.135,0.10500000000000001,4xg7v78m,fixed_alpha0.1_german_gender_seed21,FixedAlpha_0.1,21,
0,1,0.585,0.05500000000000005,0.040000000000000036,lgfc6jh5,fixed_alpha0.1_german_gender_seed22,FixedAlpha_0.1,22,
1,2,0.66,0.06500000000000006,0.03250000000000003,lgfc6jh5,fixed_alpha0.1_german_gender_seed22,FixedAlpha_0.1,22,
2,3,0.69,0.05499999999999994,0.03999999999999998,lgfc6jh5,fixed_alpha0.1_german_gender_seed22,FixedAlpha_0.1,22,
3,4,0.715,0.040000000000000036,0.03250000000000003,lgfc6jh5,fixed_alpha0.1_german_gender_seed22,FixedAlpha_0.1,22,
4,5,0.715,0.040000000000000036,0.03250000000000003,lgfc6jh5,fixed_alpha0.1_german_gender_seed22,FixedAlpha_0.1,22,
5,6,0.71,0.025000000000000022,0.03750000000000003,lgfc6jh5,fixed_alpha0.1_german_gender_seed22,FixedAlpha_0.1,22,
6,7,0.695,0.019999999999999907,0.034999999999999976,lgfc6jh5,fixed_alpha0.1_german_gender_seed22,FixedAlpha_0.1,22,
7,8,0.705,0.029999999999999916,0.039999999999999925,lgfc6jh5,fixed_alpha0.1_german_gender_seed22,FixedAlpha_0.1,22,
8,9,0.72,0.0050000000000000044,0.0025000000000000022,lgfc6jh5,fixed_alpha0.1_german_gender_seed22,FixedAlpha_0.1,22,
9,10,0.72,0.025000000000000022,0.03750000000000003,lgfc6jh5,fixed_alpha0.1_german_gender_seed22,FixedAlpha_0.1,22,
10,11,0.725,0.0,0.012499999999999956,lgfc6jh5,fixed_alpha0.1_german_gender_seed22,FixedAlpha_0.1,22,
11,12,0.72,0.015000000000000013,0.03249999999999997,lgfc6jh5,fixed_alpha0.1_german_gender_seed22,FixedAlpha_0.1,22,
12,13,0.715,0.040000000000000036,0.044999999999999984,lgfc6jh5,fixed_alpha0.1_german_gender_seed22,FixedAlpha_0.1,22,
13,14,0.72,0.040000000000000036,0.057499999999999996,lgfc6jh5,fixed_alpha0.1_german_gender_seed22,FixedAlpha_0.1,22,
14,15,0.725,0.040000000000000036,0.03250000000000003,lgfc6jh5,fixed_alpha0.1_german_gender_seed22,FixedAlpha_0.1,22,
15,16,0.72,0.06500000000000006,0.04500000000000004,lgfc6jh5,fixed_alpha0.1_german_gender_seed22,FixedAlpha_0.1,22,
16,17,0.72,0.06500000000000006,0.04500000000000004,lgfc6jh5,fixed_alpha0.1_german_gender_seed22,FixedAlpha_0.1,22,
17,18,0.715,0.08999999999999997,0.057499999999999996,lgfc6jh5,fixed_alpha0.1_german_gender_seed22,FixedAlpha_0.1,22,
18,19,0.725,0.08999999999999997,0.044999999999999984,lgfc6jh5,fixed_alpha0.1_german_gender_seed22,FixedAlpha_0.1,22,
19,20,0.735,0.08999999999999997,0.06999999999999995,lgfc6jh5,fixed_alpha0.1_german_gender_seed22,FixedAlpha_0.1,22,
20,21,0.735,0.14,0.08250000000000002,lgfc6jh5,fixed_alpha0.1_german_gender_seed22,FixedAlpha_0.1,22,
21,22,0.73,0.13,0.07750000000000001,lgfc6jh5,fixed_alpha0.1_german_gender_seed22,FixedAlpha_0.1,22,
22,23,0.725,0.12,0.07250000000000001,lgfc6jh5,fixed_alpha0.1_german_gender_seed22,FixedAlpha_0.1,22,
23,24,0.72,0.10999999999999999,0.0675,lgfc6jh5,fixed_alpha0.1_german_gender_seed22,FixedAlpha_0.1,22,
24,25,0.72,0.10999999999999999,0.0675,lgfc6jh5,fixed_alpha0.1_german_gender_seed22,FixedAlpha_0.1,22,
25,26,0.715,0.135,0.08000000000000002,lgfc6jh5,fixed_alpha0.1_german_gender_seed22,FixedAlpha_0.1,22,
26,27,0.72,0.135,0.09250000000000003,lgfc6jh5,fixed_alpha0.1_german_gender_seed22,FixedAlpha_0.1,22,
27,28,0.72,0.135,0.09250000000000003,lgfc6jh5,fixed_alpha0.1_german_gender_seed22,FixedAlpha_0.1,22,
28,29,0.72,0.135,0.09250000000000003,lgfc6jh5,fixed_alpha0.1_german_gender_seed22,FixedAlpha_0.1,22,
29,30,0.72,0.135,0.09250000000000003,lgfc6jh5,fixed_alpha0.1_german_gender_seed22,FixedAlpha_0.1,22,
0,1,0.69,0.04499999999999993,0.022499999999999964,2q1ithdl,fixed_alpha0.1_german_gender_seed25,FixedAlpha_0.1,25,
1,2,0.7,0.015000000000000013,0.03249999999999997,2q1ithdl,fixed_alpha0.1_german_gender_seed25,FixedAlpha_0.1,25,
2,3,0.7,0.050000000000000044,0.04999999999999999,2q1ithdl,fixed_alpha0.1_german_gender_seed25,FixedAlpha_0.1,25,
3,4,0.705,0.0,0.0625,2q1ithdl,fixed_alpha0.1_german_gender_seed25,FixedAlpha_0.1,25,
4,5,0.71,0.019999999999999907,0.02249999999999991,2q1ithdl,fixed_alpha0.1_german_gender_seed25,FixedAlpha_0.1,25,
5,6,0.715,0.019999999999999907,0.009999999999999953,2q1ithdl,fixed_alpha0.1_german_gender_seed25,FixedAlpha_0.1,25,
6,7,0.735,0.039999999999999925,0.019999999999999962,2q1ithdl,fixed_alpha0.1_german_gender_seed25,FixedAlpha_0.1,25,
7,8,0.73,0.0,0.012500000000000011,2q1ithdl,fixed_alpha0.1_german_gender_seed25,FixedAlpha_0.1,25,
8,9,0.735,0.0,0.0,2q1ithdl,fixed_alpha0.1_german_gender_seed25,FixedAlpha_0.1,25,
9,10,0.72,0.030000000000000027,0.015000000000000013,2q1ithdl,fixed_alpha0.1_german_gender_seed25,FixedAlpha_0.1,25,
10,11,0.72,0.030000000000000027,0.015000000000000013,2q1ithdl,fixed_alpha0.1_german_gender_seed25,FixedAlpha_0.1,25,
11,12,0.715,0.020000000000000018,0.02250000000000002,2q1ithdl,fixed_alpha0.1_german_gender_seed25,FixedAlpha_0.1,25,
12,13,0.72,0.010000000000000009,0.04250000000000004,2q1ithdl,fixed_alpha0.1_german_gender_seed25,FixedAlpha_0.1,25,
13,14,0.72,0.03500000000000003,0.030000000000000027,2q1ithdl,fixed_alpha0.1_german_gender_seed25,FixedAlpha_0.1,25,
14,15,0.71,0.07499999999999996,0.062499999999999944,2q1ithdl,fixed_alpha0.1_german_gender_seed25,FixedAlpha_0.1,25,
15,16,0.7,0.08999999999999997,0.06999999999999995,2q1ithdl,fixed_alpha0.1_german_gender_seed25,FixedAlpha_0.1,25,
16,17,0.7,0.08999999999999997,0.06999999999999995,2q1ithdl,fixed_alpha0.1_german_gender_seed25,FixedAlpha_0.1,25,
17,18,0.7,0.06499999999999995,0.044999999999999984,2q1ithdl,fixed_alpha0.1_german_gender_seed25,FixedAlpha_0.1,25,
18,19,0.695,0.05499999999999994,0.03999999999999998,2q1ithdl,fixed_alpha0.1_german_gender_seed25,FixedAlpha_0.1,25,
19,20,0.71,0.06499999999999995,0.03249999999999997,2q1ithdl,fixed_alpha0.1_german_gender_seed25,FixedAlpha_0.1,25,
20,21,0.72,0.07499999999999996,0.04999999999999999,2q1ithdl,fixed_alpha0.1_german_gender_seed25,FixedAlpha_0.1,25,
21,22,0.715,0.06499999999999995,0.044999999999999984,2q1ithdl,fixed_alpha0.1_german_gender_seed25,FixedAlpha_0.1,25,
22,23,0.72,0.06499999999999995,0.057499999999999996,2q1ithdl,fixed_alpha0.1_german_gender_seed25,FixedAlpha_0.1,25,
23,24,0.72,0.09999999999999998,0.07500000000000001,2q1ithdl,fixed_alpha0.1_german_gender_seed25,FixedAlpha_0.1,25,
24,25,0.72,0.09999999999999998,0.07500000000000001,2q1ithdl,fixed_alpha0.1_german_gender_seed25,FixedAlpha_0.1,25,
25,26,0.72,0.07499999999999996,0.04999999999999999,2q1ithdl,fixed_alpha0.1_german_gender_seed25,FixedAlpha_0.1,25,
26,27,0.72,0.07499999999999996,0.04999999999999999,2q1ithdl,fixed_alpha0.1_german_gender_seed25,FixedAlpha_0.1,25,
27,28,0.72,0.07499999999999996,0.04999999999999999,2q1ithdl,fixed_alpha0.1_german_gender_seed25,FixedAlpha_0.1,25,
28,29,0.715,0.06499999999999995,0.044999999999999984,2q1ithdl,fixed_alpha0.1_german_gender_seed25,FixedAlpha_0.1,25,
29,30,0.71,0.07999999999999996,0.065,2q1ithdl,fixed_alpha0.1_german_gender_seed25,FixedAlpha_0.1,25,
0,1,0.655,0.015000000000000013,0.07,2ppgymyn,fixed_alpha0.1_german_gender_seed23,FixedAlpha_0.1,23,
1,2,0.695,0.010000000000000009,0.0675,2ppgymyn,fixed_alpha0.1_german_gender_seed23,FixedAlpha_0.1,23,
2,3,0.715,0.020000000000000018,0.08500000000000002,2ppgymyn,fixed_alpha0.1_german_gender_seed23,FixedAlpha_0.1,23,
3,4,0.72,0.0050000000000000044,0.11499999999999999,2ppgymyn,fixed_alpha0.1_german_gender_seed23,FixedAlpha_0.1,23,
4,5,0.74,0.0050000000000000044,0.11499999999999999,2ppgymyn,fixed_alpha0.1_german_gender_seed23,FixedAlpha_0.1,23,
5,6,0.75,0.020000000000000018,0.135,2ppgymyn,fixed_alpha0.1_german_gender_seed23,FixedAlpha_0.1,23,
6,7,0.74,0.03500000000000003,0.14250000000000002,2ppgymyn,fixed_alpha0.1_german_gender_seed23,FixedAlpha_0.1,23,
7,8,0.745,0.025000000000000022,0.125,2ppgymyn,fixed_alpha0.1_german_gender_seed23,FixedAlpha_0.1,23,
8,9,0.745,0.040000000000000036,0.08250000000000002,2ppgymyn,fixed_alpha0.1_german_gender_seed23,FixedAlpha_0.1,23,
9,10,0.735,0.04500000000000004,0.09750000000000003,2ppgymyn,fixed_alpha0.1_german_gender_seed23,FixedAlpha_0.1,23,
10,11,0.735,0.04500000000000004,0.09750000000000003,2ppgymyn,fixed_alpha0.1_german_gender_seed23,FixedAlpha_0.1,23,
11,12,0.74,0.04500000000000004,0.07250000000000001,2ppgymyn,fixed_alpha0.1_german_gender_seed23,FixedAlpha_0.1,23,
12,13,0.735,0.04500000000000004,0.06,2ppgymyn,fixed_alpha0.1_german_gender_seed23,FixedAlpha_0.1,23,
13,14,0.735,0.03500000000000003,0.030000000000000027,2ppgymyn,fixed_alpha0.1_german_gender_seed23,FixedAlpha_0.1,23,
14,15,0.725,0.08499999999999996,0.05499999999999999,2ppgymyn,fixed_alpha0.1_german_gender_seed23,FixedAlpha_0.1,23,
15,16,0.72,0.09999999999999998,0.07500000000000001,2ppgymyn,fixed_alpha0.1_german_gender_seed23,FixedAlpha_0.1,23,
16,17,0.725,0.09999999999999998,0.08750000000000002,2ppgymyn,fixed_alpha0.1_german_gender_seed23,FixedAlpha_0.1,23,
17,18,0.72,0.08999999999999997,0.08250000000000002,2ppgymyn,fixed_alpha0.1_german_gender_seed23,FixedAlpha_0.1,23,
18,19,0.715,0.08999999999999997,0.07,2ppgymyn,fixed_alpha0.1_german_gender_seed23,FixedAlpha_0.1,23,
19,20,0.715,0.08999999999999997,0.07,2ppgymyn,fixed_alpha0.1_german_gender_seed23,FixedAlpha_0.1,23,
20,21,0.715,0.08999999999999997,0.07,2ppgymyn,fixed_alpha0.1_german_gender_seed23,FixedAlpha_0.1,23,
21,22,0.715,0.125,0.08750000000000002,2ppgymyn,fixed_alpha0.1_german_gender_seed23,FixedAlpha_0.1,23,
22,23,0.71,0.15000000000000002,0.10000000000000003,2ppgymyn,fixed_alpha0.1_german_gender_seed23,FixedAlpha_0.1,23,
23,24,0.71,0.15000000000000002,0.10000000000000003,2ppgymyn,fixed_alpha0.1_german_gender_seed23,FixedAlpha_0.1,23,
24,25,0.71,0.15000000000000002,0.10000000000000003,2ppgymyn,fixed_alpha0.1_german_gender_seed23,FixedAlpha_0.1,23,
25,26,0.71,0.15000000000000002,0.10000000000000003,2ppgymyn,fixed_alpha0.1_german_gender_seed23,FixedAlpha_0.1,23,
26,27,0.71,0.15000000000000002,0.10000000000000003,2ppgymyn,fixed_alpha0.1_german_gender_seed23,FixedAlpha_0.1,23,
27,28,0.71,0.15000000000000002,0.10000000000000003,2ppgymyn,fixed_alpha0.1_german_gender_seed23,FixedAlpha_0.1,23,
28,29,0.71,0.15000000000000002,0.10000000000000003,2ppgymyn,fixed_alpha0.1_german_gender_seed23,FixedAlpha_0.1,23,
29,30,0.715,0.16000000000000003,0.10500000000000004,2ppgymyn,fixed_alpha0.1_german_gender_seed23,FixedAlpha_0.1,23,
0,1,0.6,0.09499999999999997,0.12249999999999994,7y48y1wx,fixed_alpha0.1_german_gender_seed24,FixedAlpha_0.1,24,
1,2,0.655,0.08000000000000007,0.09000000000000002,7y48y1wx,fixed_alpha0.1_german_gender_seed24,FixedAlpha_0.1,24,
2,3,0.67,0.0,0.012500000000000011,7y48y1wx,fixed_alpha0.1_german_gender_seed24,FixedAlpha_0.1,24,
3,4,0.685,0.0050000000000000044,0.015000000000000013,7y48y1wx,fixed_alpha0.1_german_gender_seed24,FixedAlpha_0.1,24,
4,5,0.69,0.0050000000000000044,0.015000000000000013,7y48y1wx,fixed_alpha0.1_german_gender_seed24,FixedAlpha_0.1,24,
5,6,0.69,0.0050000000000000044,0.027500000000000024,7y48y1wx,fixed_alpha0.1_german_gender_seed24,FixedAlpha_0.1,24,
6,7,0.68,0.025000000000000022,0.03750000000000003,7y48y1wx,fixed_alpha0.1_german_gender_seed24,FixedAlpha_0.1,24,
7,8,0.68,0.010000000000000009,0.01749999999999996,7y48y1wx,fixed_alpha0.1_german_gender_seed24,FixedAlpha_0.1,24,
8,9,0.695,0.0050000000000000044,0.040000000000000036,7y48y1wx,fixed_alpha0.1_german_gender_seed24,FixedAlpha_0.1,24,
9,10,0.71,0.0050000000000000044,0.015000000000000013,7y48y1wx,fixed_alpha0.1_german_gender_seed24,FixedAlpha_0.1,24,
10,11,0.725,0.0,0.0625,7y48y1wx,fixed_alpha0.1_german_gender_seed24,FixedAlpha_0.1,24,
11,12,0.725,0.0,0.0625,7y48y1wx,fixed_alpha0.1_german_gender_seed24,FixedAlpha_0.1,24,
12,13,0.715,0.040000000000000036,0.10749999999999998,7y48y1wx,fixed_alpha0.1_german_gender_seed24,FixedAlpha_0.1,24,
13,14,0.72,0.030000000000000027,0.07750000000000001,7y48y1wx,fixed_alpha0.1_german_gender_seed24,FixedAlpha_0.1,24,
14,15,0.72,0.05500000000000005,0.07750000000000001,7y48y1wx,fixed_alpha0.1_german_gender_seed24,FixedAlpha_0.1,24,
15,16,0.725,0.05500000000000005,0.065,7y48y1wx,fixed_alpha0.1_german_gender_seed24,FixedAlpha_0.1,24,
16,17,0.73,0.04500000000000004,0.07250000000000001,7y48y1wx,fixed_alpha0.1_german_gender_seed24,FixedAlpha_0.1,24,
17,18,0.735,0.04500000000000004,0.06,7y48y1wx,fixed_alpha0.1_german_gender_seed24,FixedAlpha_0.1,24,
18,19,0.73,0.06999999999999995,0.07249999999999995,7y48y1wx,fixed_alpha0.1_german_gender_seed24,FixedAlpha_0.1,24,
19,20,0.725,0.09499999999999997,0.08499999999999996,7y48y1wx,fixed_alpha0.1_german_gender_seed24,FixedAlpha_0.1,24,
20,21,0.725,0.09499999999999997,0.08499999999999996,7y48y1wx,fixed_alpha0.1_german_gender_seed24,FixedAlpha_0.1,24,
21,22,0.73,0.09499999999999997,0.07250000000000001,7y48y1wx,fixed_alpha0.1_german_gender_seed24,FixedAlpha_0.1,24,
22,23,0.72,0.10999999999999999,0.08000000000000002,7y48y1wx,fixed_alpha0.1_german_gender_seed24,FixedAlpha_0.1,24,
23,24,0.72,0.09999999999999998,0.0625,7y48y1wx,fixed_alpha0.1_german_gender_seed24,FixedAlpha_0.1,24,
24,25,0.725,0.09999999999999998,0.04999999999999999,7y48y1wx,fixed_alpha0.1_german_gender_seed24,FixedAlpha_0.1,24,
25,26,0.72,0.125,0.0625,7y48y1wx,fixed_alpha0.1_german_gender_seed24,FixedAlpha_0.1,24,
26,27,0.72,0.125,0.0625,7y48y1wx,fixed_alpha0.1_german_gender_seed24,FixedAlpha_0.1,24,
27,28,0.72,0.16000000000000003,0.08000000000000002,7y48y1wx,fixed_alpha0.1_german_gender_seed24,FixedAlpha_0.1,24,
28,29,0.72,0.16000000000000003,0.08000000000000002,7y48y1wx,fixed_alpha0.1_german_gender_seed24,FixedAlpha_0.1,24,
29,30,0.72,0.16000000000000003,0.08000000000000002,7y48y1wx,fixed_alpha0.1_german_gender_seed24,FixedAlpha_0.1,24,
0,1,0.42,0.12000000000000002,0.09750000000000002,sf13olif,fixed_alpha0.1_german_gender_seed26,FixedAlpha_0.1,26,
1,2,0.505,0.07,0.0725,sf13olif,fixed_alpha0.1_german_gender_seed26,FixedAlpha_0.1,26,
2,3,0.605,0.05500000000000005,0.09000000000000002,sf13olif,fixed_alpha0.1_german_gender_seed26,FixedAlpha_0.1,26,
3,4,0.625,0.08499999999999996,0.13,sf13olif,fixed_alpha0.1_german_gender_seed26,FixedAlpha_0.1,26,
4,5,0.655,0.039999999999999925,0.09499999999999997,sf13olif,fixed_alpha0.1_german_gender_seed26,FixedAlpha_0.1,26,
5,6,0.675,0.06000000000000005,0.08000000000000002,sf13olif,fixed_alpha0.1_german_gender_seed26,FixedAlpha_0.1,26,
6,7,0.665,0.020000000000000018,0.07250000000000001,sf13olif,fixed_alpha0.1_german_gender_seed26,FixedAlpha_0.1,26,
7,8,0.69,0.010000000000000009,0.04249999999999998,sf13olif,fixed_alpha0.1_german_gender_seed26,FixedAlpha_0.1,26,
8,9,0.705,0.025000000000000022,0.0625,sf13olif,fixed_alpha0.1_german_gender_seed26,FixedAlpha_0.1,26,
9,10,0.715,0.015000000000000013,0.03250000000000003,sf13olif,fixed_alpha0.1_german_gender_seed26,FixedAlpha_0.1,26,
10,11,0.725,0.015000000000000013,0.057499999999999996,sf13olif,fixed_alpha0.1_german_gender_seed26,FixedAlpha_0.1,26,
11,12,0.735,0.010000000000000009,0.04250000000000004,sf13olif,fixed_alpha0.1_german_gender_seed26,FixedAlpha_0.1,26,
12,13,0.72,0.015000000000000013,0.020000000000000018,sf13olif,fixed_alpha0.1_german_gender_seed26,FixedAlpha_0.1,26,
13,14,0.735,0.03500000000000003,0.017500000000000016,sf13olif,fixed_alpha0.1_german_gender_seed26,FixedAlpha_0.1,26,
14,15,0.74,0.03500000000000003,0.030000000000000027,sf13olif,fixed_alpha0.1_german_gender_seed26,FixedAlpha_0.1,26,
15,16,0.73,0.040000000000000036,0.03250000000000003,sf13olif,fixed_alpha0.1_german_gender_seed26,FixedAlpha_0.1,26,
16,17,0.725,0.020000000000000018,0.010000000000000009,sf13olif,fixed_alpha0.1_german_gender_seed26,FixedAlpha_0.1,26,
17,18,0.72,0.04500000000000004,0.02250000000000002,sf13olif,fixed_alpha0.1_german_gender_seed26,FixedAlpha_0.1,26,
18,19,0.715,0.06999999999999995,0.034999999999999976,sf13olif,fixed_alpha0.1_german_gender_seed26,FixedAlpha_0.1,26,
19,20,0.72,0.07999999999999996,0.03999999999999998,sf13olif,fixed_alpha0.1_german_gender_seed26,FixedAlpha_0.1,26,
20,21,0.725,0.07999999999999996,0.05249999999999999,sf13olif,fixed_alpha0.1_german_gender_seed26,FixedAlpha_0.1,26,
21,22,0.72,0.05999999999999994,0.05499999999999994,sf13olif,fixed_alpha0.1_german_gender_seed26,FixedAlpha_0.1,26,
22,23,0.735,0.05999999999999994,0.05499999999999999,sf13olif,fixed_alpha0.1_german_gender_seed26,FixedAlpha_0.1,26,
23,24,0.74,0.03500000000000003,0.04250000000000004,sf13olif,fixed_alpha0.1_german_gender_seed26,FixedAlpha_0.1,26,
24,25,0.74,0.03500000000000003,0.04250000000000004,sf13olif,fixed_alpha0.1_german_gender_seed26,FixedAlpha_0.1,26,
25,26,0.74,0.03500000000000003,0.04250000000000004,sf13olif,fixed_alpha0.1_german_gender_seed26,FixedAlpha_0.1,26,
26,27,0.74,0.05999999999999994,0.02999999999999997,sf13olif,fixed_alpha0.1_german_gender_seed26,FixedAlpha_0.1,26,
27,28,0.74,0.05999999999999994,0.02999999999999997,sf13olif,fixed_alpha0.1_german_gender_seed26,FixedAlpha_0.1,26,
28,29,0.735,0.05999999999999994,0.04249999999999998,sf13olif,fixed_alpha0.1_german_gender_seed26,FixedAlpha_0.1,26,
29,30,0.75,0.05999999999999994,0.054999999999999966,sf13olif,fixed_alpha0.1_german_gender_seed26,FixedAlpha_0.1,26,
0,1,0.71,0.06499999999999995,0.06999999999999995,b2r9m8zf,fixed_alpha0.1_german_gender_seed28,FixedAlpha_0.1,28,
1,2,0.735,0.04999999999999993,0.07500000000000001,b2r9m8zf,fixed_alpha0.1_german_gender_seed28,FixedAlpha_0.1,28,
2,3,0.715,0.0050000000000000044,0.015000000000000013,b2r9m8zf,fixed_alpha0.1_german_gender_seed28,FixedAlpha_0.1,28,
3,4,0.725,0.015000000000000013,0.020000000000000018,b2r9m8zf,fixed_alpha0.1_german_gender_seed28,FixedAlpha_0.1,28,
4,5,0.73,0.015000000000000013,0.03250000000000003,b2r9m8zf,fixed_alpha0.1_german_gender_seed28,FixedAlpha_0.1,28,
5,6,0.73,0.015000000000000013,0.03250000000000003,b2r9m8zf,fixed_alpha0.1_german_gender_seed28,FixedAlpha_0.1,28,
6,7,0.755,0.015000000000000013,0.057499999999999996,b2r9m8zf,fixed_alpha0.1_german_gender_seed28,FixedAlpha_0.1,28,
7,8,0.75,0.030000000000000027,0.040000000000000036,b2r9m8zf,fixed_alpha0.1_german_gender_seed28,FixedAlpha_0.1,28,
8,9,0.75,0.020000000000000018,0.010000000000000009,b2r9m8zf,fixed_alpha0.1_german_gender_seed28,FixedAlpha_0.1,28,
9,10,0.76,0.03499999999999992,0.029999999999999916,b2r9m8zf,fixed_alpha0.1_german_gender_seed28,FixedAlpha_0.1,28,
10,11,0.765,0.07499999999999996,0.0625,b2r9m8zf,fixed_alpha0.1_german_gender_seed28,FixedAlpha_0.1,28,
11,12,0.755,0.08000000000000007,0.07750000000000007,b2r9m8zf,fixed_alpha0.1_german_gender_seed28,FixedAlpha_0.1,28,
12,13,0.75,0.1050000000000001,0.09000000000000008,b2r9m8zf,fixed_alpha0.1_german_gender_seed28,FixedAlpha_0.1,28,
13,14,0.74,0.07500000000000007,0.08750000000000002,b2r9m8zf,fixed_alpha0.1_german_gender_seed28,FixedAlpha_0.1,28,
14,15,0.725,0.15000000000000002,0.125,b2r9m8zf,fixed_alpha0.1_german_gender_seed28,FixedAlpha_0.1,28,
15,16,0.72,0.17500000000000004,0.1375,b2r9m8zf,fixed_alpha0.1_german_gender_seed28,FixedAlpha_0.1,28,
16,17,0.72,0.17500000000000004,0.1375,b2r9m8zf,fixed_alpha0.1_german_gender_seed28,FixedAlpha_0.1,28,
17,18,0.73,0.17500000000000004,0.125,b2r9m8zf,fixed_alpha0.1_german_gender_seed28,FixedAlpha_0.1,28,
18,19,0.73,0.16500000000000004,0.1325,b2r9m8zf,fixed_alpha0.1_german_gender_seed28,FixedAlpha_0.1,28,
19,20,0.725,0.16500000000000004,0.12,b2r9m8zf,fixed_alpha0.1_german_gender_seed28,FixedAlpha_0.1,28,
20,21,0.72,0.15500000000000003,0.11499999999999999,b2r9m8zf,fixed_alpha0.1_german_gender_seed28,FixedAlpha_0.1,28,
21,22,0.715,0.18000000000000005,0.1275,b2r9m8zf,fixed_alpha0.1_german_gender_seed28,FixedAlpha_0.1,28,
22,23,0.72,0.18000000000000005,0.14,b2r9m8zf,fixed_alpha0.1_german_gender_seed28,FixedAlpha_0.1,28,
23,24,0.715,0.17000000000000004,0.135,b2r9m8zf,fixed_alpha0.1_german_gender_seed28,FixedAlpha_0.1,28,
24,25,0.715,0.17000000000000004,0.135,b2r9m8zf,fixed_alpha0.1_german_gender_seed28,FixedAlpha_0.1,28,
25,26,0.715,0.17000000000000004,0.135,b2r9m8zf,fixed_alpha0.1_german_gender_seed28,FixedAlpha_0.1,28,
26,27,0.715,0.17000000000000004,0.135,b2r9m8zf,fixed_alpha0.1_german_gender_seed28,FixedAlpha_0.1,28,
27,28,0.715,0.17000000000000004,0.135,b2r9m8zf,fixed_alpha0.1_german_gender_seed28,FixedAlpha_0.1,28,
28,29,0.715,0.17000000000000004,0.135,b2r9m8zf,fixed_alpha0.1_german_gender_seed28,FixedAlpha_0.1,28,
29,30,0.715,0.17000000000000004,0.135,b2r9m8zf,fixed_alpha0.1_german_gender_seed28,FixedAlpha_0.1,28,
0,1,0.53,0.010000000000000009,0.21750000000000003,i21evtam,fixed_alpha0.2_german_gender_seed2,FixedAlpha_0.2,2,
1,2,0.635,0.09999999999999998,0.3,i21evtam,fixed_alpha0.2_german_gender_seed2,FixedAlpha_0.2,2,
2,3,0.675,0.015000000000000013,0.15750000000000003,i21evtam,fixed_alpha0.2_german_gender_seed2,FixedAlpha_0.2,2,
3,4,0.705,0.0050000000000000044,0.10249999999999998,i21evtam,fixed_alpha0.2_german_gender_seed2,FixedAlpha_0.2,2,
4,5,0.715,0.0050000000000000044,0.09000000000000002,i21evtam,fixed_alpha0.2_german_gender_seed2,FixedAlpha_0.2,2,
5,6,0.7,0.0050000000000000044,0.05249999999999999,i21evtam,fixed_alpha0.2_german_gender_seed2,FixedAlpha_0.2,2,
6,7,0.7,0.0050000000000000044,0.05249999999999999,i21evtam,fixed_alpha0.2_german_gender_seed2,FixedAlpha_0.2,2,
7,8,0.71,0.0050000000000000044,0.07750000000000001,i21evtam,fixed_alpha0.2_german_gender_seed2,FixedAlpha_0.2,2,
8,9,0.705,0.025000000000000022,0.10000000000000003,i21evtam,fixed_alpha0.2_german_gender_seed2,FixedAlpha_0.2,2,
9,10,0.72,0.025000000000000022,0.0625,i21evtam,fixed_alpha0.2_german_gender_seed2,FixedAlpha_0.2,2,
10,11,0.73,0.0,0.04999999999999999,i21evtam,fixed_alpha0.2_german_gender_seed2,FixedAlpha_0.2,2,
11,12,0.735,0.0050000000000000044,0.027500000000000024,i21evtam,fixed_alpha0.2_german_gender_seed2,FixedAlpha_0.2,2,
12,13,0.75,0.025000000000000022,0.025000000000000022,i21evtam,fixed_alpha0.2_german_gender_seed2,FixedAlpha_0.2,2,
13,14,0.74,0.06500000000000006,0.04500000000000004,i21evtam,fixed_alpha0.2_german_gender_seed2,FixedAlpha_0.2,2,
14,15,0.74,0.06500000000000006,0.04500000000000004,i21evtam,fixed_alpha0.2_german_gender_seed2,FixedAlpha_0.2,2,
15,16,0.735,0.08500000000000008,0.0675,i21evtam,fixed_alpha0.2_german_gender_seed2,FixedAlpha_0.2,2,
16,17,0.735,0.06000000000000005,0.0675,i21evtam,fixed_alpha0.2_german_gender_seed2,FixedAlpha_0.2,2,
17,18,0.74,0.03500000000000003,0.08000000000000002,i21evtam,fixed_alpha0.2_german_gender_seed2,FixedAlpha_0.2,2,
18,19,0.755,0.015000000000000013,0.04500000000000004,i21evtam,fixed_alpha0.2_german_gender_seed2,FixedAlpha_0.2,2,
19,20,0.75,0.0,0.05000000000000002,i21evtam,fixed_alpha0.2_german_gender_seed2,FixedAlpha_0.2,2,
20,21,0.755,0.0,0.024999999999999994,i21evtam,fixed_alpha0.2_german_gender_seed2,FixedAlpha_0.2,2,
21,22,0.75,0.025000000000000022,0.037500000000000006,i21evtam,fixed_alpha0.2_german_gender_seed2,FixedAlpha_0.2,2,
22,23,0.735,0.015000000000000013,0.04500000000000004,i21evtam,fixed_alpha0.2_german_gender_seed2,FixedAlpha_0.2,2,
23,24,0.735,0.015000000000000013,0.04500000000000004,i21evtam,fixed_alpha0.2_german_gender_seed2,FixedAlpha_0.2,2,
24,25,0.735,0.039999999999999925,0.06999999999999998,i21evtam,fixed_alpha0.2_german_gender_seed2,FixedAlpha_0.2,2,
25,26,0.74,0.039999999999999925,0.08249999999999999,i21evtam,fixed_alpha0.2_german_gender_seed2,FixedAlpha_0.2,2,
26,27,0.74,0.039999999999999925,0.08249999999999999,i21evtam,fixed_alpha0.2_german_gender_seed2,FixedAlpha_0.2,2,
27,28,0.74,0.039999999999999925,0.08249999999999999,i21evtam,fixed_alpha0.2_german_gender_seed2,FixedAlpha_0.2,2,
28,29,0.74,0.039999999999999925,0.08249999999999999,i21evtam,fixed_alpha0.2_german_gender_seed2,FixedAlpha_0.2,2,
29,30,0.74,0.039999999999999925,0.08249999999999999,i21evtam,fixed_alpha0.2_german_gender_seed2,FixedAlpha_0.2,2,
0,1,0.51,0.14500000000000002,0.1975,9qcx0m3a,fixed_alpha0.1_german_gender_seed29,FixedAlpha_0.1,29,
1,2,0.575,0.1100000000000001,0.14250000000000002,9qcx0m3a,fixed_alpha0.1_german_gender_seed29,FixedAlpha_0.1,29,
2,3,0.66,0.040000000000000036,0.12000000000000005,9qcx0m3a,fixed_alpha0.1_german_gender_seed29,FixedAlpha_0.1,29,
3,4,0.685,0.019999999999999907,0.08499999999999991,9qcx0m3a,fixed_alpha0.1_german_gender_seed29,FixedAlpha_0.1,29,
4,5,0.7,0.015000000000000013,0.020000000000000018,9qcx0m3a,fixed_alpha0.1_german_gender_seed29,FixedAlpha_0.1,29,
5,6,0.705,0.010000000000000009,0.017500000000000016,9qcx0m3a,fixed_alpha0.1_german_gender_seed29,FixedAlpha_0.1,29,
6,7,0.71,0.020000000000000018,0.022499999999999964,9qcx0m3a,fixed_alpha0.1_german_gender_seed29,FixedAlpha_0.1,29,
7,8,0.71,0.030000000000000027,0.03999999999999998,9qcx0m3a,fixed_alpha0.1_german_gender_seed29,FixedAlpha_0.1,29,
8,9,0.71,0.04499999999999993,0.034999999999999976,9qcx0m3a,fixed_alpha0.1_german_gender_seed29,FixedAlpha_0.1,29,
9,10,0.705,0.04999999999999993,0.04999999999999993,9qcx0m3a,fixed_alpha0.1_german_gender_seed29,FixedAlpha_0.1,29,
10,11,0.705,0.010000000000000009,0.05500000000000005,9qcx0m3a,fixed_alpha0.1_german_gender_seed29,FixedAlpha_0.1,29,
11,12,0.73,0.025000000000000022,0.050000000000000044,9qcx0m3a,fixed_alpha0.1_german_gender_seed29,FixedAlpha_0.1,29,
12,13,0.725,0.040000000000000036,0.08250000000000002,9qcx0m3a,fixed_alpha0.1_german_gender_seed29,FixedAlpha_0.1,29,
13,14,0.715,0.04500000000000004,0.07250000000000001,9qcx0m3a,fixed_alpha0.1_german_gender_seed29,FixedAlpha_0.1,29,
14,15,0.73,0.05500000000000005,0.05249999999999999,9qcx0m3a,fixed_alpha0.1_german_gender_seed29,FixedAlpha_0.1,29,
15,16,0.725,0.04500000000000004,0.04749999999999999,9qcx0m3a,fixed_alpha0.1_german_gender_seed29,FixedAlpha_0.1,29,
16,17,0.735,0.05500000000000005,0.03999999999999998,9qcx0m3a,fixed_alpha0.1_german_gender_seed29,FixedAlpha_0.1,29,
17,18,0.745,0.05500000000000005,0.040000000000000036,9qcx0m3a,fixed_alpha0.1_german_gender_seed29,FixedAlpha_0.1,29,
18,19,0.745,0.05500000000000005,0.040000000000000036,9qcx0m3a,fixed_alpha0.1_german_gender_seed29,FixedAlpha_0.1,29,
19,20,0.745,0.05500000000000005,0.040000000000000036,9qcx0m3a,fixed_alpha0.1_german_gender_seed29,FixedAlpha_0.1,29,
20,21,0.745,0.07999999999999996,0.065,9qcx0m3a,fixed_alpha0.1_german_gender_seed29,FixedAlpha_0.1,29,
21,22,0.735,0.09499999999999997,0.07250000000000001,9qcx0m3a,fixed_alpha0.1_german_gender_seed29,FixedAlpha_0.1,29,
22,23,0.725,0.10999999999999999,0.08000000000000002,9qcx0m3a,fixed_alpha0.1_german_gender_seed29,FixedAlpha_0.1,29,
23,24,0.725,0.10999999999999999,0.08000000000000002,9qcx0m3a,fixed_alpha0.1_german_gender_seed29,FixedAlpha_0.1,29,
24,25,0.725,0.10999999999999999,0.08000000000000002,9qcx0m3a,fixed_alpha0.1_german_gender_seed29,FixedAlpha_0.1,29,
25,26,0.725,0.10999999999999999,0.08000000000000002,9qcx0m3a,fixed_alpha0.1_german_gender_seed29,FixedAlpha_0.1,29,
26,27,0.73,0.10999999999999999,0.09250000000000003,9qcx0m3a,fixed_alpha0.1_german_gender_seed29,FixedAlpha_0.1,29,
27,28,0.72,0.09999999999999998,0.07500000000000001,9qcx0m3a,fixed_alpha0.1_german_gender_seed29,FixedAlpha_0.1,29,
28,29,0.72,0.09999999999999998,0.07500000000000001,9qcx0m3a,fixed_alpha0.1_german_gender_seed29,FixedAlpha_0.1,29,
29,30,0.725,0.07499999999999996,0.0625,9qcx0m3a,fixed_alpha0.1_german_gender_seed29,FixedAlpha_0.1,29,
0,1,0.675,0.025000000000000022,0.03750000000000003,zk40vdca,fixed_alpha0.2_german_gender_seed0,FixedAlpha_0.2,0,
1,2,0.705,0.010000000000000009,0.017500000000000016,zk40vdca,fixed_alpha0.2_german_gender_seed0,FixedAlpha_0.2,0,
2,3,0.7,0.015000000000000013,0.03249999999999997,zk40vdca,fixed_alpha0.2_german_gender_seed0,FixedAlpha_0.2,0,
3,4,0.705,0.030000000000000027,0.03999999999999998,zk40vdca,fixed_alpha0.2_german_gender_seed0,FixedAlpha_0.2,0,
4,5,0.705,0.030000000000000027,0.03999999999999998,zk40vdca,fixed_alpha0.2_german_gender_seed0,FixedAlpha_0.2,0,
5,6,0.72,0.05499999999999994,0.02749999999999997,zk40vdca,fixed_alpha0.2_german_gender_seed0,FixedAlpha_0.2,0,
6,7,0.73,0.05499999999999994,0.052499999999999936,zk40vdca,fixed_alpha0.2_german_gender_seed0,FixedAlpha_0.2,0,
7,8,0.735,0.10499999999999998,0.07750000000000001,zk40vdca,fixed_alpha0.2_german_gender_seed0,FixedAlpha_0.2,0,
8,9,0.74,0.10499999999999998,0.09000000000000002,zk40vdca,fixed_alpha0.2_german_gender_seed0,FixedAlpha_0.2,0,
9,10,0.745,0.10499999999999998,0.10250000000000004,zk40vdca,fixed_alpha0.2_german_gender_seed0,FixedAlpha_0.2,0,
10,11,0.75,0.09499999999999997,0.1225,zk40vdca,fixed_alpha0.2_german_gender_seed0,FixedAlpha_0.2,0,
11,12,0.76,0.09499999999999997,0.10999999999999999,zk40vdca,fixed_alpha0.2_german_gender_seed0,FixedAlpha_0.2,0,
12,13,0.77,0.08499999999999996,0.14249999999999996,zk40vdca,fixed_alpha0.2_german_gender_seed0,FixedAlpha_0.2,0,
13,14,0.765,0.135,0.18,zk40vdca,fixed_alpha0.2_german_gender_seed0,FixedAlpha_0.2,0,
14,15,0.765,0.125,0.11249999999999999,zk40vdca,fixed_alpha0.2_german_gender_seed0,FixedAlpha_0.2,0,
15,16,0.76,0.09500000000000008,0.12250000000000005,zk40vdca,fixed_alpha0.2_german_gender_seed0,FixedAlpha_0.2,0,
16,17,0.76,0.10999999999999999,0.1175,zk40vdca,fixed_alpha0.2_german_gender_seed0,FixedAlpha_0.2,0,
17,18,0.76,0.10999999999999999,0.1175,zk40vdca,fixed_alpha0.2_german_gender_seed0,FixedAlpha_0.2,0,
18,19,0.755,0.09999999999999998,0.11249999999999999,zk40vdca,fixed_alpha0.2_german_gender_seed0,FixedAlpha_0.2,0,
19,20,0.75,0.125,0.125,zk40vdca,fixed_alpha0.2_german_gender_seed0,FixedAlpha_0.2,0,
20,21,0.75,0.125,0.125,zk40vdca,fixed_alpha0.2_german_gender_seed0,FixedAlpha_0.2,0,
21,22,0.75,0.125,0.125,zk40vdca,fixed_alpha0.2_german_gender_seed0,FixedAlpha_0.2,0,
22,23,0.75,0.125,0.125,zk40vdca,fixed_alpha0.2_german_gender_seed0,FixedAlpha_0.2,0,
23,24,0.76,0.135,0.10500000000000004,zk40vdca,fixed_alpha0.2_german_gender_seed0,FixedAlpha_0.2,0,
24,25,0.76,0.135,0.10500000000000004,zk40vdca,fixed_alpha0.2_german_gender_seed0,FixedAlpha_0.2,0,
25,26,0.755,0.16000000000000003,0.11750000000000005,zk40vdca,fixed_alpha0.2_german_gender_seed0,FixedAlpha_0.2,0,
26,27,0.755,0.16000000000000003,0.11750000000000005,zk40vdca,fixed_alpha0.2_german_gender_seed0,FixedAlpha_0.2,0,
27,28,0.755,0.16000000000000003,0.11750000000000005,zk40vdca,fixed_alpha0.2_german_gender_seed0,FixedAlpha_0.2,0,
28,29,0.75,0.16000000000000003,0.10500000000000004,zk40vdca,fixed_alpha0.2_german_gender_seed0,FixedAlpha_0.2,0,
29,30,0.745,0.18500000000000005,0.11750000000000005,zk40vdca,fixed_alpha0.2_german_gender_seed0,FixedAlpha_0.2,0,
0,1,0.36,0.025000000000000022,0.05,w2537hl2,fixed_alpha0.1_german_gender_seed27,FixedAlpha_0.1,27,
1,2,0.425,0.09499999999999997,0.06,w2537hl2,fixed_alpha0.1_german_gender_seed27,FixedAlpha_0.1,27,
2,3,0.515,0.025000000000000022,0.03750000000000003,w2537hl2,fixed_alpha0.1_german_gender_seed27,FixedAlpha_0.1,27,
3,4,0.635,0.125,0.0625,w2537hl2,fixed_alpha0.1_german_gender_seed27,FixedAlpha_0.1,27,
4,5,0.685,0.015000000000000013,0.03250000000000003,w2537hl2,fixed_alpha0.1_german_gender_seed27,FixedAlpha_0.1,27,
5,6,0.69,0.040000000000000036,0.04500000000000004,w2537hl2,fixed_alpha0.1_german_gender_seed27,FixedAlpha_0.1,27,
6,7,0.69,0.030000000000000027,0.027500000000000024,w2537hl2,fixed_alpha0.1_german_gender_seed27,FixedAlpha_0.1,27,
7,8,0.69,0.030000000000000027,0.027500000000000024,w2537hl2,fixed_alpha0.1_german_gender_seed27,FixedAlpha_0.1,27,
8,9,0.695,0.030000000000000027,0.040000000000000036,w2537hl2,fixed_alpha0.1_german_gender_seed27,FixedAlpha_0.1,27,
9,10,0.705,0.030000000000000027,0.065,w2537hl2,fixed_alpha0.1_german_gender_seed27,FixedAlpha_0.1,27,
10,11,0.71,0.010000000000000009,0.017500000000000016,w2537hl2,fixed_alpha0.1_german_gender_seed27,FixedAlpha_0.1,27,
11,12,0.71,0.0,0.0,w2537hl2,fixed_alpha0.1_german_gender_seed27,FixedAlpha_0.1,27,
12,13,0.71,0.020000000000000018,0.06000000000000005,w2537hl2,fixed_alpha0.1_german_gender_seed27,FixedAlpha_0.1,27,
13,14,0.715,0.020000000000000018,0.08500000000000002,w2537hl2,fixed_alpha0.1_german_gender_seed27,FixedAlpha_0.1,27,
14,15,0.715,0.010000000000000009,0.1175,w2537hl2,fixed_alpha0.1_german_gender_seed27,FixedAlpha_0.1,27,
15,16,0.73,0.010000000000000009,0.07999999999999996,w2537hl2,fixed_alpha0.1_german_gender_seed27,FixedAlpha_0.1,27,
16,17,0.73,0.010000000000000009,0.07999999999999996,w2537hl2,fixed_alpha0.1_german_gender_seed27,FixedAlpha_0.1,27,
17,18,0.735,0.015000000000000013,0.057499999999999996,w2537hl2,fixed_alpha0.1_german_gender_seed27,FixedAlpha_0.1,27,
18,19,0.745,0.0,0.04999999999999999,w2537hl2,fixed_alpha0.1_german_gender_seed27,FixedAlpha_0.1,27,
19,20,0.755,0.010000000000000009,0.04249999999999998,w2537hl2,fixed_alpha0.1_german_gender_seed27,FixedAlpha_0.1,27,
20,21,0.745,0.06000000000000005,0.0675,w2537hl2,fixed_alpha0.1_german_gender_seed27,FixedAlpha_0.1,27,
21,22,0.74,0.040000000000000036,0.08250000000000002,w2537hl2,fixed_alpha0.1_german_gender_seed27,FixedAlpha_0.1,27,
22,23,0.745,0.040000000000000036,0.07,w2537hl2,fixed_alpha0.1_german_gender_seed27,FixedAlpha_0.1,27,
23,24,0.745,0.040000000000000036,0.07,w2537hl2,fixed_alpha0.1_german_gender_seed27,FixedAlpha_0.1,27,
24,25,0.745,0.040000000000000036,0.07,w2537hl2,fixed_alpha0.1_german_gender_seed27,FixedAlpha_0.1,27,
25,26,0.74,0.05500000000000005,0.065,w2537hl2,fixed_alpha0.1_german_gender_seed27,FixedAlpha_0.1,27,
26,27,0.74,0.05500000000000005,0.065,w2537hl2,fixed_alpha0.1_german_gender_seed27,FixedAlpha_0.1,27,
27,28,0.745,0.05500000000000005,0.05250000000000005,w2537hl2,fixed_alpha0.1_german_gender_seed27,FixedAlpha_0.1,27,
28,29,0.74,0.07999999999999996,0.065,w2537hl2,fixed_alpha0.1_german_gender_seed27,FixedAlpha_0.1,27,
29,30,0.745,0.05500000000000005,0.05250000000000005,w2537hl2,fixed_alpha0.1_german_gender_seed27,FixedAlpha_0.1,27,
0,1,0.34,0.045000000000000005,0.022500000000000003,ew8fwq9l,fixed_alpha0.2_german_gender_seed1,FixedAlpha_0.2,1,
1,2,0.385,0.105,0.0775,ew8fwq9l,fixed_alpha0.2_german_gender_seed1,FixedAlpha_0.2,1,
2,3,0.48,0.12499999999999997,0.11249999999999999,ew8fwq9l,fixed_alpha0.2_german_gender_seed1,FixedAlpha_0.2,1,
3,4,0.555,0.125,0.075,ew8fwq9l,fixed_alpha0.2_german_gender_seed1,FixedAlpha_0.2,1,
4,5,0.62,0.21000000000000002,0.1175,ew8fwq9l,fixed_alpha0.2_german_gender_seed1,FixedAlpha_0.2,1,
5,6,0.7,0.17500000000000004,0.1,ew8fwq9l,fixed_alpha0.2_german_gender_seed1,FixedAlpha_0.2,1,
6,7,0.73,0.13,0.09000000000000002,ew8fwq9l,fixed_alpha0.2_german_gender_seed1,FixedAlpha_0.2,1,
7,8,0.73,0.18000000000000005,0.11500000000000005,ew8fwq9l,fixed_alpha0.2_german_gender_seed1,FixedAlpha_0.2,1,
8,9,0.74,0.125,0.07500000000000001,ew8fwq9l,fixed_alpha0.2_german_gender_seed1,FixedAlpha_0.2,1,
9,10,0.74,0.08499999999999996,0.05499999999999999,ew8fwq9l,fixed_alpha0.2_german_gender_seed1,FixedAlpha_0.2,1,
10,11,0.74,0.08499999999999996,0.09249999999999997,ew8fwq9l,fixed_alpha0.2_german_gender_seed1,FixedAlpha_0.2,1,
11,12,0.735,0.09999999999999998,0.08749999999999997,ew8fwq9l,fixed_alpha0.2_german_gender_seed1,FixedAlpha_0.2,1,
12,13,0.735,0.09999999999999998,0.08749999999999997,ew8fwq9l,fixed_alpha0.2_german_gender_seed1,FixedAlpha_0.2,1,
13,14,0.745,0.09999999999999998,0.09999999999999998,ew8fwq9l,fixed_alpha0.2_german_gender_seed1,FixedAlpha_0.2,1,
14,15,0.75,0.125,0.08750000000000002,ew8fwq9l,fixed_alpha0.2_german_gender_seed1,FixedAlpha_0.2,1,
15,16,0.745,0.15500000000000003,0.10249999999999998,ew8fwq9l,fixed_alpha0.2_german_gender_seed1,FixedAlpha_0.2,1,
16,17,0.74,0.14500000000000002,0.09749999999999998,ew8fwq9l,fixed_alpha0.2_german_gender_seed1,FixedAlpha_0.2,1,
17,18,0.745,0.14500000000000002,0.08499999999999996,ew8fwq9l,fixed_alpha0.2_german_gender_seed1,FixedAlpha_0.2,1,
18,19,0.735,0.125,0.07499999999999996,ew8fwq9l,fixed_alpha0.2_german_gender_seed1,FixedAlpha_0.2,1,
19,20,0.74,0.125,0.0625,ew8fwq9l,fixed_alpha0.2_german_gender_seed1,FixedAlpha_0.2,1,
20,21,0.735,0.11499999999999999,0.057499999999999996,ew8fwq9l,fixed_alpha0.2_german_gender_seed1,FixedAlpha_0.2,1,
21,22,0.735,0.11499999999999999,0.057499999999999996,ew8fwq9l,fixed_alpha0.2_german_gender_seed1,FixedAlpha_0.2,1,
22,23,0.73,0.11499999999999999,0.08249999999999996,ew8fwq9l,fixed_alpha0.2_german_gender_seed1,FixedAlpha_0.2,1,
23,24,0.735,0.11499999999999999,0.09499999999999997,ew8fwq9l,fixed_alpha0.2_german_gender_seed1,FixedAlpha_0.2,1,
24,25,0.735,0.11499999999999999,0.09499999999999997,ew8fwq9l,fixed_alpha0.2_german_gender_seed1,FixedAlpha_0.2,1,
25,26,0.74,0.11499999999999999,0.07,ew8fwq9l,fixed_alpha0.2_german_gender_seed1,FixedAlpha_0.2,1,
26,27,0.74,0.11499999999999999,0.07,ew8fwq9l,fixed_alpha0.2_german_gender_seed1,FixedAlpha_0.2,1,
27,28,0.74,0.11499999999999999,0.07,ew8fwq9l,fixed_alpha0.2_german_gender_seed1,FixedAlpha_0.2,1,
28,29,0.745,0.11499999999999999,0.07,ew8fwq9l,fixed_alpha0.2_german_gender_seed1,FixedAlpha_0.2,1,
29,30,0.745,0.10499999999999998,0.05249999999999999,ew8fwq9l,fixed_alpha0.2_german_gender_seed1,FixedAlpha_0.2,1,
0,1,0.65,0.10499999999999998,0.06499999999999995,d80sib5g,fixed_alpha0.2_german_gender_seed3,FixedAlpha_0.2,3,
1,2,0.68,0.125,0.07500000000000001,d80sib5g,fixed_alpha0.2_german_gender_seed3,FixedAlpha_0.2,3,
2,3,0.705,0.09999999999999998,0.0625,d80sib5g,fixed_alpha0.2_german_gender_seed3,FixedAlpha_0.2,3,
3,4,0.705,0.09999999999999998,0.0625,d80sib5g,fixed_alpha0.2_german_gender_seed3,FixedAlpha_0.2,3,
4,5,0.71,0.09999999999999998,0.04999999999999999,d80sib5g,fixed_alpha0.2_german_gender_seed3,FixedAlpha_0.2,3,
5,6,0.725,0.09999999999999998,0.08749999999999997,d80sib5g,fixed_alpha0.2_german_gender_seed3,FixedAlpha_0.2,3,
6,7,0.73,0.15000000000000002,0.07500000000000001,d80sib5g,fixed_alpha0.2_german_gender_seed3,FixedAlpha_0.2,3,
7,8,0.72,0.15999999999999992,0.09249999999999997,d80sib5g,fixed_alpha0.2_german_gender_seed3,FixedAlpha_0.2,3,
8,9,0.73,0.13,0.065,d80sib5g,fixed_alpha0.2_german_gender_seed3,FixedAlpha_0.2,3,
9,10,0.735,0.14500000000000002,0.11000000000000004,d80sib5g,fixed_alpha0.2_german_gender_seed3,FixedAlpha_0.2,3,
10,11,0.725,0.18500000000000005,0.10500000000000004,d80sib5g,fixed_alpha0.2_german_gender_seed3,FixedAlpha_0.2,3,
11,12,0.71,0.15500000000000003,0.09000000000000002,d80sib5g,fixed_alpha0.2_german_gender_seed3,FixedAlpha_0.2,3,
12,13,0.71,0.10999999999999999,0.07999999999999996,d80sib5g,fixed_alpha0.2_german_gender_seed3,FixedAlpha_0.2,3,
13,14,0.71,0.10999999999999999,0.07999999999999996,d80sib5g,fixed_alpha0.2_german_gender_seed3,FixedAlpha_0.2,3,
14,15,0.715,0.12,0.08499999999999996,d80sib5g,fixed_alpha0.2_german_gender_seed3,FixedAlpha_0.2,3,
15,16,0.715,0.12,0.08499999999999996,d80sib5g,fixed_alpha0.2_german_gender_seed3,FixedAlpha_0.2,3,
16,17,0.715,0.12,0.08499999999999996,d80sib5g,fixed_alpha0.2_german_gender_seed3,FixedAlpha_0.2,3,
17,18,0.725,0.12,0.07250000000000001,d80sib5g,fixed_alpha0.2_german_gender_seed3,FixedAlpha_0.2,3,
18,19,0.725,0.12,0.07250000000000001,d80sib5g,fixed_alpha0.2_german_gender_seed3,FixedAlpha_0.2,3,
19,20,0.72,0.10999999999999999,0.0675,d80sib5g,fixed_alpha0.2_german_gender_seed3,FixedAlpha_0.2,3,
20,21,0.725,0.10999999999999999,0.0675,d80sib5g,fixed_alpha0.2_german_gender_seed3,FixedAlpha_0.2,3,
21,22,0.725,0.10999999999999999,0.0675,d80sib5g,fixed_alpha0.2_german_gender_seed3,FixedAlpha_0.2,3,
22,23,0.715,0.08999999999999997,0.057499999999999996,d80sib5g,fixed_alpha0.2_german_gender_seed3,FixedAlpha_0.2,3,
23,24,0.715,0.08999999999999997,0.057499999999999996,d80sib5g,fixed_alpha0.2_german_gender_seed3,FixedAlpha_0.2,3,
24,25,0.715,0.08999999999999997,0.057499999999999996,d80sib5g,fixed_alpha0.2_german_gender_seed3,FixedAlpha_0.2,3,
25,26,0.715,0.08999999999999997,0.057499999999999996,d80sib5g,fixed_alpha0.2_german_gender_seed3,FixedAlpha_0.2,3,
26,27,0.71,0.07999999999999996,0.05249999999999999,d80sib5g,fixed_alpha0.2_german_gender_seed3,FixedAlpha_0.2,3,
27,28,0.72,0.08999999999999997,0.08249999999999999,d80sib5g,fixed_alpha0.2_german_gender_seed3,FixedAlpha_0.2,3,
28,29,0.725,0.06499999999999995,0.06999999999999998,d80sib5g,fixed_alpha0.2_german_gender_seed3,FixedAlpha_0.2,3,
29,30,0.73,0.06499999999999995,0.05749999999999997,d80sib5g,fixed_alpha0.2_german_gender_seed3,FixedAlpha_0.2,3,
0,1,0.605,0.135,0.13,nx70wt6a,fixed_alpha0.2_german_gender_seed5,FixedAlpha_0.2,5,
1,2,0.665,0.05499999999999994,0.05249999999999999,nx70wt6a,fixed_alpha0.2_german_gender_seed5,FixedAlpha_0.2,5,
2,3,0.675,0.025000000000000022,0.025000000000000022,nx70wt6a,fixed_alpha0.2_german_gender_seed5,FixedAlpha_0.2,5,
3,4,0.68,0.015000000000000013,0.020000000000000018,nx70wt6a,fixed_alpha0.2_german_gender_seed5,FixedAlpha_0.2,5,
4,5,0.69,0.015000000000000013,0.007500000000000007,nx70wt6a,fixed_alpha0.2_german_gender_seed5,FixedAlpha_0.2,5,
5,6,0.695,0.025000000000000022,0.025000000000000022,nx70wt6a,fixed_alpha0.2_german_gender_seed5,FixedAlpha_0.2,5,
6,7,0.705,0.015000000000000013,0.007500000000000007,nx70wt6a,fixed_alpha0.2_german_gender_seed5,FixedAlpha_0.2,5,
7,8,0.72,0.015000000000000013,0.007500000000000007,nx70wt6a,fixed_alpha0.2_german_gender_seed5,FixedAlpha_0.2,5,
8,9,0.735,0.015000000000000013,0.007500000000000007,nx70wt6a,fixed_alpha0.2_german_gender_seed5,FixedAlpha_0.2,5,
9,10,0.725,0.10999999999999999,0.09250000000000003,nx70wt6a,fixed_alpha0.2_german_gender_seed5,FixedAlpha_0.2,5,
10,11,0.73,0.08999999999999997,0.12,nx70wt6a,fixed_alpha0.2_german_gender_seed5,FixedAlpha_0.2,5,
11,12,0.725,0.07000000000000006,0.09750000000000003,nx70wt6a,fixed_alpha0.2_german_gender_seed5,FixedAlpha_0.2,5,
12,13,0.715,0.06500000000000006,0.07000000000000006,nx70wt6a,fixed_alpha0.2_german_gender_seed5,FixedAlpha_0.2,5,
13,14,0.715,0.06500000000000006,0.07000000000000006,nx70wt6a,fixed_alpha0.2_german_gender_seed5,FixedAlpha_0.2,5,
14,15,0.72,0.07500000000000007,0.07500000000000007,nx70wt6a,fixed_alpha0.2_german_gender_seed5,FixedAlpha_0.2,5,
15,16,0.735,0.07500000000000007,0.03750000000000003,nx70wt6a,fixed_alpha0.2_german_gender_seed5,FixedAlpha_0.2,5,
16,17,0.745,0.07500000000000007,0.0625,nx70wt6a,fixed_alpha0.2_german_gender_seed5,FixedAlpha_0.2,5,
17,18,0.73,0.04500000000000004,0.04749999999999999,nx70wt6a,fixed_alpha0.2_german_gender_seed5,FixedAlpha_0.2,5,
18,19,0.73,0.04500000000000004,0.04749999999999999,nx70wt6a,fixed_alpha0.2_german_gender_seed5,FixedAlpha_0.2,5,
19,20,0.73,0.03500000000000003,0.05499999999999999,nx70wt6a,fixed_alpha0.2_german_gender_seed5,FixedAlpha_0.2,5,
20,21,0.725,0.05999999999999994,0.06749999999999995,nx70wt6a,fixed_alpha0.2_german_gender_seed5,FixedAlpha_0.2,5,
21,22,0.73,0.04999999999999993,0.08749999999999997,nx70wt6a,fixed_alpha0.2_german_gender_seed5,FixedAlpha_0.2,5,
22,23,0.73,0.04999999999999993,0.08749999999999997,nx70wt6a,fixed_alpha0.2_german_gender_seed5,FixedAlpha_0.2,5,
23,24,0.725,0.09999999999999998,0.08750000000000002,nx70wt6a,fixed_alpha0.2_german_gender_seed5,FixedAlpha_0.2,5,
24,25,0.725,0.09999999999999998,0.08750000000000002,nx70wt6a,fixed_alpha0.2_german_gender_seed5,FixedAlpha_0.2,5,
25,26,0.725,0.09999999999999998,0.08750000000000002,nx70wt6a,fixed_alpha0.2_german_gender_seed5,FixedAlpha_0.2,5,
26,27,0.72,0.09999999999999998,0.11249999999999999,nx70wt6a,fixed_alpha0.2_german_gender_seed5,FixedAlpha_0.2,5,
27,28,0.725,0.10999999999999999,0.1175,nx70wt6a,fixed_alpha0.2_german_gender_seed5,FixedAlpha_0.2,5,
28,29,0.72,0.09999999999999998,0.11249999999999999,nx70wt6a,fixed_alpha0.2_german_gender_seed5,FixedAlpha_0.2,5,
29,30,0.725,0.09999999999999998,0.08750000000000002,nx70wt6a,fixed_alpha0.2_german_gender_seed5,FixedAlpha_0.2,5,
0,1,0.68,0.040000000000000036,0.020000000000000018,sst4htrq,fixed_alpha0.2_german_gender_seed4,FixedAlpha_0.2,4,
1,2,0.685,0.030000000000000027,0.015000000000000013,sst4htrq,fixed_alpha0.2_german_gender_seed4,FixedAlpha_0.2,4,
2,3,0.685,0.030000000000000027,0.015000000000000013,sst4htrq,fixed_alpha0.2_german_gender_seed4,FixedAlpha_0.2,4,
3,4,0.695,0.020000000000000018,0.02250000000000002,sst4htrq,fixed_alpha0.2_german_gender_seed4,FixedAlpha_0.2,4,
4,5,0.7,0.020000000000000018,0.03500000000000003,sst4htrq,fixed_alpha0.2_german_gender_seed4,FixedAlpha_0.2,4,
5,6,0.705,0.020000000000000018,0.04749999999999999,sst4htrq,fixed_alpha0.2_german_gender_seed4,FixedAlpha_0.2,4,
6,7,0.71,0.030000000000000027,0.07750000000000001,sst4htrq,fixed_alpha0.2_german_gender_seed4,FixedAlpha_0.2,4,
7,8,0.705,0.020000000000000018,0.08500000000000002,sst4htrq,fixed_alpha0.2_german_gender_seed4,FixedAlpha_0.2,4,
8,9,0.72,0.0,0.0625,sst4htrq,fixed_alpha0.2_german_gender_seed4,FixedAlpha_0.2,4,
9,10,0.715,0.030000000000000027,0.040000000000000036,sst4htrq,fixed_alpha0.2_german_gender_seed4,FixedAlpha_0.2,4,
10,11,0.705,0.08000000000000007,0.06500000000000006,sst4htrq,fixed_alpha0.2_german_gender_seed4,FixedAlpha_0.2,4,
11,12,0.735,0.08000000000000007,0.065,sst4htrq,fixed_alpha0.2_german_gender_seed4,FixedAlpha_0.2,4,
12,13,0.745,0.13,0.065,sst4htrq,fixed_alpha0.2_german_gender_seed4,FixedAlpha_0.2,4,
13,14,0.745,0.12,0.07250000000000001,sst4htrq,fixed_alpha0.2_german_gender_seed4,FixedAlpha_0.2,4,
14,15,0.74,0.09999999999999998,0.062499999999999944,sst4htrq,fixed_alpha0.2_german_gender_seed4,FixedAlpha_0.2,4,
15,16,0.74,0.08999999999999997,0.044999999999999984,sst4htrq,fixed_alpha0.2_german_gender_seed4,FixedAlpha_0.2,4,
16,17,0.74,0.08999999999999997,0.044999999999999984,sst4htrq,fixed_alpha0.2_german_gender_seed4,FixedAlpha_0.2,4,
17,18,0.735,0.07999999999999996,0.03999999999999998,sst4htrq,fixed_alpha0.2_german_gender_seed4,FixedAlpha_0.2,4,
18,19,0.73,0.13,0.07750000000000001,sst4htrq,fixed_alpha0.2_german_gender_seed4,FixedAlpha_0.2,4,
19,20,0.73,0.13,0.07750000000000001,sst4htrq,fixed_alpha0.2_german_gender_seed4,FixedAlpha_0.2,4,
20,21,0.725,0.12,0.07250000000000001,sst4htrq,fixed_alpha0.2_german_gender_seed4,FixedAlpha_0.2,4,
21,22,0.725,0.12,0.07250000000000001,sst4htrq,fixed_alpha0.2_german_gender_seed4,FixedAlpha_0.2,4,
22,23,0.72,0.10999999999999999,0.0675,sst4htrq,fixed_alpha0.2_german_gender_seed4,FixedAlpha_0.2,4,
23,24,0.72,0.10999999999999999,0.0675,sst4htrq,fixed_alpha0.2_german_gender_seed4,FixedAlpha_0.2,4,
24,25,0.715,0.09999999999999998,0.0625,sst4htrq,fixed_alpha0.2_german_gender_seed4,FixedAlpha_0.2,4,
25,26,0.715,0.09999999999999998,0.0625,sst4htrq,fixed_alpha0.2_german_gender_seed4,FixedAlpha_0.2,4,
26,27,0.72,0.10999999999999999,0.0675,sst4htrq,fixed_alpha0.2_german_gender_seed4,FixedAlpha_0.2,4,
27,28,0.715,0.10999999999999999,0.05499999999999999,sst4htrq,fixed_alpha0.2_german_gender_seed4,FixedAlpha_0.2,4,
28,29,0.715,0.10999999999999999,0.05499999999999999,sst4htrq,fixed_alpha0.2_german_gender_seed4,FixedAlpha_0.2,4,
29,30,0.715,0.10999999999999999,0.05499999999999999,sst4htrq,fixed_alpha0.2_german_gender_seed4,FixedAlpha_0.2,4,
0,1,0.48,0.09499999999999997,0.1225,b0nsqf0y,fixed_alpha0.2_german_gender_seed6,FixedAlpha_0.2,6,
1,2,0.56,0.020000000000000018,0.03500000000000003,b0nsqf0y,fixed_alpha0.2_german_gender_seed6,FixedAlpha_0.2,6,
2,3,0.645,0.020000000000000018,0.04749999999999999,b0nsqf0y,fixed_alpha0.2_german_gender_seed6,FixedAlpha_0.2,6,
3,4,0.675,0.04500000000000004,0.04750000000000004,b0nsqf0y,fixed_alpha0.2_german_gender_seed6,FixedAlpha_0.2,6,
4,5,0.68,0.03499999999999992,0.01749999999999996,b0nsqf0y,fixed_alpha0.2_german_gender_seed6,FixedAlpha_0.2,6,
5,6,0.69,0.020000000000000018,0.010000000000000009,b0nsqf0y,fixed_alpha0.2_german_gender_seed6,FixedAlpha_0.2,6,
6,7,0.68,0.03499999999999992,0.01749999999999996,b0nsqf0y,fixed_alpha0.2_german_gender_seed6,FixedAlpha_0.2,6,
7,8,0.695,0.03499999999999992,0.01749999999999996,b0nsqf0y,fixed_alpha0.2_german_gender_seed6,FixedAlpha_0.2,6,
8,9,0.72,0.04999999999999993,0.07499999999999996,b0nsqf0y,fixed_alpha0.2_german_gender_seed6,FixedAlpha_0.2,6,
9,10,0.725,0.030000000000000027,0.06500000000000006,b0nsqf0y,fixed_alpha0.2_german_gender_seed6,FixedAlpha_0.2,6,
10,11,0.73,0.020000000000000018,0.04749999999999999,b0nsqf0y,fixed_alpha0.2_german_gender_seed6,FixedAlpha_0.2,6,
11,12,0.71,0.010000000000000009,0.09250000000000003,b0nsqf0y,fixed_alpha0.2_german_gender_seed6,FixedAlpha_0.2,6,
12,13,0.73,0.03500000000000003,0.05499999999999999,b0nsqf0y,fixed_alpha0.2_german_gender_seed6,FixedAlpha_0.2,6,
13,14,0.735,0.025000000000000022,0.03750000000000003,b0nsqf0y,fixed_alpha0.2_german_gender_seed6,FixedAlpha_0.2,6,
14,15,0.73,0.04999999999999993,0.04999999999999999,b0nsqf0y,fixed_alpha0.2_german_gender_seed6,FixedAlpha_0.2,6,
15,16,0.73,0.04999999999999993,0.04999999999999999,b0nsqf0y,fixed_alpha0.2_german_gender_seed6,FixedAlpha_0.2,6,
16,17,0.73,0.04999999999999993,0.04999999999999999,b0nsqf0y,fixed_alpha0.2_german_gender_seed6,FixedAlpha_0.2,6,
17,18,0.73,0.05999999999999994,0.07999999999999996,b0nsqf0y,fixed_alpha0.2_german_gender_seed6,FixedAlpha_0.2,6,
18,19,0.73,0.05999999999999994,0.07999999999999996,b0nsqf0y,fixed_alpha0.2_german_gender_seed6,FixedAlpha_0.2,6,
19,20,0.725,0.05999999999999994,0.06749999999999995,b0nsqf0y,fixed_alpha0.2_german_gender_seed6,FixedAlpha_0.2,6,
20,21,0.725,0.05999999999999994,0.06749999999999995,b0nsqf0y,fixed_alpha0.2_german_gender_seed6,FixedAlpha_0.2,6,
21,22,0.72,0.08499999999999996,0.07999999999999996,b0nsqf0y,fixed_alpha0.2_german_gender_seed6,FixedAlpha_0.2,6,
22,23,0.73,0.08499999999999996,0.0675,b0nsqf0y,fixed_alpha0.2_german_gender_seed6,FixedAlpha_0.2,6,
23,24,0.735,0.08499999999999996,0.04249999999999998,b0nsqf0y,fixed_alpha0.2_german_gender_seed6,FixedAlpha_0.2,6,
24,25,0.725,0.09999999999999998,0.04999999999999999,b0nsqf0y,fixed_alpha0.2_german_gender_seed6,FixedAlpha_0.2,6,
25,26,0.725,0.09999999999999998,0.04999999999999999,b0nsqf0y,fixed_alpha0.2_german_gender_seed6,FixedAlpha_0.2,6,
26,27,0.725,0.09999999999999998,0.04999999999999999,b0nsqf0y,fixed_alpha0.2_german_gender_seed6,FixedAlpha_0.2,6,
27,28,0.725,0.09999999999999998,0.04999999999999999,b0nsqf0y,fixed_alpha0.2_german_gender_seed6,FixedAlpha_0.2,6,
28,29,0.715,0.09999999999999998,0.0625,b0nsqf0y,fixed_alpha0.2_german_gender_seed6,FixedAlpha_0.2,6,
29,30,0.71,0.08999999999999997,0.057499999999999996,b0nsqf0y,fixed_alpha0.2_german_gender_seed6,FixedAlpha_0.2,6,
0,1,0.685,0.040000000000000036,0.03250000000000003,fm1vhwr1,fixed_alpha0.2_german_gender_seed7,FixedAlpha_0.2,7,
1,2,0.685,0.0050000000000000044,0.015000000000000013,fm1vhwr1,fixed_alpha0.2_german_gender_seed7,FixedAlpha_0.2,7,
2,3,0.68,0.015000000000000013,0.020000000000000018,fm1vhwr1,fixed_alpha0.2_german_gender_seed7,FixedAlpha_0.2,7,
3,4,0.69,0.015000000000000013,0.007500000000000007,fm1vhwr1,fixed_alpha0.2_german_gender_seed7,FixedAlpha_0.2,7,
4,5,0.68,0.025000000000000022,0.025000000000000022,fm1vhwr1,fixed_alpha0.2_german_gender_seed7,FixedAlpha_0.2,7,
5,6,0.705,0.015000000000000013,0.04500000000000004,fm1vhwr1,fixed_alpha0.2_german_gender_seed7,FixedAlpha_0.2,7,
6,7,0.695,0.08499999999999996,0.05499999999999999,fm1vhwr1,fixed_alpha0.2_german_gender_seed7,FixedAlpha_0.2,7,
7,8,0.71,0.09499999999999997,0.06,fm1vhwr1,fixed_alpha0.2_german_gender_seed7,FixedAlpha_0.2,7,
8,9,0.725,0.09999999999999998,0.0625,fm1vhwr1,fixed_alpha0.2_german_gender_seed7,FixedAlpha_0.2,7,
9,10,0.755,0.125,0.15000000000000002,fm1vhwr1,fixed_alpha0.2_german_gender_seed7,FixedAlpha_0.2,7,
10,11,0.75,0.1499999999999999,0.16249999999999998,fm1vhwr1,fixed_alpha0.2_german_gender_seed7,FixedAlpha_0.2,7,
11,12,0.755,0.16499999999999992,0.16999999999999996,fm1vhwr1,fixed_alpha0.2_german_gender_seed7,FixedAlpha_0.2,7,
12,13,0.74,0.18000000000000005,0.15250000000000002,fm1vhwr1,fixed_alpha0.2_german_gender_seed7,FixedAlpha_0.2,7,
13,14,0.745,0.18000000000000005,0.14,fm1vhwr1,fixed_alpha0.2_german_gender_seed7,FixedAlpha_0.2,7,
14,15,0.755,0.18000000000000005,0.11500000000000005,fm1vhwr1,fixed_alpha0.2_german_gender_seed7,FixedAlpha_0.2,7,
15,16,0.755,0.18000000000000005,0.11500000000000005,fm1vhwr1,fixed_alpha0.2_german_gender_seed7,FixedAlpha_0.2,7,
16,17,0.745,0.17000000000000004,0.08500000000000002,fm1vhwr1,fixed_alpha0.2_german_gender_seed7,FixedAlpha_0.2,7,
17,18,0.745,0.17000000000000004,0.08500000000000002,fm1vhwr1,fixed_alpha0.2_german_gender_seed7,FixedAlpha_0.2,7,
18,19,0.745,0.17000000000000004,0.08500000000000002,fm1vhwr1,fixed_alpha0.2_german_gender_seed7,FixedAlpha_0.2,7,
19,20,0.745,0.17000000000000004,0.08500000000000002,fm1vhwr1,fixed_alpha0.2_german_gender_seed7,FixedAlpha_0.2,7,
20,21,0.745,0.17000000000000004,0.08500000000000002,fm1vhwr1,fixed_alpha0.2_german_gender_seed7,FixedAlpha_0.2,7,
21,22,0.74,0.16000000000000003,0.08000000000000002,fm1vhwr1,fixed_alpha0.2_german_gender_seed7,FixedAlpha_0.2,7,
22,23,0.745,0.16000000000000003,0.09250000000000003,fm1vhwr1,fixed_alpha0.2_german_gender_seed7,FixedAlpha_0.2,7,
23,24,0.75,0.17000000000000004,0.09750000000000003,fm1vhwr1,fixed_alpha0.2_german_gender_seed7,FixedAlpha_0.2,7,
24,25,0.73,0.16500000000000004,0.09500000000000003,fm1vhwr1,fixed_alpha0.2_german_gender_seed7,FixedAlpha_0.2,7,
25,26,0.735,0.17500000000000004,0.10000000000000003,fm1vhwr1,fixed_alpha0.2_german_gender_seed7,FixedAlpha_0.2,7,
26,27,0.74,0.18500000000000005,0.10500000000000004,fm1vhwr1,fixed_alpha0.2_german_gender_seed7,FixedAlpha_0.2,7,
27,28,0.74,0.18500000000000005,0.10500000000000004,fm1vhwr1,fixed_alpha0.2_german_gender_seed7,FixedAlpha_0.2,7,
28,29,0.745,0.16000000000000003,0.09250000000000003,fm1vhwr1,fixed_alpha0.2_german_gender_seed7,FixedAlpha_0.2,7,
29,30,0.745,0.16000000000000003,0.09250000000000003,fm1vhwr1,fixed_alpha0.2_german_gender_seed7,FixedAlpha_0.2,7,
0,1,0.68,0.019999999999999907,0.022499999999999964,tbfvlkfy,fixed_alpha0.2_german_gender_seed8,FixedAlpha_0.2,8,
1,2,0.7,0.025000000000000022,0.012500000000000011,tbfvlkfy,fixed_alpha0.2_german_gender_seed8,FixedAlpha_0.2,8,
2,3,0.695,0.025000000000000022,0.025000000000000022,tbfvlkfy,fixed_alpha0.2_german_gender_seed8,FixedAlpha_0.2,8,
3,4,0.705,0.050000000000000044,0.025000000000000022,tbfvlkfy,fixed_alpha0.2_german_gender_seed8,FixedAlpha_0.2,8,
4,5,0.705,0.06000000000000005,0.04250000000000004,tbfvlkfy,fixed_alpha0.2_german_gender_seed8,FixedAlpha_0.2,8,
5,6,0.72,0.05499999999999994,0.05249999999999999,tbfvlkfy,fixed_alpha0.2_german_gender_seed8,FixedAlpha_0.2,8,
6,7,0.735,0.029999999999999916,0.06499999999999995,tbfvlkfy,fixed_alpha0.2_german_gender_seed8,FixedAlpha_0.2,8,
7,8,0.735,0.029999999999999916,0.06499999999999995,tbfvlkfy,fixed_alpha0.2_german_gender_seed8,FixedAlpha_0.2,8,
8,9,0.735,0.010000000000000009,0.017500000000000016,tbfvlkfy,fixed_alpha0.2_german_gender_seed8,FixedAlpha_0.2,8,
9,10,0.735,0.04500000000000004,0.03500000000000003,tbfvlkfy,fixed_alpha0.2_german_gender_seed8,FixedAlpha_0.2,8,
10,11,0.74,0.07000000000000006,0.04750000000000004,tbfvlkfy,fixed_alpha0.2_german_gender_seed8,FixedAlpha_0.2,8,
11,12,0.735,0.09500000000000008,0.06000000000000005,tbfvlkfy,fixed_alpha0.2_german_gender_seed8,FixedAlpha_0.2,8,
12,13,0.73,0.08500000000000008,0.05500000000000005,tbfvlkfy,fixed_alpha0.2_german_gender_seed8,FixedAlpha_0.2,8,
13,14,0.72,0.125,0.07500000000000001,tbfvlkfy,fixed_alpha0.2_german_gender_seed8,FixedAlpha_0.2,8,
14,15,0.73,0.125,0.08749999999999997,tbfvlkfy,fixed_alpha0.2_german_gender_seed8,FixedAlpha_0.2,8,
15,16,0.735,0.135,0.09249999999999997,tbfvlkfy,fixed_alpha0.2_german_gender_seed8,FixedAlpha_0.2,8,
16,17,0.73,0.125,0.08749999999999997,tbfvlkfy,fixed_alpha0.2_german_gender_seed8,FixedAlpha_0.2,8,
17,18,0.73,0.10499999999999998,0.05249999999999999,tbfvlkfy,fixed_alpha0.2_german_gender_seed8,FixedAlpha_0.2,8,
18,19,0.715,0.14500000000000002,0.07250000000000001,tbfvlkfy,fixed_alpha0.2_german_gender_seed8,FixedAlpha_0.2,8,
19,20,0.715,0.14500000000000002,0.07250000000000001,tbfvlkfy,fixed_alpha0.2_german_gender_seed8,FixedAlpha_0.2,8,
20,21,0.71,0.17000000000000004,0.08500000000000002,tbfvlkfy,fixed_alpha0.2_german_gender_seed8,FixedAlpha_0.2,8,
21,22,0.715,0.18000000000000005,0.09000000000000002,tbfvlkfy,fixed_alpha0.2_german_gender_seed8,FixedAlpha_0.2,8,
22,23,0.705,0.16000000000000003,0.08000000000000002,tbfvlkfy,fixed_alpha0.2_german_gender_seed8,FixedAlpha_0.2,8,
23,24,0.705,0.16000000000000003,0.08000000000000002,tbfvlkfy,fixed_alpha0.2_german_gender_seed8,FixedAlpha_0.2,8,
24,25,0.705,0.16000000000000003,0.08000000000000002,tbfvlkfy,fixed_alpha0.2_german_gender_seed8,FixedAlpha_0.2,8,
25,26,0.71,0.16000000000000003,0.09250000000000003,tbfvlkfy,fixed_alpha0.2_german_gender_seed8,FixedAlpha_0.2,8,
26,27,0.705,0.15000000000000002,0.08750000000000002,tbfvlkfy,fixed_alpha0.2_german_gender_seed8,FixedAlpha_0.2,8,
27,28,0.705,0.16000000000000003,0.08000000000000002,tbfvlkfy,fixed_alpha0.2_german_gender_seed8,FixedAlpha_0.2,8,
28,29,0.715,0.10999999999999999,0.05499999999999999,tbfvlkfy,fixed_alpha0.2_german_gender_seed8,FixedAlpha_0.2,8,
29,30,0.715,0.10999999999999999,0.05499999999999999,tbfvlkfy,fixed_alpha0.2_german_gender_seed8,FixedAlpha_0.2,8,
0,1,0.485,0.19999999999999996,0.14999999999999997,fyu3tzf6,fixed_alpha0.2_german_gender_seed10,FixedAlpha_0.2,10,
1,2,0.59,0.07499999999999996,0.08749999999999997,fyu3tzf6,fixed_alpha0.2_german_gender_seed10,FixedAlpha_0.2,10,
2,3,0.66,0.08499999999999996,0.09249999999999997,fyu3tzf6,fixed_alpha0.2_german_gender_seed10,FixedAlpha_0.2,10,
3,4,0.68,0.025000000000000022,0.03750000000000003,fyu3tzf6,fixed_alpha0.2_german_gender_seed10,FixedAlpha_0.2,10,
4,5,0.7,0.020000000000000018,0.03500000000000003,fyu3tzf6,fixed_alpha0.2_german_gender_seed10,FixedAlpha_0.2,10,
5,6,0.7,0.020000000000000018,0.03500000000000003,fyu3tzf6,fixed_alpha0.2_german_gender_seed10,FixedAlpha_0.2,10,
6,7,0.695,0.0050000000000000044,0.03999999999999998,fyu3tzf6,fixed_alpha0.2_german_gender_seed10,FixedAlpha_0.2,10,
7,8,0.71,0.015000000000000013,0.03250000000000003,fyu3tzf6,fixed_alpha0.2_german_gender_seed10,FixedAlpha_0.2,10,
8,9,0.715,0.014999999999999902,0.007499999999999951,fyu3tzf6,fixed_alpha0.2_german_gender_seed10,FixedAlpha_0.2,10,
9,10,0.715,0.020000000000000018,0.022499999999999964,fyu3tzf6,fixed_alpha0.2_german_gender_seed10,FixedAlpha_0.2,10,
10,11,0.73,0.050000000000000044,0.07500000000000001,fyu3tzf6,fixed_alpha0.2_german_gender_seed10,FixedAlpha_0.2,10,
11,12,0.73,0.025000000000000022,0.03749999999999998,fyu3tzf6,fixed_alpha0.2_german_gender_seed10,FixedAlpha_0.2,10,
12,13,0.715,0.010000000000000009,0.017500000000000016,fyu3tzf6,fixed_alpha0.2_german_gender_seed10,FixedAlpha_0.2,10,
13,14,0.72,0.010000000000000009,0.02999999999999997,fyu3tzf6,fixed_alpha0.2_german_gender_seed10,FixedAlpha_0.2,10,
14,15,0.72,0.010000000000000009,0.02999999999999997,fyu3tzf6,fixed_alpha0.2_german_gender_seed10,FixedAlpha_0.2,10,
15,16,0.72,0.010000000000000009,0.02999999999999997,fyu3tzf6,fixed_alpha0.2_german_gender_seed10,FixedAlpha_0.2,10,
16,17,0.72,0.010000000000000009,0.02999999999999997,fyu3tzf6,fixed_alpha0.2_german_gender_seed10,FixedAlpha_0.2,10,
17,18,0.725,0.010000000000000009,0.04249999999999998,fyu3tzf6,fixed_alpha0.2_german_gender_seed10,FixedAlpha_0.2,10,
18,19,0.725,0.020000000000000018,0.02250000000000002,fyu3tzf6,fixed_alpha0.2_german_gender_seed10,FixedAlpha_0.2,10,
19,20,0.735,0.020000000000000018,0.04750000000000004,fyu3tzf6,fixed_alpha0.2_german_gender_seed10,FixedAlpha_0.2,10,
20,21,0.73,0.0050000000000000044,0.040000000000000036,fyu3tzf6,fixed_alpha0.2_german_gender_seed10,FixedAlpha_0.2,10,
21,22,0.73,0.0050000000000000044,0.040000000000000036,fyu3tzf6,fixed_alpha0.2_german_gender_seed10,FixedAlpha_0.2,10,
22,23,0.73,0.0050000000000000044,0.040000000000000036,fyu3tzf6,fixed_alpha0.2_german_gender_seed10,FixedAlpha_0.2,10,
23,24,0.73,0.0050000000000000044,0.040000000000000036,fyu3tzf6,fixed_alpha0.2_german_gender_seed10,FixedAlpha_0.2,10,
24,25,0.73,0.0050000000000000044,0.040000000000000036,fyu3tzf6,fixed_alpha0.2_german_gender_seed10,FixedAlpha_0.2,10,
25,26,0.73,0.0050000000000000044,0.040000000000000036,fyu3tzf6,fixed_alpha0.2_german_gender_seed10,FixedAlpha_0.2,10,
26,27,0.725,0.0050000000000000044,0.0025000000000000022,fyu3tzf6,fixed_alpha0.2_german_gender_seed10,FixedAlpha_0.2,10,
27,28,0.725,0.0050000000000000044,0.0025000000000000022,fyu3tzf6,fixed_alpha0.2_german_gender_seed10,FixedAlpha_0.2,10,
28,29,0.72,0.014999999999999902,0.044999999999999984,fyu3tzf6,fixed_alpha0.2_german_gender_seed10,FixedAlpha_0.2,10,
29,30,0.715,0.03500000000000003,0.030000000000000027,fyu3tzf6,fixed_alpha0.2_german_gender_seed10,FixedAlpha_0.2,10,
0,1,0.51,0.13500000000000006,0.09250000000000005,3ari8h5v,fixed_alpha0.2_german_gender_seed9,FixedAlpha_0.2,9,
1,2,0.675,0.13,0.065,3ari8h5v,fixed_alpha0.2_german_gender_seed9,FixedAlpha_0.2,9,
2,3,0.69,0.06000000000000005,0.11750000000000005,3ari8h5v,fixed_alpha0.2_german_gender_seed9,FixedAlpha_0.2,9,
3,4,0.69,0.04999999999999993,0.07499999999999996,3ari8h5v,fixed_alpha0.2_german_gender_seed9,FixedAlpha_0.2,9,
4,5,0.69,0.06999999999999995,0.09749999999999998,3ari8h5v,fixed_alpha0.2_german_gender_seed9,FixedAlpha_0.2,9,
5,6,0.685,0.06999999999999995,0.08499999999999996,3ari8h5v,fixed_alpha0.2_german_gender_seed9,FixedAlpha_0.2,9,
6,7,0.69,0.02499999999999991,0.012499999999999956,3ari8h5v,fixed_alpha0.2_german_gender_seed9,FixedAlpha_0.2,9,
7,8,0.705,0.014999999999999902,0.03249999999999992,3ari8h5v,fixed_alpha0.2_german_gender_seed9,FixedAlpha_0.2,9,
8,9,0.71,0.030000000000000027,0.040000000000000036,3ari8h5v,fixed_alpha0.2_german_gender_seed9,FixedAlpha_0.2,9,
9,10,0.725,0.020000000000000018,0.03500000000000003,3ari8h5v,fixed_alpha0.2_german_gender_seed9,FixedAlpha_0.2,9,
10,11,0.71,0.025000000000000022,0.03750000000000003,3ari8h5v,fixed_alpha0.2_german_gender_seed9,FixedAlpha_0.2,9,
11,12,0.72,0.06500000000000006,0.04500000000000004,3ari8h5v,fixed_alpha0.2_german_gender_seed9,FixedAlpha_0.2,9,
12,13,0.725,0.05500000000000005,0.027500000000000024,3ari8h5v,fixed_alpha0.2_german_gender_seed9,FixedAlpha_0.2,9,
13,14,0.715,0.06999999999999995,0.034999999999999976,3ari8h5v,fixed_alpha0.2_german_gender_seed9,FixedAlpha_0.2,9,
14,15,0.725,0.06999999999999995,0.05999999999999994,3ari8h5v,fixed_alpha0.2_german_gender_seed9,FixedAlpha_0.2,9,
15,16,0.73,0.06999999999999995,0.07249999999999995,3ari8h5v,fixed_alpha0.2_german_gender_seed9,FixedAlpha_0.2,9,
16,17,0.73,0.09499999999999997,0.09749999999999998,3ari8h5v,fixed_alpha0.2_german_gender_seed9,FixedAlpha_0.2,9,
17,18,0.725,0.14500000000000002,0.135,3ari8h5v,fixed_alpha0.2_german_gender_seed9,FixedAlpha_0.2,9,
18,19,0.725,0.14500000000000002,0.135,3ari8h5v,fixed_alpha0.2_german_gender_seed9,FixedAlpha_0.2,9,
19,20,0.72,0.135,0.13,3ari8h5v,fixed_alpha0.2_german_gender_seed9,FixedAlpha_0.2,9,
20,21,0.725,0.135,0.1425,3ari8h5v,fixed_alpha0.2_german_gender_seed9,FixedAlpha_0.2,9,
21,22,0.72,0.125,0.13749999999999998,3ari8h5v,fixed_alpha0.2_german_gender_seed9,FixedAlpha_0.2,9,
22,23,0.725,0.125,0.15,3ari8h5v,fixed_alpha0.2_german_gender_seed9,FixedAlpha_0.2,9,
23,24,0.725,0.125,0.15,3ari8h5v,fixed_alpha0.2_german_gender_seed9,FixedAlpha_0.2,9,
24,25,0.72,0.125,0.13749999999999998,3ari8h5v,fixed_alpha0.2_german_gender_seed9,FixedAlpha_0.2,9,
25,26,0.72,0.125,0.13749999999999998,3ari8h5v,fixed_alpha0.2_german_gender_seed9,FixedAlpha_0.2,9,
26,27,0.72,0.125,0.13749999999999998,3ari8h5v,fixed_alpha0.2_german_gender_seed9,FixedAlpha_0.2,9,
27,28,0.73,0.14500000000000002,0.1475,3ari8h5v,fixed_alpha0.2_german_gender_seed9,FixedAlpha_0.2,9,
28,29,0.73,0.14500000000000002,0.1475,3ari8h5v,fixed_alpha0.2_german_gender_seed9,FixedAlpha_0.2,9,
29,30,0.735,0.14500000000000002,0.16,3ari8h5v,fixed_alpha0.2_german_gender_seed9,FixedAlpha_0.2,9,
0,1,0.675,0.1050000000000001,0.05250000000000005,1r95zvhr,fixed_alpha0.2_german_gender_seed12,FixedAlpha_0.2,12,
1,2,0.675,0.10999999999999999,0.0675,1r95zvhr,fixed_alpha0.2_german_gender_seed12,FixedAlpha_0.2,12,
2,3,0.68,0.09499999999999997,0.07249999999999995,1r95zvhr,fixed_alpha0.2_german_gender_seed12,FixedAlpha_0.2,12,
3,4,0.69,0.10499999999999998,0.065,1r95zvhr,fixed_alpha0.2_german_gender_seed12,FixedAlpha_0.2,12,
4,5,0.695,0.10499999999999998,0.05249999999999999,1r95zvhr,fixed_alpha0.2_german_gender_seed12,FixedAlpha_0.2,12,
5,6,0.71,0.09499999999999997,0.10999999999999999,1r95zvhr,fixed_alpha0.2_german_gender_seed12,FixedAlpha_0.2,12,
6,7,0.7,0.11499999999999999,0.12,1r95zvhr,fixed_alpha0.2_german_gender_seed12,FixedAlpha_0.2,12,
7,8,0.705,0.12,0.10999999999999999,1r95zvhr,fixed_alpha0.2_german_gender_seed12,FixedAlpha_0.2,12,
8,9,0.71,0.135,0.08000000000000002,1r95zvhr,fixed_alpha0.2_german_gender_seed12,FixedAlpha_0.2,12,
9,10,0.73,0.125,0.07500000000000001,1r95zvhr,fixed_alpha0.2_german_gender_seed12,FixedAlpha_0.2,12,
10,11,0.74,0.09999999999999998,0.07499999999999996,1r95zvhr,fixed_alpha0.2_german_gender_seed12,FixedAlpha_0.2,12,
11,12,0.745,0.09999999999999998,0.08749999999999997,1r95zvhr,fixed_alpha0.2_german_gender_seed12,FixedAlpha_0.2,12,
12,13,0.74,0.08999999999999997,0.08249999999999996,1r95zvhr,fixed_alpha0.2_german_gender_seed12,FixedAlpha_0.2,12,
13,14,0.74,0.08999999999999997,0.08249999999999996,1r95zvhr,fixed_alpha0.2_german_gender_seed12,FixedAlpha_0.2,12,
14,15,0.735,0.14,0.12,1r95zvhr,fixed_alpha0.2_german_gender_seed12,FixedAlpha_0.2,12,
15,16,0.73,0.13,0.11499999999999999,1r95zvhr,fixed_alpha0.2_german_gender_seed12,FixedAlpha_0.2,12,
16,17,0.735,0.15500000000000003,0.1525,1r95zvhr,fixed_alpha0.2_german_gender_seed12,FixedAlpha_0.2,12,
17,18,0.735,0.15500000000000003,0.1525,1r95zvhr,fixed_alpha0.2_german_gender_seed12,FixedAlpha_0.2,12,
18,19,0.74,0.13,0.13999999999999999,1r95zvhr,fixed_alpha0.2_german_gender_seed12,FixedAlpha_0.2,12,
19,20,0.74,0.13,0.13999999999999999,1r95zvhr,fixed_alpha0.2_german_gender_seed12,FixedAlpha_0.2,12,
20,21,0.745,0.14,0.145,1r95zvhr,fixed_alpha0.2_german_gender_seed12,FixedAlpha_0.2,12,
21,22,0.745,0.14,0.145,1r95zvhr,fixed_alpha0.2_german_gender_seed12,FixedAlpha_0.2,12,
22,23,0.74,0.16500000000000004,0.1575,1r95zvhr,fixed_alpha0.2_german_gender_seed12,FixedAlpha_0.2,12,
23,24,0.74,0.16500000000000004,0.1575,1r95zvhr,fixed_alpha0.2_german_gender_seed12,FixedAlpha_0.2,12,
24,25,0.735,0.15500000000000003,0.1525,1r95zvhr,fixed_alpha0.2_german_gender_seed12,FixedAlpha_0.2,12,
25,26,0.74,0.16500000000000004,0.1575,1r95zvhr,fixed_alpha0.2_german_gender_seed12,FixedAlpha_0.2,12,
26,27,0.74,0.16500000000000004,0.1575,1r95zvhr,fixed_alpha0.2_german_gender_seed12,FixedAlpha_0.2,12,
27,28,0.74,0.16500000000000004,0.1575,1r95zvhr,fixed_alpha0.2_german_gender_seed12,FixedAlpha_0.2,12,
28,29,0.74,0.16500000000000004,0.1575,1r95zvhr,fixed_alpha0.2_german_gender_seed12,FixedAlpha_0.2,12,
29,30,0.745,0.14,0.145,1r95zvhr,fixed_alpha0.2_german_gender_seed12,FixedAlpha_0.2,12,
0,1,0.655,0.11499999999999999,0.08249999999999996,u1jn2yzu,fixed_alpha0.2_german_gender_seed13,FixedAlpha_0.2,13,
1,2,0.695,0.039999999999999925,0.057499999999999996,u1jn2yzu,fixed_alpha0.2_german_gender_seed13,FixedAlpha_0.2,13,
2,3,0.71,0.05999999999999994,0.04249999999999998,u1jn2yzu,fixed_alpha0.2_german_gender_seed13,FixedAlpha_0.2,13,
3,4,0.745,0.09999999999999998,0.09999999999999998,u1jn2yzu,fixed_alpha0.2_german_gender_seed13,FixedAlpha_0.2,13,
4,5,0.72,0.14500000000000002,0.135,u1jn2yzu,fixed_alpha0.2_german_gender_seed13,FixedAlpha_0.2,13,
5,6,0.73,0.1399999999999999,0.13249999999999995,u1jn2yzu,fixed_alpha0.2_german_gender_seed13,FixedAlpha_0.2,13,
6,7,0.755,0.15500000000000003,0.15250000000000002,u1jn2yzu,fixed_alpha0.2_german_gender_seed13,FixedAlpha_0.2,13,
7,8,0.76,0.15500000000000003,0.16500000000000004,u1jn2yzu,fixed_alpha0.2_german_gender_seed13,FixedAlpha_0.2,13,
8,9,0.755,0.18000000000000005,0.17750000000000005,u1jn2yzu,fixed_alpha0.2_german_gender_seed13,FixedAlpha_0.2,13,
9,10,0.755,0.15500000000000003,0.19,u1jn2yzu,fixed_alpha0.2_german_gender_seed13,FixedAlpha_0.2,13,
10,11,0.765,0.17000000000000004,0.17250000000000001,u1jn2yzu,fixed_alpha0.2_german_gender_seed13,FixedAlpha_0.2,13,
11,12,0.755,0.15000000000000002,0.1625,u1jn2yzu,fixed_alpha0.2_german_gender_seed13,FixedAlpha_0.2,13,
12,13,0.755,0.15000000000000002,0.1625,u1jn2yzu,fixed_alpha0.2_german_gender_seed13,FixedAlpha_0.2,13,
13,14,0.765,0.15000000000000002,0.15000000000000002,u1jn2yzu,fixed_alpha0.2_german_gender_seed13,FixedAlpha_0.2,13,
14,15,0.765,0.15000000000000002,0.15000000000000002,u1jn2yzu,fixed_alpha0.2_german_gender_seed13,FixedAlpha_0.2,13,
15,16,0.765,0.14,0.15750000000000003,u1jn2yzu,fixed_alpha0.2_german_gender_seed13,FixedAlpha_0.2,13,
16,17,0.765,0.14,0.15750000000000003,u1jn2yzu,fixed_alpha0.2_german_gender_seed13,FixedAlpha_0.2,13,
17,18,0.765,0.14,0.15750000000000003,u1jn2yzu,fixed_alpha0.2_german_gender_seed13,FixedAlpha_0.2,13,
18,19,0.77,0.14,0.1325,u1jn2yzu,fixed_alpha0.2_german_gender_seed13,FixedAlpha_0.2,13,
19,20,0.77,0.14,0.1325,u1jn2yzu,fixed_alpha0.2_german_gender_seed13,FixedAlpha_0.2,13,
20,21,0.77,0.14,0.1325,u1jn2yzu,fixed_alpha0.2_german_gender_seed13,FixedAlpha_0.2,13,
21,22,0.77,0.14,0.1325,u1jn2yzu,fixed_alpha0.2_german_gender_seed13,FixedAlpha_0.2,13,
22,23,0.77,0.14,0.1325,u1jn2yzu,fixed_alpha0.2_german_gender_seed13,FixedAlpha_0.2,13,
23,24,0.765,0.13,0.1275,u1jn2yzu,fixed_alpha0.2_german_gender_seed13,FixedAlpha_0.2,13,
24,25,0.765,0.13,0.1275,u1jn2yzu,fixed_alpha0.2_german_gender_seed13,FixedAlpha_0.2,13,
25,26,0.77,0.14,0.1325,u1jn2yzu,fixed_alpha0.2_german_gender_seed13,FixedAlpha_0.2,13,
26,27,0.755,0.14500000000000002,0.135,u1jn2yzu,fixed_alpha0.2_german_gender_seed13,FixedAlpha_0.2,13,
27,28,0.76,0.15500000000000003,0.14,u1jn2yzu,fixed_alpha0.2_german_gender_seed13,FixedAlpha_0.2,13,
28,29,0.76,0.12,0.1225,u1jn2yzu,fixed_alpha0.2_german_gender_seed13,FixedAlpha_0.2,13,
29,30,0.755,0.12,0.14750000000000002,u1jn2yzu,fixed_alpha0.2_german_gender_seed13,FixedAlpha_0.2,13,
0,1,0.37,0.08000000000000002,0.115,wm7wzgq6,fixed_alpha0.2_german_gender_seed11,FixedAlpha_0.2,11,
1,2,0.435,0.16499999999999998,0.16999999999999998,wm7wzgq6,fixed_alpha0.2_german_gender_seed11,FixedAlpha_0.2,11,
2,3,0.53,0.05999999999999994,0.09249999999999994,wm7wzgq6,fixed_alpha0.2_german_gender_seed11,FixedAlpha_0.2,11,
3,4,0.61,0.08000000000000007,0.040000000000000036,wm7wzgq6,fixed_alpha0.2_german_gender_seed11,FixedAlpha_0.2,11,
4,5,0.66,0.040000000000000036,0.020000000000000018,wm7wzgq6,fixed_alpha0.2_german_gender_seed11,FixedAlpha_0.2,11,
5,6,0.675,0.08499999999999996,0.06749999999999995,wm7wzgq6,fixed_alpha0.2_german_gender_seed11,FixedAlpha_0.2,11,
6,7,0.675,0.06999999999999995,0.04749999999999999,wm7wzgq6,fixed_alpha0.2_german_gender_seed11,FixedAlpha_0.2,11,
7,8,0.68,0.04499999999999993,0.034999999999999976,wm7wzgq6,fixed_alpha0.2_german_gender_seed11,FixedAlpha_0.2,11,
8,9,0.685,0.04499999999999993,0.022499999999999964,wm7wzgq6,fixed_alpha0.2_german_gender_seed11,FixedAlpha_0.2,11,
9,10,0.695,0.04499999999999993,0.04749999999999993,wm7wzgq6,fixed_alpha0.2_german_gender_seed11,FixedAlpha_0.2,11,
10,11,0.695,0.04499999999999993,0.04749999999999993,wm7wzgq6,fixed_alpha0.2_german_gender_seed11,FixedAlpha_0.2,11,
11,12,0.71,0.02499999999999991,0.062499999999999944,wm7wzgq6,fixed_alpha0.2_german_gender_seed11,FixedAlpha_0.2,11,
12,13,0.725,0.04999999999999993,0.04999999999999999,wm7wzgq6,fixed_alpha0.2_german_gender_seed11,FixedAlpha_0.2,11,
13,14,0.715,0.010000000000000009,0.017500000000000016,wm7wzgq6,fixed_alpha0.2_german_gender_seed11,FixedAlpha_0.2,11,
14,15,0.695,0.015000000000000013,0.007500000000000007,wm7wzgq6,fixed_alpha0.2_german_gender_seed11,FixedAlpha_0.2,11,
15,16,0.695,0.010000000000000009,0.0050000000000000044,wm7wzgq6,fixed_alpha0.2_german_gender_seed11,FixedAlpha_0.2,11,
16,17,0.69,0.020000000000000018,0.010000000000000009,wm7wzgq6,fixed_alpha0.2_german_gender_seed11,FixedAlpha_0.2,11,
17,18,0.69,0.039999999999999925,0.044999999999999984,wm7wzgq6,fixed_alpha0.2_german_gender_seed11,FixedAlpha_0.2,11,
18,19,0.685,0.014999999999999902,0.03249999999999997,wm7wzgq6,fixed_alpha0.2_german_gender_seed11,FixedAlpha_0.2,11,
19,20,0.685,0.014999999999999902,0.03249999999999997,wm7wzgq6,fixed_alpha0.2_german_gender_seed11,FixedAlpha_0.2,11,
20,21,0.69,0.014999999999999902,0.044999999999999984,wm7wzgq6,fixed_alpha0.2_german_gender_seed11,FixedAlpha_0.2,11,
21,22,0.69,0.014999999999999902,0.044999999999999984,wm7wzgq6,fixed_alpha0.2_german_gender_seed11,FixedAlpha_0.2,11,
22,23,0.685,0.014999999999999902,0.03249999999999997,wm7wzgq6,fixed_alpha0.2_german_gender_seed11,FixedAlpha_0.2,11,
23,24,0.69,0.0050000000000000044,0.027500000000000024,wm7wzgq6,fixed_alpha0.2_german_gender_seed11,FixedAlpha_0.2,11,
24,25,0.69,0.0050000000000000044,0.027500000000000024,wm7wzgq6,fixed_alpha0.2_german_gender_seed11,FixedAlpha_0.2,11,
25,26,0.69,0.0050000000000000044,0.027500000000000024,wm7wzgq6,fixed_alpha0.2_german_gender_seed11,FixedAlpha_0.2,11,
26,27,0.695,0.0050000000000000044,0.0025000000000000022,wm7wzgq6,fixed_alpha0.2_german_gender_seed11,FixedAlpha_0.2,11,
27,28,0.69,0.014999999999999902,0.007499999999999951,wm7wzgq6,fixed_alpha0.2_german_gender_seed11,FixedAlpha_0.2,11,
28,29,0.68,0.03499999999999992,0.01749999999999996,wm7wzgq6,fixed_alpha0.2_german_gender_seed11,FixedAlpha_0.2,11,
29,30,0.685,0.02499999999999991,0.012499999999999956,wm7wzgq6,fixed_alpha0.2_german_gender_seed11,FixedAlpha_0.2,11,
0,1,0.415,0.16500000000000004,0.08250000000000002,iiloleas,fixed_alpha0.2_german_gender_seed14,FixedAlpha_0.2,14,
1,2,0.55,0.030000000000000027,0.07750000000000001,iiloleas,fixed_alpha0.2_german_gender_seed14,FixedAlpha_0.2,14,
2,3,0.585,0.06500000000000006,0.07000000000000003,iiloleas,fixed_alpha0.2_german_gender_seed14,FixedAlpha_0.2,14,
3,4,0.665,0.010000000000000009,0.017500000000000016,iiloleas,fixed_alpha0.2_german_gender_seed14,FixedAlpha_0.2,14,
4,5,0.665,0.020000000000000018,0.04749999999999999,iiloleas,fixed_alpha0.2_german_gender_seed14,FixedAlpha_0.2,14,
5,6,0.685,0.020000000000000018,0.010000000000000009,iiloleas,fixed_alpha0.2_german_gender_seed14,FixedAlpha_0.2,14,
6,7,0.71,0.03499999999999992,0.01749999999999996,iiloleas,fixed_alpha0.2_german_gender_seed14,FixedAlpha_0.2,14,
7,8,0.72,0.015000000000000013,0.007500000000000007,iiloleas,fixed_alpha0.2_german_gender_seed14,FixedAlpha_0.2,14,
8,9,0.72,0.015000000000000013,0.007500000000000007,iiloleas,fixed_alpha0.2_german_gender_seed14,FixedAlpha_0.2,14,
9,10,0.715,0.0,0.024999999999999967,iiloleas,fixed_alpha0.2_german_gender_seed14,FixedAlpha_0.2,14,
10,11,0.71,0.07499999999999996,0.03749999999999998,iiloleas,fixed_alpha0.2_german_gender_seed14,FixedAlpha_0.2,14,
11,12,0.715,0.07499999999999996,0.04999999999999999,iiloleas,fixed_alpha0.2_german_gender_seed14,FixedAlpha_0.2,14,
12,13,0.715,0.11499999999999999,0.07,iiloleas,fixed_alpha0.2_german_gender_seed14,FixedAlpha_0.2,14,
13,14,0.715,0.1050000000000001,0.07750000000000007,iiloleas,fixed_alpha0.2_german_gender_seed14,FixedAlpha_0.2,14,
14,15,0.72,0.13,0.11499999999999999,iiloleas,fixed_alpha0.2_german_gender_seed14,FixedAlpha_0.2,14,
15,16,0.705,0.135,0.1175,iiloleas,fixed_alpha0.2_german_gender_seed14,FixedAlpha_0.2,14,
16,17,0.71,0.135,0.13,iiloleas,fixed_alpha0.2_german_gender_seed14,FixedAlpha_0.2,14,
17,18,0.715,0.125,0.15000000000000002,iiloleas,fixed_alpha0.2_german_gender_seed14,FixedAlpha_0.2,14,
18,19,0.715,0.15000000000000002,0.1375,iiloleas,fixed_alpha0.2_german_gender_seed14,FixedAlpha_0.2,14,
19,20,0.72,0.15000000000000002,0.11250000000000004,iiloleas,fixed_alpha0.2_german_gender_seed14,FixedAlpha_0.2,14,
20,21,0.725,0.125,0.10000000000000003,iiloleas,fixed_alpha0.2_german_gender_seed14,FixedAlpha_0.2,14,
21,22,0.715,0.10499999999999998,0.09000000000000002,iiloleas,fixed_alpha0.2_german_gender_seed14,FixedAlpha_0.2,14,
22,23,0.71,0.09499999999999997,0.08500000000000002,iiloleas,fixed_alpha0.2_german_gender_seed14,FixedAlpha_0.2,14,
23,24,0.705,0.12,0.09750000000000003,iiloleas,fixed_alpha0.2_german_gender_seed14,FixedAlpha_0.2,14,
24,25,0.7,0.10999999999999999,0.09250000000000003,iiloleas,fixed_alpha0.2_german_gender_seed14,FixedAlpha_0.2,14,
25,26,0.7,0.10999999999999999,0.09250000000000003,iiloleas,fixed_alpha0.2_german_gender_seed14,FixedAlpha_0.2,14,
26,27,0.695,0.09999999999999998,0.08750000000000002,iiloleas,fixed_alpha0.2_german_gender_seed14,FixedAlpha_0.2,14,
27,28,0.7,0.08999999999999997,0.06999999999999995,iiloleas,fixed_alpha0.2_german_gender_seed14,FixedAlpha_0.2,14,
28,29,0.7,0.11499999999999999,0.09499999999999997,iiloleas,fixed_alpha0.2_german_gender_seed14,FixedAlpha_0.2,14,
29,30,0.7,0.11499999999999999,0.09499999999999997,iiloleas,fixed_alpha0.2_german_gender_seed14,FixedAlpha_0.2,14,
0,1,0.425,0.025000000000000022,0.0875,575jcoae,fixed_alpha0.2_german_gender_seed15,FixedAlpha_0.2,15,
1,2,0.51,0.06999999999999995,0.12249999999999994,575jcoae,fixed_alpha0.2_german_gender_seed15,FixedAlpha_0.2,15,
2,3,0.605,0.010000000000000009,0.04250000000000004,575jcoae,fixed_alpha0.2_german_gender_seed15,FixedAlpha_0.2,15,
3,4,0.705,0.0050000000000000044,0.065,575jcoae,fixed_alpha0.2_german_gender_seed15,FixedAlpha_0.2,15,
4,5,0.725,0.0050000000000000044,0.040000000000000036,575jcoae,fixed_alpha0.2_german_gender_seed15,FixedAlpha_0.2,15,
5,6,0.72,0.030000000000000027,0.027500000000000024,575jcoae,fixed_alpha0.2_german_gender_seed15,FixedAlpha_0.2,15,
6,7,0.715,0.0050000000000000044,0.015000000000000013,575jcoae,fixed_alpha0.2_german_gender_seed15,FixedAlpha_0.2,15,
7,8,0.735,0.015000000000000013,0.04500000000000004,575jcoae,fixed_alpha0.2_german_gender_seed15,FixedAlpha_0.2,15,
8,9,0.74,0.015000000000000013,0.057499999999999996,575jcoae,fixed_alpha0.2_german_gender_seed15,FixedAlpha_0.2,15,
9,10,0.75,0.06499999999999995,0.09499999999999997,575jcoae,fixed_alpha0.2_german_gender_seed15,FixedAlpha_0.2,15,
10,11,0.75,0.03499999999999992,0.11749999999999994,575jcoae,fixed_alpha0.2_german_gender_seed15,FixedAlpha_0.2,15,
11,12,0.745,0.030000000000000027,0.07750000000000001,575jcoae,fixed_alpha0.2_german_gender_seed15,FixedAlpha_0.2,15,
12,13,0.725,0.050000000000000044,0.0625,575jcoae,fixed_alpha0.2_german_gender_seed15,FixedAlpha_0.2,15,
13,14,0.695,0.05999999999999994,0.06749999999999995,575jcoae,fixed_alpha0.2_german_gender_seed15,FixedAlpha_0.2,15,
14,15,0.705,0.05999999999999994,0.09249999999999997,575jcoae,fixed_alpha0.2_german_gender_seed15,FixedAlpha_0.2,15,
15,16,0.7,0.10999999999999999,0.12999999999999995,575jcoae,fixed_alpha0.2_german_gender_seed15,FixedAlpha_0.2,15,
16,17,0.7,0.14500000000000002,0.14749999999999996,575jcoae,fixed_alpha0.2_german_gender_seed15,FixedAlpha_0.2,15,
17,18,0.715,0.15500000000000003,0.14,575jcoae,fixed_alpha0.2_german_gender_seed15,FixedAlpha_0.2,15,
18,19,0.715,0.15500000000000003,0.14,575jcoae,fixed_alpha0.2_german_gender_seed15,FixedAlpha_0.2,15,
19,20,0.715,0.15500000000000003,0.14,575jcoae,fixed_alpha0.2_german_gender_seed15,FixedAlpha_0.2,15,
20,21,0.71,0.15500000000000003,0.16499999999999998,575jcoae,fixed_alpha0.2_german_gender_seed15,FixedAlpha_0.2,15,
21,22,0.705,0.18000000000000005,0.1775,575jcoae,fixed_alpha0.2_german_gender_seed15,FixedAlpha_0.2,15,
22,23,0.695,0.18499999999999994,0.19249999999999995,575jcoae,fixed_alpha0.2_german_gender_seed15,FixedAlpha_0.2,15,
23,24,0.705,0.18499999999999994,0.14249999999999996,575jcoae,fixed_alpha0.2_german_gender_seed15,FixedAlpha_0.2,15,
24,25,0.705,0.18499999999999994,0.14249999999999996,575jcoae,fixed_alpha0.2_german_gender_seed15,FixedAlpha_0.2,15,
25,26,0.71,0.19499999999999995,0.14749999999999996,575jcoae,fixed_alpha0.2_german_gender_seed15,FixedAlpha_0.2,15,
26,27,0.71,0.19499999999999995,0.14749999999999996,575jcoae,fixed_alpha0.2_german_gender_seed15,FixedAlpha_0.2,15,
27,28,0.715,0.19499999999999995,0.15999999999999998,575jcoae,fixed_alpha0.2_german_gender_seed15,FixedAlpha_0.2,15,
28,29,0.72,0.18499999999999994,0.17999999999999997,575jcoae,fixed_alpha0.2_german_gender_seed15,FixedAlpha_0.2,15,
29,30,0.71,0.16499999999999992,0.16999999999999996,575jcoae,fixed_alpha0.2_german_gender_seed15,FixedAlpha_0.2,15,
0,1,0.665,0.03500000000000003,0.017500000000000016,r9nd0ahu,fixed_alpha0.2_german_gender_seed17,FixedAlpha_0.2,17,
1,2,0.68,0.0,0.03749999999999998,r9nd0ahu,fixed_alpha0.2_german_gender_seed17,FixedAlpha_0.2,17,
2,3,0.665,0.0050000000000000044,0.03999999999999998,r9nd0ahu,fixed_alpha0.2_german_gender_seed17,FixedAlpha_0.2,17,
3,4,0.68,0.02499999999999991,0.062499999999999944,r9nd0ahu,fixed_alpha0.2_german_gender_seed17,FixedAlpha_0.2,17,
4,5,0.685,0.03499999999999992,0.06749999999999995,r9nd0ahu,fixed_alpha0.2_german_gender_seed17,FixedAlpha_0.2,17,
5,6,0.695,0.03499999999999992,0.09249999999999997,r9nd0ahu,fixed_alpha0.2_german_gender_seed17,FixedAlpha_0.2,17,
6,7,0.695,0.04499999999999993,0.08499999999999996,r9nd0ahu,fixed_alpha0.2_german_gender_seed17,FixedAlpha_0.2,17,
7,8,0.71,0.06999999999999995,0.14749999999999996,r9nd0ahu,fixed_alpha0.2_german_gender_seed17,FixedAlpha_0.2,17,
8,9,0.71,0.08499999999999996,0.18,r9nd0ahu,fixed_alpha0.2_german_gender_seed17,FixedAlpha_0.2,17,
9,10,0.715,0.09999999999999998,0.18749999999999994,r9nd0ahu,fixed_alpha0.2_german_gender_seed17,FixedAlpha_0.2,17,
10,11,0.715,0.08000000000000007,0.1275,r9nd0ahu,fixed_alpha0.2_german_gender_seed17,FixedAlpha_0.2,17,
11,12,0.705,0.10999999999999999,0.13,r9nd0ahu,fixed_alpha0.2_german_gender_seed17,FixedAlpha_0.2,17,
12,13,0.715,0.09999999999999998,0.16250000000000003,r9nd0ahu,fixed_alpha0.2_german_gender_seed17,FixedAlpha_0.2,17,
13,14,0.71,0.08999999999999997,0.15750000000000003,r9nd0ahu,fixed_alpha0.2_german_gender_seed17,FixedAlpha_0.2,17,
14,15,0.72,0.08999999999999997,0.14499999999999996,r9nd0ahu,fixed_alpha0.2_german_gender_seed17,FixedAlpha_0.2,17,
15,16,0.725,0.07999999999999996,0.08999999999999997,r9nd0ahu,fixed_alpha0.2_german_gender_seed17,FixedAlpha_0.2,17,
16,17,0.72,0.05999999999999994,0.09249999999999997,r9nd0ahu,fixed_alpha0.2_german_gender_seed17,FixedAlpha_0.2,17,
17,18,0.72,0.04999999999999993,0.09999999999999998,r9nd0ahu,fixed_alpha0.2_german_gender_seed17,FixedAlpha_0.2,17,
18,19,0.725,0.04999999999999993,0.11249999999999999,r9nd0ahu,fixed_alpha0.2_german_gender_seed17,FixedAlpha_0.2,17,
19,20,0.725,0.04999999999999993,0.11249999999999999,r9nd0ahu,fixed_alpha0.2_german_gender_seed17,FixedAlpha_0.2,17,
20,21,0.72,0.04999999999999993,0.09999999999999998,r9nd0ahu,fixed_alpha0.2_german_gender_seed17,FixedAlpha_0.2,17,
21,22,0.72,0.04999999999999993,0.09999999999999998,r9nd0ahu,fixed_alpha0.2_german_gender_seed17,FixedAlpha_0.2,17,
22,23,0.725,0.04999999999999993,0.07499999999999996,r9nd0ahu,fixed_alpha0.2_german_gender_seed17,FixedAlpha_0.2,17,
23,24,0.735,0.04999999999999993,0.09999999999999995,r9nd0ahu,fixed_alpha0.2_german_gender_seed17,FixedAlpha_0.2,17,
24,25,0.73,0.07499999999999996,0.11249999999999996,r9nd0ahu,fixed_alpha0.2_german_gender_seed17,FixedAlpha_0.2,17,
25,26,0.72,0.07499999999999996,0.08749999999999997,r9nd0ahu,fixed_alpha0.2_german_gender_seed17,FixedAlpha_0.2,17,
26,27,0.72,0.07499999999999996,0.08749999999999997,r9nd0ahu,fixed_alpha0.2_german_gender_seed17,FixedAlpha_0.2,17,
27,28,0.725,0.06499999999999995,0.07,r9nd0ahu,fixed_alpha0.2_german_gender_seed17,FixedAlpha_0.2,17,
28,29,0.725,0.06499999999999995,0.07,r9nd0ahu,fixed_alpha0.2_german_gender_seed17,FixedAlpha_0.2,17,
29,30,0.725,0.06499999999999995,0.07,r9nd0ahu,fixed_alpha0.2_german_gender_seed17,FixedAlpha_0.2,17,
0,1,0.62,0.039999999999999925,0.05749999999999997,9vh2bbsr,fixed_alpha0.2_german_gender_seed16,FixedAlpha_0.2,16,
1,2,0.67,0.030000000000000027,0.015000000000000013,9vh2bbsr,fixed_alpha0.2_german_gender_seed16,FixedAlpha_0.2,16,
2,3,0.7,0.019999999999999907,0.009999999999999953,9vh2bbsr,fixed_alpha0.2_german_gender_seed16,FixedAlpha_0.2,16,
3,4,0.7,0.025000000000000022,0.050000000000000044,9vh2bbsr,fixed_alpha0.2_german_gender_seed16,FixedAlpha_0.2,16,
4,5,0.705,0.015000000000000013,0.04500000000000004,9vh2bbsr,fixed_alpha0.2_german_gender_seed16,FixedAlpha_0.2,16,
5,6,0.7,0.0,0.0625,9vh2bbsr,fixed_alpha0.2_german_gender_seed16,FixedAlpha_0.2,16,
6,7,0.715,0.029999999999999916,0.07749999999999996,9vh2bbsr,fixed_alpha0.2_german_gender_seed16,FixedAlpha_0.2,16,
7,8,0.715,0.010000000000000009,0.030000000000000027,9vh2bbsr,fixed_alpha0.2_german_gender_seed16,FixedAlpha_0.2,16,
8,9,0.73,0.010000000000000009,0.0050000000000000044,9vh2bbsr,fixed_alpha0.2_german_gender_seed16,FixedAlpha_0.2,16,
9,10,0.73,0.0050000000000000044,0.015000000000000013,9vh2bbsr,fixed_alpha0.2_german_gender_seed16,FixedAlpha_0.2,16,
10,11,0.745,0.0050000000000000044,0.02749999999999997,9vh2bbsr,fixed_alpha0.2_german_gender_seed16,FixedAlpha_0.2,16,
11,12,0.745,0.05500000000000005,0.07750000000000001,9vh2bbsr,fixed_alpha0.2_german_gender_seed16,FixedAlpha_0.2,16,
12,13,0.74,0.05500000000000005,0.065,9vh2bbsr,fixed_alpha0.2_german_gender_seed16,FixedAlpha_0.2,16,
13,14,0.735,0.05500000000000005,0.05249999999999999,9vh2bbsr,fixed_alpha0.2_german_gender_seed16,FixedAlpha_0.2,16,
14,15,0.74,0.06500000000000006,0.057499999999999996,9vh2bbsr,fixed_alpha0.2_german_gender_seed16,FixedAlpha_0.2,16,
15,16,0.735,0.06500000000000006,0.04500000000000004,9vh2bbsr,fixed_alpha0.2_german_gender_seed16,FixedAlpha_0.2,16,
16,17,0.735,0.05500000000000005,0.03999999999999998,9vh2bbsr,fixed_alpha0.2_german_gender_seed16,FixedAlpha_0.2,16,
17,18,0.74,0.05500000000000005,0.065,9vh2bbsr,fixed_alpha0.2_german_gender_seed16,FixedAlpha_0.2,16,
18,19,0.74,0.04500000000000004,0.03500000000000003,9vh2bbsr,fixed_alpha0.2_german_gender_seed16,FixedAlpha_0.2,16,
19,20,0.74,0.04500000000000004,0.03500000000000003,9vh2bbsr,fixed_alpha0.2_german_gender_seed16,FixedAlpha_0.2,16,
20,21,0.745,0.05500000000000005,0.040000000000000036,9vh2bbsr,fixed_alpha0.2_german_gender_seed16,FixedAlpha_0.2,16,
21,22,0.745,0.05500000000000005,0.040000000000000036,9vh2bbsr,fixed_alpha0.2_german_gender_seed16,FixedAlpha_0.2,16,
22,23,0.745,0.05500000000000005,0.040000000000000036,9vh2bbsr,fixed_alpha0.2_german_gender_seed16,FixedAlpha_0.2,16,
23,24,0.745,0.05500000000000005,0.040000000000000036,9vh2bbsr,fixed_alpha0.2_german_gender_seed16,FixedAlpha_0.2,16,
24,25,0.735,0.06999999999999995,0.04749999999999999,9vh2bbsr,fixed_alpha0.2_german_gender_seed16,FixedAlpha_0.2,16,
25,26,0.74,0.06999999999999995,0.06,9vh2bbsr,fixed_alpha0.2_german_gender_seed16,FixedAlpha_0.2,16,
26,27,0.735,0.05999999999999994,0.05499999999999999,9vh2bbsr,fixed_alpha0.2_german_gender_seed16,FixedAlpha_0.2,16,
27,28,0.735,0.05999999999999994,0.05499999999999999,9vh2bbsr,fixed_alpha0.2_german_gender_seed16,FixedAlpha_0.2,16,
28,29,0.735,0.05999999999999994,0.05499999999999999,9vh2bbsr,fixed_alpha0.2_german_gender_seed16,FixedAlpha_0.2,16,
29,30,0.735,0.05999999999999994,0.05499999999999999,9vh2bbsr,fixed_alpha0.2_german_gender_seed16,FixedAlpha_0.2,16,
0,1,0.695,0.0,0.03750000000000003,z3csx5rn,fixed_alpha0.2_german_gender_seed18,FixedAlpha_0.2,18,
1,2,0.695,0.03500000000000003,0.09249999999999997,z3csx5rn,fixed_alpha0.2_german_gender_seed18,FixedAlpha_0.2,18,
2,3,0.7,0.0,0.09999999999999998,z3csx5rn,fixed_alpha0.2_german_gender_seed18,FixedAlpha_0.2,18,
3,4,0.71,0.0,0.14999999999999997,z3csx5rn,fixed_alpha0.2_german_gender_seed18,FixedAlpha_0.2,18,
4,5,0.71,0.010000000000000009,0.14250000000000002,z3csx5rn,fixed_alpha0.2_german_gender_seed18,FixedAlpha_0.2,18,
5,6,0.71,0.014999999999999902,0.13249999999999995,z3csx5rn,fixed_alpha0.2_german_gender_seed18,FixedAlpha_0.2,18,
6,7,0.715,0.039999999999999925,0.08249999999999996,z3csx5rn,fixed_alpha0.2_german_gender_seed18,FixedAlpha_0.2,18,
7,8,0.705,0.04500000000000004,0.07250000000000006,z3csx5rn,fixed_alpha0.2_german_gender_seed18,FixedAlpha_0.2,18,
8,9,0.71,0.03500000000000003,0.04250000000000004,z3csx5rn,fixed_alpha0.2_german_gender_seed18,FixedAlpha_0.2,18,
9,10,0.715,0.040000000000000036,0.044999999999999984,z3csx5rn,fixed_alpha0.2_german_gender_seed18,FixedAlpha_0.2,18,
10,11,0.705,0.04500000000000004,0.02250000000000002,z3csx5rn,fixed_alpha0.2_german_gender_seed18,FixedAlpha_0.2,18,
11,12,0.72,0.010000000000000009,0.0050000000000000044,z3csx5rn,fixed_alpha0.2_german_gender_seed18,FixedAlpha_0.2,18,
12,13,0.72,0.05999999999999994,0.05499999999999994,z3csx5rn,fixed_alpha0.2_german_gender_seed18,FixedAlpha_0.2,18,
13,14,0.72,0.08499999999999996,0.04249999999999998,z3csx5rn,fixed_alpha0.2_german_gender_seed18,FixedAlpha_0.2,18,
14,15,0.72,0.08499999999999996,0.04249999999999998,z3csx5rn,fixed_alpha0.2_german_gender_seed18,FixedAlpha_0.2,18,
15,16,0.72,0.08499999999999996,0.04249999999999998,z3csx5rn,fixed_alpha0.2_german_gender_seed18,FixedAlpha_0.2,18,
16,17,0.72,0.10999999999999999,0.0675,z3csx5rn,fixed_alpha0.2_german_gender_seed18,FixedAlpha_0.2,18,
17,18,0.71,0.08999999999999997,0.057499999999999996,z3csx5rn,fixed_alpha0.2_german_gender_seed18,FixedAlpha_0.2,18,
18,19,0.705,0.07999999999999996,0.05249999999999999,z3csx5rn,fixed_alpha0.2_german_gender_seed18,FixedAlpha_0.2,18,
19,20,0.705,0.07999999999999996,0.05249999999999999,z3csx5rn,fixed_alpha0.2_german_gender_seed18,FixedAlpha_0.2,18,
20,21,0.71,0.08999999999999997,0.057499999999999996,z3csx5rn,fixed_alpha0.2_german_gender_seed18,FixedAlpha_0.2,18,
21,22,0.715,0.09999999999999998,0.0625,z3csx5rn,fixed_alpha0.2_german_gender_seed18,FixedAlpha_0.2,18,
22,23,0.715,0.09999999999999998,0.0625,z3csx5rn,fixed_alpha0.2_german_gender_seed18,FixedAlpha_0.2,18,
23,24,0.715,0.09999999999999998,0.0625,z3csx5rn,fixed_alpha0.2_german_gender_seed18,FixedAlpha_0.2,18,
24,25,0.715,0.09999999999999998,0.0625,z3csx5rn,fixed_alpha0.2_german_gender_seed18,FixedAlpha_0.2,18,
25,26,0.715,0.09999999999999998,0.0625,z3csx5rn,fixed_alpha0.2_german_gender_seed18,FixedAlpha_0.2,18,
26,27,0.72,0.10999999999999999,0.0675,z3csx5rn,fixed_alpha0.2_german_gender_seed18,FixedAlpha_0.2,18,
27,28,0.715,0.10999999999999999,0.09249999999999997,z3csx5rn,fixed_alpha0.2_german_gender_seed18,FixedAlpha_0.2,18,
28,29,0.725,0.10999999999999999,0.08000000000000002,z3csx5rn,fixed_alpha0.2_german_gender_seed18,FixedAlpha_0.2,18,
29,30,0.725,0.10999999999999999,0.08000000000000002,z3csx5rn,fixed_alpha0.2_german_gender_seed18,FixedAlpha_0.2,18,
0,1,0.645,0.09499999999999997,0.07249999999999995,0cpp2z6l,fixed_alpha0.2_german_gender_seed19,FixedAlpha_0.2,19,
1,2,0.675,0.04500000000000004,0.04750000000000004,0cpp2z6l,fixed_alpha0.2_german_gender_seed19,FixedAlpha_0.2,19,
2,3,0.695,0.030000000000000027,0.05249999999999999,0cpp2z6l,fixed_alpha0.2_german_gender_seed19,FixedAlpha_0.2,19,
3,4,0.71,0.010000000000000009,0.0050000000000000044,0cpp2z6l,fixed_alpha0.2_german_gender_seed19,FixedAlpha_0.2,19,
4,5,0.715,0.010000000000000009,0.01749999999999996,0cpp2z6l,fixed_alpha0.2_german_gender_seed19,FixedAlpha_0.2,19,
5,6,0.715,0.0050000000000000044,0.03999999999999998,0cpp2z6l,fixed_alpha0.2_german_gender_seed19,FixedAlpha_0.2,19,
6,7,0.715,0.04499999999999993,0.09749999999999992,0cpp2z6l,fixed_alpha0.2_german_gender_seed19,FixedAlpha_0.2,19,
7,8,0.7,0.06499999999999995,0.13249999999999995,0cpp2z6l,fixed_alpha0.2_german_gender_seed19,FixedAlpha_0.2,19,
8,9,0.71,0.08000000000000007,0.15250000000000002,0cpp2z6l,fixed_alpha0.2_german_gender_seed19,FixedAlpha_0.2,19,
9,10,0.685,0.04500000000000004,0.1225,0cpp2z6l,fixed_alpha0.2_german_gender_seed19,FixedAlpha_0.2,19,
10,11,0.695,0.10499999999999998,0.19,0cpp2z6l,fixed_alpha0.2_german_gender_seed19,FixedAlpha_0.2,19,
11,12,0.715,0.10499999999999998,0.16499999999999998,0cpp2z6l,fixed_alpha0.2_german_gender_seed19,FixedAlpha_0.2,19,
12,13,0.71,0.13,0.1775,0cpp2z6l,fixed_alpha0.2_german_gender_seed19,FixedAlpha_0.2,19,
13,14,0.71,0.13,0.1775,0cpp2z6l,fixed_alpha0.2_german_gender_seed19,FixedAlpha_0.2,19,
14,15,0.705,0.14500000000000002,0.1975,0cpp2z6l,fixed_alpha0.2_german_gender_seed19,FixedAlpha_0.2,19,
15,16,0.705,0.14500000000000002,0.1975,0cpp2z6l,fixed_alpha0.2_german_gender_seed19,FixedAlpha_0.2,19,
16,17,0.695,0.16000000000000003,0.20500000000000002,0cpp2z6l,fixed_alpha0.2_german_gender_seed19,FixedAlpha_0.2,19,
17,18,0.695,0.14,0.1825,0cpp2z6l,fixed_alpha0.2_german_gender_seed19,FixedAlpha_0.2,19,
18,19,0.695,0.13,0.18999999999999997,0cpp2z6l,fixed_alpha0.2_german_gender_seed19,FixedAlpha_0.2,19,
19,20,0.695,0.13,0.18999999999999997,0cpp2z6l,fixed_alpha0.2_german_gender_seed19,FixedAlpha_0.2,19,
20,21,0.695,0.13,0.18999999999999997,0cpp2z6l,fixed_alpha0.2_german_gender_seed19,FixedAlpha_0.2,19,
21,22,0.695,0.13,0.18999999999999997,0cpp2z6l,fixed_alpha0.2_german_gender_seed19,FixedAlpha_0.2,19,
22,23,0.695,0.13,0.18999999999999997,0cpp2z6l,fixed_alpha0.2_german_gender_seed19,FixedAlpha_0.2,19,
23,24,0.695,0.13,0.18999999999999997,0cpp2z6l,fixed_alpha0.2_german_gender_seed19,FixedAlpha_0.2,19,
24,25,0.695,0.13,0.18999999999999997,0cpp2z6l,fixed_alpha0.2_german_gender_seed19,FixedAlpha_0.2,19,
25,26,0.7,0.14,0.19499999999999998,0cpp2z6l,fixed_alpha0.2_german_gender_seed19,FixedAlpha_0.2,19,
26,27,0.705,0.16000000000000003,0.1925,0cpp2z6l,fixed_alpha0.2_german_gender_seed19,FixedAlpha_0.2,19,
27,28,0.71,0.16000000000000003,0.16750000000000004,0cpp2z6l,fixed_alpha0.2_german_gender_seed19,FixedAlpha_0.2,19,
28,29,0.715,0.16000000000000003,0.14250000000000002,0cpp2z6l,fixed_alpha0.2_german_gender_seed19,FixedAlpha_0.2,19,
29,30,0.72,0.17000000000000004,0.14750000000000002,0cpp2z6l,fixed_alpha0.2_german_gender_seed19,FixedAlpha_0.2,19,
0,1,0.575,0.015000000000000013,0.10749999999999998,282uiowg,fixed_alpha0.2_german_gender_seed22,FixedAlpha_0.2,22,
1,2,0.685,0.06000000000000005,0.11750000000000005,282uiowg,fixed_alpha0.2_german_gender_seed22,FixedAlpha_0.2,22,
2,3,0.705,0.019999999999999907,0.07249999999999995,282uiowg,fixed_alpha0.2_german_gender_seed22,FixedAlpha_0.2,22,
3,4,0.72,0.020000000000000018,0.12250000000000005,282uiowg,fixed_alpha0.2_german_gender_seed22,FixedAlpha_0.2,22,
4,5,0.71,0.030000000000000027,0.08999999999999997,282uiowg,fixed_alpha0.2_german_gender_seed22,FixedAlpha_0.2,22,
5,6,0.72,0.020000000000000018,0.08499999999999996,282uiowg,fixed_alpha0.2_german_gender_seed22,FixedAlpha_0.2,22,
6,7,0.735,0.020000000000000018,0.08500000000000002,282uiowg,fixed_alpha0.2_german_gender_seed22,FixedAlpha_0.2,22,
7,8,0.745,0.030000000000000027,0.09000000000000002,282uiowg,fixed_alpha0.2_german_gender_seed22,FixedAlpha_0.2,22,
8,9,0.75,0.030000000000000027,0.07750000000000001,282uiowg,fixed_alpha0.2_german_gender_seed22,FixedAlpha_0.2,22,
9,10,0.76,0.0050000000000000044,0.10250000000000004,282uiowg,fixed_alpha0.2_german_gender_seed22,FixedAlpha_0.2,22,
10,11,0.77,0.015000000000000013,0.07,282uiowg,fixed_alpha0.2_german_gender_seed22,FixedAlpha_0.2,22,
11,12,0.755,0.039999999999999925,0.057499999999999996,282uiowg,fixed_alpha0.2_german_gender_seed22,FixedAlpha_0.2,22,
12,13,0.78,0.039999999999999925,0.06999999999999995,282uiowg,fixed_alpha0.2_german_gender_seed22,FixedAlpha_0.2,22,
13,14,0.77,0.11499999999999999,0.09499999999999997,282uiowg,fixed_alpha0.2_german_gender_seed22,FixedAlpha_0.2,22,
14,15,0.775,0.11499999999999999,0.08250000000000002,282uiowg,fixed_alpha0.2_german_gender_seed22,FixedAlpha_0.2,22,
15,16,0.77,0.1050000000000001,0.07750000000000007,282uiowg,fixed_alpha0.2_german_gender_seed22,FixedAlpha_0.2,22,
16,17,0.765,0.09500000000000008,0.07250000000000006,282uiowg,fixed_alpha0.2_german_gender_seed22,FixedAlpha_0.2,22,
17,18,0.76,0.08500000000000008,0.06750000000000006,282uiowg,fixed_alpha0.2_german_gender_seed22,FixedAlpha_0.2,22,
18,19,0.755,0.07500000000000007,0.06250000000000006,282uiowg,fixed_alpha0.2_german_gender_seed22,FixedAlpha_0.2,22,
19,20,0.75,0.08999999999999997,0.095,282uiowg,fixed_alpha0.2_german_gender_seed22,FixedAlpha_0.2,22,
20,21,0.745,0.07999999999999996,0.09,282uiowg,fixed_alpha0.2_german_gender_seed22,FixedAlpha_0.2,22,
21,22,0.745,0.07999999999999996,0.09,282uiowg,fixed_alpha0.2_german_gender_seed22,FixedAlpha_0.2,22,
22,23,0.745,0.06999999999999995,0.07249999999999998,282uiowg,fixed_alpha0.2_german_gender_seed22,FixedAlpha_0.2,22,
23,24,0.745,0.06999999999999995,0.07249999999999998,282uiowg,fixed_alpha0.2_german_gender_seed22,FixedAlpha_0.2,22,
24,25,0.73,0.10999999999999999,0.0925,282uiowg,fixed_alpha0.2_german_gender_seed22,FixedAlpha_0.2,22,
25,26,0.73,0.10999999999999999,0.0925,282uiowg,fixed_alpha0.2_german_gender_seed22,FixedAlpha_0.2,22,
26,27,0.735,0.10999999999999999,0.1175,282uiowg,fixed_alpha0.2_german_gender_seed22,FixedAlpha_0.2,22,
27,28,0.725,0.09999999999999998,0.0875,282uiowg,fixed_alpha0.2_german_gender_seed22,FixedAlpha_0.2,22,
28,29,0.725,0.09999999999999998,0.0875,282uiowg,fixed_alpha0.2_german_gender_seed22,FixedAlpha_0.2,22,
29,30,0.725,0.09999999999999998,0.0875,282uiowg,fixed_alpha0.2_german_gender_seed22,FixedAlpha_0.2,22,
0,1,0.64,0.09000000000000008,0.12,fr77x7gc,fixed_alpha0.2_german_gender_seed20,FixedAlpha_0.2,20,
1,2,0.685,0.050000000000000044,0.16250000000000003,fr77x7gc,fixed_alpha0.2_german_gender_seed20,FixedAlpha_0.2,20,
2,3,0.69,0.030000000000000027,0.12750000000000006,fr77x7gc,fixed_alpha0.2_german_gender_seed20,FixedAlpha_0.2,20,
3,4,0.72,0.03499999999999992,0.14249999999999996,fr77x7gc,fixed_alpha0.2_german_gender_seed20,FixedAlpha_0.2,20,
4,5,0.72,0.03499999999999992,0.14249999999999996,fr77x7gc,fixed_alpha0.2_german_gender_seed20,FixedAlpha_0.2,20,
5,6,0.72,0.03499999999999992,0.14249999999999996,fr77x7gc,fixed_alpha0.2_german_gender_seed20,FixedAlpha_0.2,20,
6,7,0.725,0.02499999999999991,0.11249999999999993,fr77x7gc,fixed_alpha0.2_german_gender_seed20,FixedAlpha_0.2,20,
7,8,0.72,0.039999999999999925,0.14499999999999996,fr77x7gc,fixed_alpha0.2_german_gender_seed20,FixedAlpha_0.2,20,
8,9,0.72,0.07000000000000006,0.14750000000000002,fr77x7gc,fixed_alpha0.2_german_gender_seed20,FixedAlpha_0.2,20,
9,10,0.73,0.08500000000000008,0.10500000000000004,fr77x7gc,fixed_alpha0.2_german_gender_seed20,FixedAlpha_0.2,20,
10,11,0.725,0.09999999999999998,0.09999999999999998,fr77x7gc,fixed_alpha0.2_german_gender_seed20,FixedAlpha_0.2,20,
11,12,0.72,0.08999999999999997,0.09499999999999997,fr77x7gc,fixed_alpha0.2_german_gender_seed20,FixedAlpha_0.2,20,
12,13,0.72,0.10499999999999998,0.07749999999999996,fr77x7gc,fixed_alpha0.2_german_gender_seed20,FixedAlpha_0.2,20,
13,14,0.72,0.09499999999999997,0.05999999999999994,fr77x7gc,fixed_alpha0.2_german_gender_seed20,FixedAlpha_0.2,20,
14,15,0.71,0.08499999999999996,0.06749999999999995,fr77x7gc,fixed_alpha0.2_german_gender_seed20,FixedAlpha_0.2,20,
15,16,0.71,0.08499999999999996,0.06749999999999995,fr77x7gc,fixed_alpha0.2_german_gender_seed20,FixedAlpha_0.2,20,
16,17,0.715,0.08499999999999996,0.05499999999999994,fr77x7gc,fixed_alpha0.2_german_gender_seed20,FixedAlpha_0.2,20,
17,18,0.72,0.08499999999999996,0.04249999999999998,fr77x7gc,fixed_alpha0.2_german_gender_seed20,FixedAlpha_0.2,20,
18,19,0.725,0.08499999999999996,0.05499999999999999,fr77x7gc,fixed_alpha0.2_german_gender_seed20,FixedAlpha_0.2,20,
19,20,0.72,0.07499999999999996,0.04999999999999999,fr77x7gc,fixed_alpha0.2_german_gender_seed20,FixedAlpha_0.2,20,
20,21,0.715,0.07499999999999996,0.07499999999999996,fr77x7gc,fixed_alpha0.2_german_gender_seed20,FixedAlpha_0.2,20,
21,22,0.72,0.07499999999999996,0.04999999999999999,fr77x7gc,fixed_alpha0.2_german_gender_seed20,FixedAlpha_0.2,20,
22,23,0.725,0.07499999999999996,0.04999999999999999,fr77x7gc,fixed_alpha0.2_german_gender_seed20,FixedAlpha_0.2,20,
23,24,0.725,0.07499999999999996,0.04999999999999999,fr77x7gc,fixed_alpha0.2_german_gender_seed20,FixedAlpha_0.2,20,
24,25,0.73,0.04999999999999993,0.03749999999999998,fr77x7gc,fixed_alpha0.2_german_gender_seed20,FixedAlpha_0.2,20,
25,26,0.73,0.04999999999999993,0.03749999999999998,fr77x7gc,fixed_alpha0.2_german_gender_seed20,FixedAlpha_0.2,20,
26,27,0.725,0.039999999999999925,0.03249999999999997,fr77x7gc,fixed_alpha0.2_german_gender_seed20,FixedAlpha_0.2,20,
27,28,0.725,0.039999999999999925,0.03249999999999997,fr77x7gc,fixed_alpha0.2_german_gender_seed20,FixedAlpha_0.2,20,
28,29,0.72,0.06499999999999995,0.044999999999999984,fr77x7gc,fixed_alpha0.2_german_gender_seed20,FixedAlpha_0.2,20,
29,30,0.72,0.06499999999999995,0.044999999999999984,fr77x7gc,fixed_alpha0.2_german_gender_seed20,FixedAlpha_0.2,20,
0,1,0.65,0.16000000000000003,0.1925,8hl0esla,fixed_alpha0.2_german_gender_seed21,FixedAlpha_0.2,21,
1,2,0.68,0.20999999999999996,0.14249999999999996,8hl0esla,fixed_alpha0.2_german_gender_seed21,FixedAlpha_0.2,21,
2,3,0.72,0.125,0.07500000000000001,8hl0esla,fixed_alpha0.2_german_gender_seed21,FixedAlpha_0.2,21,
3,4,0.75,0.10999999999999999,0.07999999999999996,8hl0esla,fixed_alpha0.2_german_gender_seed21,FixedAlpha_0.2,21,
4,5,0.75,0.09499999999999997,0.04749999999999999,8hl0esla,fixed_alpha0.2_german_gender_seed21,FixedAlpha_0.2,21,
5,6,0.75,0.08499999999999996,0.06749999999999995,8hl0esla,fixed_alpha0.2_german_gender_seed21,FixedAlpha_0.2,21,
6,7,0.77,0.10999999999999999,0.09249999999999997,8hl0esla,fixed_alpha0.2_german_gender_seed21,FixedAlpha_0.2,21,
7,8,0.785,0.09999999999999998,0.07500000000000001,8hl0esla,fixed_alpha0.2_german_gender_seed21,FixedAlpha_0.2,21,
8,9,0.785,0.08999999999999997,0.057499999999999996,8hl0esla,fixed_alpha0.2_german_gender_seed21,FixedAlpha_0.2,21,
9,10,0.775,0.09500000000000008,0.04750000000000004,8hl0esla,fixed_alpha0.2_german_gender_seed21,FixedAlpha_0.2,21,
10,11,0.76,0.09999999999999998,0.04999999999999999,8hl0esla,fixed_alpha0.2_german_gender_seed21,FixedAlpha_0.2,21,
11,12,0.74,0.05999999999999994,0.02999999999999997,8hl0esla,fixed_alpha0.2_german_gender_seed21,FixedAlpha_0.2,21,
12,13,0.745,0.09499999999999997,0.07249999999999998,8hl0esla,fixed_alpha0.2_german_gender_seed21,FixedAlpha_0.2,21,
13,14,0.745,0.09499999999999997,0.07249999999999998,8hl0esla,fixed_alpha0.2_german_gender_seed21,FixedAlpha_0.2,21,
14,15,0.74,0.12,0.08499999999999999,8hl0esla,fixed_alpha0.2_german_gender_seed21,FixedAlpha_0.2,21,
15,16,0.73,0.10999999999999999,0.05499999999999999,8hl0esla,fixed_alpha0.2_german_gender_seed21,FixedAlpha_0.2,21,
16,17,0.73,0.10999999999999999,0.05499999999999999,8hl0esla,fixed_alpha0.2_german_gender_seed21,FixedAlpha_0.2,21,
17,18,0.73,0.10999999999999999,0.05499999999999999,8hl0esla,fixed_alpha0.2_german_gender_seed21,FixedAlpha_0.2,21,
18,19,0.725,0.09999999999999998,0.04999999999999999,8hl0esla,fixed_alpha0.2_german_gender_seed21,FixedAlpha_0.2,21,
19,20,0.725,0.09999999999999998,0.04999999999999999,8hl0esla,fixed_alpha0.2_german_gender_seed21,FixedAlpha_0.2,21,
20,21,0.715,0.11499999999999999,0.057499999999999996,8hl0esla,fixed_alpha0.2_german_gender_seed21,FixedAlpha_0.2,21,
21,22,0.71,0.10499999999999998,0.05249999999999999,8hl0esla,fixed_alpha0.2_german_gender_seed21,FixedAlpha_0.2,21,
22,23,0.715,0.10499999999999998,0.065,8hl0esla,fixed_alpha0.2_german_gender_seed21,FixedAlpha_0.2,21,
23,24,0.715,0.10499999999999998,0.065,8hl0esla,fixed_alpha0.2_german_gender_seed21,FixedAlpha_0.2,21,
24,25,0.72,0.11499999999999999,0.07,8hl0esla,fixed_alpha0.2_german_gender_seed21,FixedAlpha_0.2,21,
25,26,0.715,0.11499999999999999,0.09500000000000003,8hl0esla,fixed_alpha0.2_german_gender_seed21,FixedAlpha_0.2,21,
26,27,0.715,0.11499999999999999,0.09500000000000003,8hl0esla,fixed_alpha0.2_german_gender_seed21,FixedAlpha_0.2,21,
27,28,0.71,0.10499999999999998,0.09000000000000002,8hl0esla,fixed_alpha0.2_german_gender_seed21,FixedAlpha_0.2,21,
28,29,0.71,0.10499999999999998,0.09000000000000002,8hl0esla,fixed_alpha0.2_german_gender_seed21,FixedAlpha_0.2,21,
29,30,0.705,0.13,0.10250000000000004,8hl0esla,fixed_alpha0.2_german_gender_seed21,FixedAlpha_0.2,21,
0,1,0.705,0.040000000000000036,0.07,0cz4ovm8,fixed_alpha0.2_german_gender_seed24,FixedAlpha_0.2,24,
1,2,0.72,0.040000000000000036,0.07,0cz4ovm8,fixed_alpha0.2_german_gender_seed24,FixedAlpha_0.2,24,
2,3,0.715,0.10499999999999998,0.10249999999999998,0cz4ovm8,fixed_alpha0.2_german_gender_seed24,FixedAlpha_0.2,24,
3,4,0.735,0.10999999999999999,0.0675,0cz4ovm8,fixed_alpha0.2_german_gender_seed24,FixedAlpha_0.2,24,
4,5,0.745,0.135,0.09249999999999997,0cz4ovm8,fixed_alpha0.2_german_gender_seed24,FixedAlpha_0.2,24,
5,6,0.75,0.135,0.10499999999999998,0cz4ovm8,fixed_alpha0.2_german_gender_seed24,FixedAlpha_0.2,24,
6,7,0.75,0.15999999999999992,0.12999999999999995,0cz4ovm8,fixed_alpha0.2_german_gender_seed24,FixedAlpha_0.2,24,
7,8,0.755,0.1499999999999999,0.11249999999999999,0cz4ovm8,fixed_alpha0.2_german_gender_seed24,FixedAlpha_0.2,24,
8,9,0.745,0.16499999999999992,0.12,0cz4ovm8,fixed_alpha0.2_german_gender_seed24,FixedAlpha_0.2,24,
9,10,0.74,0.15500000000000003,0.11500000000000005,0cz4ovm8,fixed_alpha0.2_german_gender_seed24,FixedAlpha_0.2,24,
10,11,0.745,0.15500000000000003,0.09000000000000002,0cz4ovm8,fixed_alpha0.2_german_gender_seed24,FixedAlpha_0.2,24,
11,12,0.735,0.17000000000000004,0.09750000000000003,0cz4ovm8,fixed_alpha0.2_german_gender_seed24,FixedAlpha_0.2,24,
12,13,0.735,0.135,0.08000000000000002,0cz4ovm8,fixed_alpha0.2_german_gender_seed24,FixedAlpha_0.2,24,
13,14,0.735,0.125,0.07499999999999996,0cz4ovm8,fixed_alpha0.2_german_gender_seed24,FixedAlpha_0.2,24,
14,15,0.74,0.11499999999999999,0.07,0cz4ovm8,fixed_alpha0.2_german_gender_seed24,FixedAlpha_0.2,24,
15,16,0.74,0.11499999999999999,0.07,0cz4ovm8,fixed_alpha0.2_german_gender_seed24,FixedAlpha_0.2,24,
16,17,0.73,0.19000000000000006,0.12000000000000005,0cz4ovm8,fixed_alpha0.2_german_gender_seed24,FixedAlpha_0.2,24,
17,18,0.735,0.16500000000000004,0.10750000000000004,0cz4ovm8,fixed_alpha0.2_german_gender_seed24,FixedAlpha_0.2,24,
18,19,0.735,0.17500000000000004,0.1375,0cz4ovm8,fixed_alpha0.2_german_gender_seed24,FixedAlpha_0.2,24,
19,20,0.735,0.17500000000000004,0.1375,0cz4ovm8,fixed_alpha0.2_german_gender_seed24,FixedAlpha_0.2,24,
20,21,0.735,0.17500000000000004,0.1375,0cz4ovm8,fixed_alpha0.2_german_gender_seed24,FixedAlpha_0.2,24,
21,22,0.735,0.17500000000000004,0.1375,0cz4ovm8,fixed_alpha0.2_german_gender_seed24,FixedAlpha_0.2,24,
22,23,0.735,0.17500000000000004,0.1375,0cz4ovm8,fixed_alpha0.2_german_gender_seed24,FixedAlpha_0.2,24,
23,24,0.735,0.17500000000000004,0.1375,0cz4ovm8,fixed_alpha0.2_german_gender_seed24,FixedAlpha_0.2,24,
24,25,0.72,0.18000000000000005,0.14,0cz4ovm8,fixed_alpha0.2_german_gender_seed24,FixedAlpha_0.2,24,
25,26,0.71,0.16000000000000003,0.13,0cz4ovm8,fixed_alpha0.2_german_gender_seed24,FixedAlpha_0.2,24,
26,27,0.715,0.16000000000000003,0.10500000000000004,0cz4ovm8,fixed_alpha0.2_german_gender_seed24,FixedAlpha_0.2,24,
27,28,0.715,0.16000000000000003,0.10500000000000004,0cz4ovm8,fixed_alpha0.2_german_gender_seed24,FixedAlpha_0.2,24,
28,29,0.715,0.16000000000000003,0.10500000000000004,0cz4ovm8,fixed_alpha0.2_german_gender_seed24,FixedAlpha_0.2,24,
29,30,0.725,0.14500000000000002,0.09750000000000003,0cz4ovm8,fixed_alpha0.2_german_gender_seed24,FixedAlpha_0.2,24,
0,1,0.665,0.0,0.0,wf2nhcqf,fixed_alpha0.2_german_gender_seed25,FixedAlpha_0.2,25,
1,2,0.665,0.0,0.0,wf2nhcqf,fixed_alpha0.2_german_gender_seed25,FixedAlpha_0.2,25,
2,3,0.66,0.02499999999999991,0.012499999999999956,wf2nhcqf,fixed_alpha0.2_german_gender_seed25,FixedAlpha_0.2,25,
3,4,0.675,0.025000000000000022,0.025000000000000022,wf2nhcqf,fixed_alpha0.2_german_gender_seed25,FixedAlpha_0.2,25,
4,5,0.665,0.029999999999999916,0.052499999999999936,wf2nhcqf,fixed_alpha0.2_german_gender_seed25,FixedAlpha_0.2,25,
5,6,0.68,0.019999999999999907,0.022499999999999964,wf2nhcqf,fixed_alpha0.2_german_gender_seed25,FixedAlpha_0.2,25,
6,7,0.7,0.019999999999999907,0.04749999999999999,wf2nhcqf,fixed_alpha0.2_german_gender_seed25,FixedAlpha_0.2,25,
7,8,0.715,0.014999999999999902,0.04499999999999993,wf2nhcqf,fixed_alpha0.2_german_gender_seed25,FixedAlpha_0.2,25,
8,9,0.72,0.014999999999999902,0.019999999999999962,wf2nhcqf,fixed_alpha0.2_german_gender_seed25,FixedAlpha_0.2,25,
9,10,0.74,0.014999999999999902,0.019999999999999962,wf2nhcqf,fixed_alpha0.2_german_gender_seed25,FixedAlpha_0.2,25,
10,11,0.755,0.014999999999999902,0.03249999999999992,wf2nhcqf,fixed_alpha0.2_german_gender_seed25,FixedAlpha_0.2,25,
11,12,0.765,0.020000000000000018,0.02250000000000002,wf2nhcqf,fixed_alpha0.2_german_gender_seed25,FixedAlpha_0.2,25,
12,13,0.77,0.020000000000000018,0.034999999999999976,wf2nhcqf,fixed_alpha0.2_german_gender_seed25,FixedAlpha_0.2,25,
13,14,0.75,0.030000000000000027,0.05249999999999999,wf2nhcqf,fixed_alpha0.2_german_gender_seed25,FixedAlpha_0.2,25,
14,15,0.755,0.020000000000000018,0.04750000000000004,wf2nhcqf,fixed_alpha0.2_german_gender_seed25,FixedAlpha_0.2,25,
15,16,0.755,0.04500000000000004,0.03500000000000003,wf2nhcqf,fixed_alpha0.2_german_gender_seed25,FixedAlpha_0.2,25,
16,17,0.755,0.04500000000000004,0.03500000000000003,wf2nhcqf,fixed_alpha0.2_german_gender_seed25,FixedAlpha_0.2,25,
17,18,0.75,0.04500000000000004,0.02250000000000002,wf2nhcqf,fixed_alpha0.2_german_gender_seed25,FixedAlpha_0.2,25,
18,19,0.755,0.04500000000000004,0.03500000000000003,wf2nhcqf,fixed_alpha0.2_german_gender_seed25,FixedAlpha_0.2,25,
19,20,0.755,0.04500000000000004,0.03500000000000003,wf2nhcqf,fixed_alpha0.2_german_gender_seed25,FixedAlpha_0.2,25,
20,21,0.755,0.04500000000000004,0.03500000000000003,wf2nhcqf,fixed_alpha0.2_german_gender_seed25,FixedAlpha_0.2,25,
21,22,0.755,0.04500000000000004,0.03500000000000003,wf2nhcqf,fixed_alpha0.2_german_gender_seed25,FixedAlpha_0.2,25,
22,23,0.745,0.03500000000000003,0.05500000000000005,wf2nhcqf,fixed_alpha0.2_german_gender_seed25,FixedAlpha_0.2,25,
23,24,0.745,0.03500000000000003,0.05500000000000005,wf2nhcqf,fixed_alpha0.2_german_gender_seed25,FixedAlpha_0.2,25,
24,25,0.745,0.05999999999999994,0.04249999999999998,wf2nhcqf,fixed_alpha0.2_german_gender_seed25,FixedAlpha_0.2,25,
25,26,0.745,0.05999999999999994,0.04249999999999998,wf2nhcqf,fixed_alpha0.2_german_gender_seed25,FixedAlpha_0.2,25,
26,27,0.745,0.05999999999999994,0.04249999999999998,wf2nhcqf,fixed_alpha0.2_german_gender_seed25,FixedAlpha_0.2,25,
27,28,0.745,0.05999999999999994,0.04249999999999998,wf2nhcqf,fixed_alpha0.2_german_gender_seed25,FixedAlpha_0.2,25,
28,29,0.745,0.05999999999999994,0.04249999999999998,wf2nhcqf,fixed_alpha0.2_german_gender_seed25,FixedAlpha_0.2,25,
29,30,0.74,0.039999999999999925,0.04499999999999996,wf2nhcqf,fixed_alpha0.2_german_gender_seed25,FixedAlpha_0.2,25,
0,1,0.55,0.05499999999999994,0.11499999999999996,yku2qnb6,fixed_alpha0.2_german_gender_seed23,FixedAlpha_0.2,23,
1,2,0.685,0.03500000000000003,0.14250000000000002,yku2qnb6,fixed_alpha0.2_german_gender_seed23,FixedAlpha_0.2,23,
2,3,0.725,0.04500000000000004,0.09750000000000003,yku2qnb6,fixed_alpha0.2_german_gender_seed23,FixedAlpha_0.2,23,
3,4,0.71,0.03499999999999992,0.09249999999999992,yku2qnb6,fixed_alpha0.2_german_gender_seed23,FixedAlpha_0.2,23,
4,5,0.725,0.0050000000000000044,0.07749999999999996,yku2qnb6,fixed_alpha0.2_german_gender_seed23,FixedAlpha_0.2,23,
5,6,0.72,0.020000000000000018,0.08499999999999996,yku2qnb6,fixed_alpha0.2_german_gender_seed23,FixedAlpha_0.2,23,
6,7,0.73,0.020000000000000018,0.07250000000000001,yku2qnb6,fixed_alpha0.2_german_gender_seed23,FixedAlpha_0.2,23,
7,8,0.755,0.010000000000000009,0.0675,yku2qnb6,fixed_alpha0.2_german_gender_seed23,FixedAlpha_0.2,23,
8,9,0.755,0.0,0.07500000000000001,yku2qnb6,fixed_alpha0.2_german_gender_seed23,FixedAlpha_0.2,23,
9,10,0.775,0.019999999999999907,0.04749999999999999,yku2qnb6,fixed_alpha0.2_german_gender_seed23,FixedAlpha_0.2,23,
10,11,0.77,0.020000000000000018,0.07250000000000001,yku2qnb6,fixed_alpha0.2_german_gender_seed23,FixedAlpha_0.2,23,
11,12,0.75,0.030000000000000027,0.05249999999999999,yku2qnb6,fixed_alpha0.2_german_gender_seed23,FixedAlpha_0.2,23,
12,13,0.745,0.0050000000000000044,0.03999999999999998,yku2qnb6,fixed_alpha0.2_german_gender_seed23,FixedAlpha_0.2,23,
13,14,0.745,0.025000000000000022,0.03750000000000003,yku2qnb6,fixed_alpha0.2_german_gender_seed23,FixedAlpha_0.2,23,
14,15,0.735,0.010000000000000009,0.030000000000000027,yku2qnb6,fixed_alpha0.2_german_gender_seed23,FixedAlpha_0.2,23,
15,16,0.74,0.0,0.025000000000000022,yku2qnb6,fixed_alpha0.2_german_gender_seed23,FixedAlpha_0.2,23,
16,17,0.74,0.0,0.025000000000000022,yku2qnb6,fixed_alpha0.2_german_gender_seed23,FixedAlpha_0.2,23,
17,18,0.74,0.0,0.025000000000000022,yku2qnb6,fixed_alpha0.2_german_gender_seed23,FixedAlpha_0.2,23,
18,19,0.745,0.010000000000000009,0.030000000000000027,yku2qnb6,fixed_alpha0.2_german_gender_seed23,FixedAlpha_0.2,23,
19,20,0.745,0.010000000000000009,0.030000000000000027,yku2qnb6,fixed_alpha0.2_german_gender_seed23,FixedAlpha_0.2,23,
20,21,0.745,0.010000000000000009,0.030000000000000027,yku2qnb6,fixed_alpha0.2_german_gender_seed23,FixedAlpha_0.2,23,
21,22,0.745,0.010000000000000009,0.030000000000000027,yku2qnb6,fixed_alpha0.2_german_gender_seed23,FixedAlpha_0.2,23,
22,23,0.73,0.07499999999999996,0.07500000000000001,yku2qnb6,fixed_alpha0.2_german_gender_seed23,FixedAlpha_0.2,23,
23,24,0.73,0.07499999999999996,0.07500000000000001,yku2qnb6,fixed_alpha0.2_german_gender_seed23,FixedAlpha_0.2,23,
24,25,0.725,0.07499999999999996,0.0625,yku2qnb6,fixed_alpha0.2_german_gender_seed23,FixedAlpha_0.2,23,
25,26,0.73,0.09999999999999998,0.1,yku2qnb6,fixed_alpha0.2_german_gender_seed23,FixedAlpha_0.2,23,
26,27,0.73,0.09999999999999998,0.1,yku2qnb6,fixed_alpha0.2_german_gender_seed23,FixedAlpha_0.2,23,
27,28,0.725,0.08999999999999997,0.095,yku2qnb6,fixed_alpha0.2_german_gender_seed23,FixedAlpha_0.2,23,
28,29,0.725,0.08999999999999997,0.095,yku2qnb6,fixed_alpha0.2_german_gender_seed23,FixedAlpha_0.2,23,
29,30,0.725,0.08999999999999997,0.095,yku2qnb6,fixed_alpha0.2_german_gender_seed23,FixedAlpha_0.2,23,
0,1,0.7,0.014999999999999902,0.04499999999999993,g6xbfgn9,fixed_alpha0.2_german_gender_seed26,FixedAlpha_0.2,26,
1,2,0.7,0.015000000000000013,0.08250000000000002,g6xbfgn9,fixed_alpha0.2_german_gender_seed26,FixedAlpha_0.2,26,
2,3,0.7,0.015000000000000013,0.10750000000000004,g6xbfgn9,fixed_alpha0.2_german_gender_seed26,FixedAlpha_0.2,26,
3,4,0.71,0.025000000000000022,0.10000000000000003,g6xbfgn9,fixed_alpha0.2_german_gender_seed26,FixedAlpha_0.2,26,
4,5,0.725,0.06000000000000005,0.15500000000000003,g6xbfgn9,fixed_alpha0.2_german_gender_seed26,FixedAlpha_0.2,26,
5,6,0.735,0.03500000000000003,0.13,g6xbfgn9,fixed_alpha0.2_german_gender_seed26,FixedAlpha_0.2,26,
6,7,0.73,0.03500000000000003,0.14250000000000002,g6xbfgn9,fixed_alpha0.2_german_gender_seed26,FixedAlpha_0.2,26,
7,8,0.725,0.015000000000000013,0.12,g6xbfgn9,fixed_alpha0.2_german_gender_seed26,FixedAlpha_0.2,26,
8,9,0.74,0.015000000000000013,0.12000000000000002,g6xbfgn9,fixed_alpha0.2_german_gender_seed26,FixedAlpha_0.2,26,
9,10,0.73,0.020000000000000018,0.11000000000000001,g6xbfgn9,fixed_alpha0.2_german_gender_seed26,FixedAlpha_0.2,26,
10,11,0.73,0.020000000000000018,0.11000000000000001,g6xbfgn9,fixed_alpha0.2_german_gender_seed26,FixedAlpha_0.2,26,
11,12,0.73,0.010000000000000009,0.0925,g6xbfgn9,fixed_alpha0.2_german_gender_seed26,FixedAlpha_0.2,26,
12,13,0.725,0.0,0.0875,g6xbfgn9,fixed_alpha0.2_german_gender_seed26,FixedAlpha_0.2,26,
13,14,0.725,0.010000000000000009,0.07999999999999999,g6xbfgn9,fixed_alpha0.2_german_gender_seed26,FixedAlpha_0.2,26,
14,15,0.725,0.0,0.0875,g6xbfgn9,fixed_alpha0.2_german_gender_seed26,FixedAlpha_0.2,26,
15,16,0.715,0.010000000000000009,0.0675,g6xbfgn9,fixed_alpha0.2_german_gender_seed26,FixedAlpha_0.2,26,
16,17,0.705,0.015000000000000013,0.044999999999999984,g6xbfgn9,fixed_alpha0.2_german_gender_seed26,FixedAlpha_0.2,26,
17,18,0.705,0.015000000000000013,0.044999999999999984,g6xbfgn9,fixed_alpha0.2_german_gender_seed26,FixedAlpha_0.2,26,
18,19,0.715,0.015000000000000013,0.019999999999999962,g6xbfgn9,fixed_alpha0.2_german_gender_seed26,FixedAlpha_0.2,26,
19,20,0.72,0.015000000000000013,0.007500000000000007,g6xbfgn9,fixed_alpha0.2_german_gender_seed26,FixedAlpha_0.2,26,
20,21,0.72,0.015000000000000013,0.007500000000000007,g6xbfgn9,fixed_alpha0.2_german_gender_seed26,FixedAlpha_0.2,26,
21,22,0.725,0.015000000000000013,0.020000000000000018,g6xbfgn9,fixed_alpha0.2_german_gender_seed26,FixedAlpha_0.2,26,
22,23,0.72,0.039999999999999925,0.03249999999999997,g6xbfgn9,fixed_alpha0.2_german_gender_seed26,FixedAlpha_0.2,26,
23,24,0.72,0.039999999999999925,0.03249999999999997,g6xbfgn9,fixed_alpha0.2_german_gender_seed26,FixedAlpha_0.2,26,
24,25,0.715,0.039999999999999925,0.019999999999999962,g6xbfgn9,fixed_alpha0.2_german_gender_seed26,FixedAlpha_0.2,26,
25,26,0.715,0.039999999999999925,0.019999999999999962,g6xbfgn9,fixed_alpha0.2_german_gender_seed26,FixedAlpha_0.2,26,
26,27,0.71,0.029999999999999916,0.014999999999999958,g6xbfgn9,fixed_alpha0.2_german_gender_seed26,FixedAlpha_0.2,26,
27,28,0.71,0.029999999999999916,0.014999999999999958,g6xbfgn9,fixed_alpha0.2_german_gender_seed26,FixedAlpha_0.2,26,
28,29,0.71,0.029999999999999916,0.014999999999999958,g6xbfgn9,fixed_alpha0.2_german_gender_seed26,FixedAlpha_0.2,26,
29,30,0.71,0.029999999999999916,0.014999999999999958,g6xbfgn9,fixed_alpha0.2_german_gender_seed26,FixedAlpha_0.2,26,
0,1,0.455,0.19000000000000003,0.09500000000000001,mamc6jdn,fixed_alpha0.2_german_gender_seed27,FixedAlpha_0.2,27,
1,2,0.585,0.10999999999999999,0.13,mamc6jdn,fixed_alpha0.2_german_gender_seed27,FixedAlpha_0.2,27,
2,3,0.635,0.11499999999999999,0.09500000000000003,mamc6jdn,fixed_alpha0.2_german_gender_seed27,FixedAlpha_0.2,27,
3,4,0.685,0.010000000000000009,0.08000000000000002,mamc6jdn,fixed_alpha0.2_german_gender_seed27,FixedAlpha_0.2,27,
4,5,0.675,0.039999999999999925,0.03249999999999997,mamc6jdn,fixed_alpha0.2_german_gender_seed27,FixedAlpha_0.2,27,
5,6,0.69,0.03499999999999992,0.04249999999999993,mamc6jdn,fixed_alpha0.2_german_gender_seed27,FixedAlpha_0.2,27,
6,7,0.695,0.02499999999999991,0.024999999999999967,mamc6jdn,fixed_alpha0.2_german_gender_seed27,FixedAlpha_0.2,27,
7,8,0.69,0.0050000000000000044,0.027500000000000024,mamc6jdn,fixed_alpha0.2_german_gender_seed27,FixedAlpha_0.2,27,
8,9,0.725,0.019999999999999907,0.034999999999999976,mamc6jdn,fixed_alpha0.2_german_gender_seed27,FixedAlpha_0.2,27,
9,10,0.73,0.020000000000000018,0.010000000000000009,mamc6jdn,fixed_alpha0.2_german_gender_seed27,FixedAlpha_0.2,27,
10,11,0.745,0.04500000000000004,0.03500000000000003,mamc6jdn,fixed_alpha0.2_german_gender_seed27,FixedAlpha_0.2,27,
11,12,0.735,0.12,0.08500000000000002,mamc6jdn,fixed_alpha0.2_german_gender_seed27,FixedAlpha_0.2,27,
12,13,0.735,0.12,0.08500000000000002,mamc6jdn,fixed_alpha0.2_german_gender_seed27,FixedAlpha_0.2,27,
13,14,0.74,0.14500000000000002,0.09749999999999998,mamc6jdn,fixed_alpha0.2_german_gender_seed27,FixedAlpha_0.2,27,
14,15,0.75,0.14500000000000002,0.07250000000000001,mamc6jdn,fixed_alpha0.2_german_gender_seed27,FixedAlpha_0.2,27,
15,16,0.755,0.14500000000000002,0.09750000000000003,mamc6jdn,fixed_alpha0.2_german_gender_seed27,FixedAlpha_0.2,27,
16,17,0.755,0.14500000000000002,0.09750000000000003,mamc6jdn,fixed_alpha0.2_german_gender_seed27,FixedAlpha_0.2,27,
17,18,0.755,0.14500000000000002,0.09750000000000003,mamc6jdn,fixed_alpha0.2_german_gender_seed27,FixedAlpha_0.2,27,
18,19,0.755,0.14500000000000002,0.09750000000000003,mamc6jdn,fixed_alpha0.2_german_gender_seed27,FixedAlpha_0.2,27,
19,20,0.755,0.14500000000000002,0.09750000000000003,mamc6jdn,fixed_alpha0.2_german_gender_seed27,FixedAlpha_0.2,27,
20,21,0.755,0.14500000000000002,0.09750000000000003,mamc6jdn,fixed_alpha0.2_german_gender_seed27,FixedAlpha_0.2,27,
21,22,0.76,0.14500000000000002,0.08500000000000002,mamc6jdn,fixed_alpha0.2_german_gender_seed27,FixedAlpha_0.2,27,
22,23,0.755,0.17000000000000004,0.09750000000000003,mamc6jdn,fixed_alpha0.2_german_gender_seed27,FixedAlpha_0.2,27,
23,24,0.755,0.17000000000000004,0.09750000000000003,mamc6jdn,fixed_alpha0.2_german_gender_seed27,FixedAlpha_0.2,27,
24,25,0.755,0.17000000000000004,0.09750000000000003,mamc6jdn,fixed_alpha0.2_german_gender_seed27,FixedAlpha_0.2,27,
25,26,0.75,0.16000000000000003,0.09250000000000003,mamc6jdn,fixed_alpha0.2_german_gender_seed27,FixedAlpha_0.2,27,
26,27,0.75,0.16000000000000003,0.09250000000000003,mamc6jdn,fixed_alpha0.2_german_gender_seed27,FixedAlpha_0.2,27,
27,28,0.75,0.16000000000000003,0.09250000000000003,mamc6jdn,fixed_alpha0.2_german_gender_seed27,FixedAlpha_0.2,27,
28,29,0.745,0.15000000000000002,0.08750000000000002,mamc6jdn,fixed_alpha0.2_german_gender_seed27,FixedAlpha_0.2,27,
29,30,0.75,0.15000000000000002,0.07500000000000001,mamc6jdn,fixed_alpha0.2_german_gender_seed27,FixedAlpha_0.2,27,
0,1,0.475,0.019999999999999907,0.09749999999999992,qnopj3q7,fixed_alpha0.2_german_gender_seed28,FixedAlpha_0.2,28,
1,2,0.59,0.13,0.07750000000000001,qnopj3q7,fixed_alpha0.2_german_gender_seed28,FixedAlpha_0.2,28,
2,3,0.67,0.05500000000000005,0.027500000000000024,qnopj3q7,fixed_alpha0.2_german_gender_seed28,FixedAlpha_0.2,28,
3,4,0.71,0.0050000000000000044,0.015000000000000013,qnopj3q7,fixed_alpha0.2_german_gender_seed28,FixedAlpha_0.2,28,
4,5,0.715,0.015000000000000013,0.020000000000000018,qnopj3q7,fixed_alpha0.2_german_gender_seed28,FixedAlpha_0.2,28,
5,6,0.71,0.0050000000000000044,0.015000000000000013,qnopj3q7,fixed_alpha0.2_german_gender_seed28,FixedAlpha_0.2,28,
6,7,0.71,0.0050000000000000044,0.015000000000000013,qnopj3q7,fixed_alpha0.2_german_gender_seed28,FixedAlpha_0.2,28,
7,8,0.715,0.040000000000000036,0.020000000000000018,qnopj3q7,fixed_alpha0.2_german_gender_seed28,FixedAlpha_0.2,28,
8,9,0.715,0.08999999999999997,0.057499999999999996,qnopj3q7,fixed_alpha0.2_german_gender_seed28,FixedAlpha_0.2,28,
9,10,0.7,0.08499999999999996,0.07999999999999996,qnopj3q7,fixed_alpha0.2_german_gender_seed28,FixedAlpha_0.2,28,
10,11,0.69,0.11499999999999999,0.06999999999999995,qnopj3q7,fixed_alpha0.2_german_gender_seed28,FixedAlpha_0.2,28,
11,12,0.69,0.09500000000000008,0.07250000000000006,qnopj3q7,fixed_alpha0.2_german_gender_seed28,FixedAlpha_0.2,28,
12,13,0.705,0.08500000000000008,0.06750000000000006,qnopj3q7,fixed_alpha0.2_german_gender_seed28,FixedAlpha_0.2,28,
13,14,0.715,0.08500000000000008,0.05499999999999999,qnopj3q7,fixed_alpha0.2_german_gender_seed28,FixedAlpha_0.2,28,
14,15,0.715,0.07500000000000007,0.050000000000000044,qnopj3q7,fixed_alpha0.2_german_gender_seed28,FixedAlpha_0.2,28,
15,16,0.72,0.07500000000000007,0.03750000000000003,qnopj3q7,fixed_alpha0.2_german_gender_seed28,FixedAlpha_0.2,28,
16,17,0.725,0.07500000000000007,0.050000000000000044,qnopj3q7,fixed_alpha0.2_german_gender_seed28,FixedAlpha_0.2,28,
17,18,0.725,0.07500000000000007,0.050000000000000044,qnopj3q7,fixed_alpha0.2_german_gender_seed28,FixedAlpha_0.2,28,
18,19,0.725,0.06500000000000006,0.04500000000000004,qnopj3q7,fixed_alpha0.2_german_gender_seed28,FixedAlpha_0.2,28,
19,20,0.73,0.06500000000000006,0.03250000000000003,qnopj3q7,fixed_alpha0.2_german_gender_seed28,FixedAlpha_0.2,28,
20,21,0.735,0.06500000000000006,0.04500000000000004,qnopj3q7,fixed_alpha0.2_german_gender_seed28,FixedAlpha_0.2,28,
21,22,0.73,0.11499999999999999,0.08249999999999996,qnopj3q7,fixed_alpha0.2_german_gender_seed28,FixedAlpha_0.2,28,
22,23,0.73,0.10499999999999998,0.05249999999999999,qnopj3q7,fixed_alpha0.2_german_gender_seed28,FixedAlpha_0.2,28,
23,24,0.72,0.09499999999999997,0.07249999999999995,qnopj3q7,fixed_alpha0.2_german_gender_seed28,FixedAlpha_0.2,28,
24,25,0.72,0.09499999999999997,0.07249999999999995,qnopj3q7,fixed_alpha0.2_german_gender_seed28,FixedAlpha_0.2,28,
25,26,0.72,0.09499999999999997,0.07249999999999995,qnopj3q7,fixed_alpha0.2_german_gender_seed28,FixedAlpha_0.2,28,
26,27,0.725,0.06999999999999995,0.05999999999999994,qnopj3q7,fixed_alpha0.2_german_gender_seed28,FixedAlpha_0.2,28,
27,28,0.725,0.06999999999999995,0.05999999999999994,qnopj3q7,fixed_alpha0.2_german_gender_seed28,FixedAlpha_0.2,28,
28,29,0.725,0.06999999999999995,0.05999999999999994,qnopj3q7,fixed_alpha0.2_german_gender_seed28,FixedAlpha_0.2,28,
29,30,0.72,0.05999999999999994,0.05499999999999994,qnopj3q7,fixed_alpha0.2_german_gender_seed28,FixedAlpha_0.2,28,
0,1,0.425,0.11500000000000002,0.08250000000000002,r3odaqgf,fixed_alpha0.2_german_gender_seed29,FixedAlpha_0.2,29,
1,2,0.505,0.010000000000000009,0.105,r3odaqgf,fixed_alpha0.2_german_gender_seed29,FixedAlpha_0.2,29,
2,3,0.62,0.135,0.14250000000000002,r3odaqgf,fixed_alpha0.2_german_gender_seed29,FixedAlpha_0.2,29,
3,4,0.685,0.125,0.11249999999999999,r3odaqgf,fixed_alpha0.2_german_gender_seed29,FixedAlpha_0.2,29,
4,5,0.7,0.08499999999999996,0.07999999999999996,r3odaqgf,fixed_alpha0.2_german_gender_seed29,FixedAlpha_0.2,29,
5,6,0.705,0.03500000000000003,0.04250000000000004,r3odaqgf,fixed_alpha0.2_german_gender_seed29,FixedAlpha_0.2,29,
6,7,0.705,0.025000000000000022,0.0625,r3odaqgf,fixed_alpha0.2_german_gender_seed29,FixedAlpha_0.2,29,
7,8,0.71,0.06000000000000005,0.05500000000000005,r3odaqgf,fixed_alpha0.2_german_gender_seed29,FixedAlpha_0.2,29,
8,9,0.71,0.03500000000000003,0.05500000000000005,r3odaqgf,fixed_alpha0.2_german_gender_seed29,FixedAlpha_0.2,29,
9,10,0.72,0.03500000000000003,0.08000000000000002,r3odaqgf,fixed_alpha0.2_german_gender_seed29,FixedAlpha_0.2,29,
10,11,0.725,0.014999999999999902,0.03249999999999997,r3odaqgf,fixed_alpha0.2_german_gender_seed29,FixedAlpha_0.2,29,
11,12,0.72,0.015000000000000013,0.05750000000000005,r3odaqgf,fixed_alpha0.2_german_gender_seed29,FixedAlpha_0.2,29,
12,13,0.735,0.0,0.07500000000000001,r3odaqgf,fixed_alpha0.2_german_gender_seed29,FixedAlpha_0.2,29,
13,14,0.745,0.0050000000000000044,0.10249999999999998,r3odaqgf,fixed_alpha0.2_german_gender_seed29,FixedAlpha_0.2,29,
14,15,0.745,0.020000000000000018,0.09750000000000003,r3odaqgf,fixed_alpha0.2_german_gender_seed29,FixedAlpha_0.2,29,
15,16,0.75,0.010000000000000009,0.07999999999999999,r3odaqgf,fixed_alpha0.2_german_gender_seed29,FixedAlpha_0.2,29,
16,17,0.75,0.010000000000000009,0.07999999999999999,r3odaqgf,fixed_alpha0.2_german_gender_seed29,FixedAlpha_0.2,29,
17,18,0.745,0.0,0.07499999999999998,r3odaqgf,fixed_alpha0.2_german_gender_seed29,FixedAlpha_0.2,29,
18,19,0.745,0.0,0.07499999999999998,r3odaqgf,fixed_alpha0.2_german_gender_seed29,FixedAlpha_0.2,29,
19,20,0.75,0.010000000000000009,0.07999999999999999,r3odaqgf,fixed_alpha0.2_german_gender_seed29,FixedAlpha_0.2,29,
20,21,0.75,0.010000000000000009,0.07999999999999999,r3odaqgf,fixed_alpha0.2_german_gender_seed29,FixedAlpha_0.2,29,
21,22,0.755,0.010000000000000009,0.0925,r3odaqgf,fixed_alpha0.2_german_gender_seed29,FixedAlpha_0.2,29,
22,23,0.75,0.0,0.0875,r3odaqgf,fixed_alpha0.2_german_gender_seed29,FixedAlpha_0.2,29,
23,24,0.755,0.0,0.06250000000000003,r3odaqgf,fixed_alpha0.2_german_gender_seed29,FixedAlpha_0.2,29,
24,25,0.75,0.025000000000000022,0.07500000000000004,r3odaqgf,fixed_alpha0.2_german_gender_seed29,FixedAlpha_0.2,29,
25,26,0.75,0.025000000000000022,0.07500000000000004,r3odaqgf,fixed_alpha0.2_german_gender_seed29,FixedAlpha_0.2,29,
26,27,0.75,0.025000000000000022,0.07500000000000004,r3odaqgf,fixed_alpha0.2_german_gender_seed29,FixedAlpha_0.2,29,
27,28,0.75,0.025000000000000022,0.07500000000000004,r3odaqgf,fixed_alpha0.2_german_gender_seed29,FixedAlpha_0.2,29,
28,29,0.745,0.015000000000000013,0.07000000000000003,r3odaqgf,fixed_alpha0.2_german_gender_seed29,FixedAlpha_0.2,29,
29,30,0.74,0.015000000000000013,0.05750000000000002,r3odaqgf,fixed_alpha0.2_german_gender_seed29,FixedAlpha_0.2,29,
0,1,0.68,0.040000000000000036,0.14500000000000002,hmbwf524,fixed_alpha0.3_german_gender_seed0,FixedAlpha_0.3,0,
1,2,0.715,0.05999999999999994,0.12999999999999995,hmbwf524,fixed_alpha0.3_german_gender_seed0,FixedAlpha_0.3,0,
2,3,0.725,0.05499999999999994,0.11499999999999994,hmbwf524,fixed_alpha0.3_german_gender_seed0,FixedAlpha_0.3,0,
3,4,0.71,0.014999999999999902,0.10749999999999993,hmbwf524,fixed_alpha0.3_german_gender_seed0,FixedAlpha_0.3,0,
4,5,0.705,0.04500000000000004,0.12250000000000005,hmbwf524,fixed_alpha0.3_german_gender_seed0,FixedAlpha_0.3,0,
5,6,0.7,0.09999999999999998,0.125,hmbwf524,fixed_alpha0.3_german_gender_seed0,FixedAlpha_0.3,0,
6,7,0.705,0.07999999999999996,0.11499999999999999,hmbwf524,fixed_alpha0.3_german_gender_seed0,FixedAlpha_0.3,0,
7,8,0.7,0.09999999999999998,0.09999999999999998,hmbwf524,fixed_alpha0.3_german_gender_seed0,FixedAlpha_0.3,0,
8,9,0.7,0.08999999999999997,0.10749999999999998,hmbwf524,fixed_alpha0.3_german_gender_seed0,FixedAlpha_0.3,0,
9,10,0.705,0.08999999999999997,0.08249999999999996,hmbwf524,fixed_alpha0.3_german_gender_seed0,FixedAlpha_0.3,0,
10,11,0.72,0.10999999999999999,0.10499999999999998,hmbwf524,fixed_alpha0.3_german_gender_seed0,FixedAlpha_0.3,0,
11,12,0.725,0.08499999999999996,0.09249999999999997,hmbwf524,fixed_alpha0.3_german_gender_seed0,FixedAlpha_0.3,0,
12,13,0.715,0.08499999999999996,0.10499999999999998,hmbwf524,fixed_alpha0.3_german_gender_seed0,FixedAlpha_0.3,0,
13,14,0.72,0.04999999999999993,0.09999999999999998,hmbwf524,fixed_alpha0.3_german_gender_seed0,FixedAlpha_0.3,0,
14,15,0.72,0.04999999999999993,0.09999999999999998,hmbwf524,fixed_alpha0.3_german_gender_seed0,FixedAlpha_0.3,0,
15,16,0.725,0.04999999999999993,0.07499999999999996,hmbwf524,fixed_alpha0.3_german_gender_seed0,FixedAlpha_0.3,0,
16,17,0.73,0.0050000000000000044,0.040000000000000036,hmbwf524,fixed_alpha0.3_german_gender_seed0,FixedAlpha_0.3,0,
17,18,0.72,0.0050000000000000044,0.015000000000000013,hmbwf524,fixed_alpha0.3_german_gender_seed0,FixedAlpha_0.3,0,
18,19,0.715,0.029999999999999916,0.02749999999999997,hmbwf524,fixed_alpha0.3_german_gender_seed0,FixedAlpha_0.3,0,
19,20,0.72,0.0050000000000000044,0.015000000000000013,hmbwf524,fixed_alpha0.3_german_gender_seed0,FixedAlpha_0.3,0,
20,21,0.725,0.015000000000000013,0.020000000000000018,hmbwf524,fixed_alpha0.3_german_gender_seed0,FixedAlpha_0.3,0,
21,22,0.725,0.015000000000000013,0.020000000000000018,hmbwf524,fixed_alpha0.3_german_gender_seed0,FixedAlpha_0.3,0,
22,23,0.725,0.015000000000000013,0.020000000000000018,hmbwf524,fixed_alpha0.3_german_gender_seed0,FixedAlpha_0.3,0,
23,24,0.74,0.04500000000000004,0.03500000000000003,hmbwf524,fixed_alpha0.3_german_gender_seed0,FixedAlpha_0.3,0,
24,25,0.725,0.04999999999999993,0.03749999999999998,hmbwf524,fixed_alpha0.3_german_gender_seed0,FixedAlpha_0.3,0,
25,26,0.73,0.04999999999999993,0.04999999999999999,hmbwf524,fixed_alpha0.3_german_gender_seed0,FixedAlpha_0.3,0,
26,27,0.73,0.04999999999999993,0.04999999999999999,hmbwf524,fixed_alpha0.3_german_gender_seed0,FixedAlpha_0.3,0,
27,28,0.74,0.06999999999999995,0.06,hmbwf524,fixed_alpha0.3_german_gender_seed0,FixedAlpha_0.3,0,
28,29,0.74,0.06999999999999995,0.06,hmbwf524,fixed_alpha0.3_german_gender_seed0,FixedAlpha_0.3,0,
29,30,0.735,0.05999999999999994,0.05499999999999999,hmbwf524,fixed_alpha0.3_german_gender_seed0,FixedAlpha_0.3,0,
0,1,0.445,0.034999999999999976,0.0925,037km369,fixed_alpha0.3_german_gender_seed2,FixedAlpha_0.3,2,
1,2,0.565,0.06499999999999995,0.12,037km369,fixed_alpha0.3_german_gender_seed2,FixedAlpha_0.3,2,
2,3,0.635,0.19499999999999995,0.14749999999999996,037km369,fixed_alpha0.3_german_gender_seed2,FixedAlpha_0.3,2,
3,4,0.67,0.135,0.09249999999999997,037km369,fixed_alpha0.3_german_gender_seed2,FixedAlpha_0.3,2,
4,5,0.695,0.030000000000000027,0.05249999999999999,037km369,fixed_alpha0.3_german_gender_seed2,FixedAlpha_0.3,2,
5,6,0.7,0.015000000000000013,0.03250000000000003,037km369,fixed_alpha0.3_german_gender_seed2,FixedAlpha_0.3,2,
6,7,0.705,0.025000000000000022,0.03750000000000003,037km369,fixed_alpha0.3_german_gender_seed2,FixedAlpha_0.3,2,
7,8,0.705,0.025000000000000022,0.03750000000000003,037km369,fixed_alpha0.3_german_gender_seed2,FixedAlpha_0.3,2,
8,9,0.715,0.025000000000000022,0.024999999999999967,037km369,fixed_alpha0.3_german_gender_seed2,FixedAlpha_0.3,2,
9,10,0.725,0.025000000000000022,0.012500000000000011,037km369,fixed_alpha0.3_german_gender_seed2,FixedAlpha_0.3,2,
10,11,0.73,0.025000000000000022,0.025000000000000022,037km369,fixed_alpha0.3_german_gender_seed2,FixedAlpha_0.3,2,
11,12,0.725,0.015000000000000013,0.020000000000000018,037km369,fixed_alpha0.3_german_gender_seed2,FixedAlpha_0.3,2,
12,13,0.72,0.0050000000000000044,0.027500000000000024,037km369,fixed_alpha0.3_german_gender_seed2,FixedAlpha_0.3,2,
13,14,0.71,0.010000000000000009,0.017500000000000016,037km369,fixed_alpha0.3_german_gender_seed2,FixedAlpha_0.3,2,
14,15,0.72,0.010000000000000009,0.0050000000000000044,037km369,fixed_alpha0.3_german_gender_seed2,FixedAlpha_0.3,2,
15,16,0.72,0.029999999999999916,0.03999999999999998,037km369,fixed_alpha0.3_german_gender_seed2,FixedAlpha_0.3,2,
16,17,0.695,0.020000000000000018,0.010000000000000009,037km369,fixed_alpha0.3_german_gender_seed2,FixedAlpha_0.3,2,
17,18,0.695,0.0050000000000000044,0.027500000000000024,037km369,fixed_alpha0.3_german_gender_seed2,FixedAlpha_0.3,2,
18,19,0.695,0.020000000000000018,0.010000000000000009,037km369,fixed_alpha0.3_german_gender_seed2,FixedAlpha_0.3,2,
19,20,0.7,0.020000000000000018,0.022499999999999964,037km369,fixed_alpha0.3_german_gender_seed2,FixedAlpha_0.3,2,
20,21,0.72,0.010000000000000009,0.0050000000000000044,037km369,fixed_alpha0.3_german_gender_seed2,FixedAlpha_0.3,2,
21,22,0.715,0.0,0.0,037km369,fixed_alpha0.3_german_gender_seed2,FixedAlpha_0.3,2,
22,23,0.71,0.010000000000000009,0.0050000000000000044,037km369,fixed_alpha0.3_german_gender_seed2,FixedAlpha_0.3,2,
23,24,0.715,0.010000000000000009,0.02999999999999997,037km369,fixed_alpha0.3_german_gender_seed2,FixedAlpha_0.3,2,
24,25,0.705,0.0050000000000000044,0.05249999999999999,037km369,fixed_alpha0.3_german_gender_seed2,FixedAlpha_0.3,2,
25,26,0.715,0.0050000000000000044,0.027500000000000024,037km369,fixed_alpha0.3_german_gender_seed2,FixedAlpha_0.3,2,
26,27,0.715,0.0050000000000000044,0.027500000000000024,037km369,fixed_alpha0.3_german_gender_seed2,FixedAlpha_0.3,2,
27,28,0.715,0.0050000000000000044,0.027500000000000024,037km369,fixed_alpha0.3_german_gender_seed2,FixedAlpha_0.3,2,
28,29,0.7,0.03500000000000003,0.04250000000000004,037km369,fixed_alpha0.3_german_gender_seed2,FixedAlpha_0.3,2,
29,30,0.7,0.03500000000000003,0.04250000000000004,037km369,fixed_alpha0.3_german_gender_seed2,FixedAlpha_0.3,2,
0,1,0.665,0.0050000000000000044,0.03999999999999998,z9knkkxv,fixed_alpha0.3_german_gender_seed1,FixedAlpha_0.3,1,
1,2,0.665,0.0050000000000000044,0.0025000000000000022,z9knkkxv,fixed_alpha0.3_german_gender_seed1,FixedAlpha_0.3,1,
2,3,0.675,0.02499999999999991,0.012499999999999956,z9knkkxv,fixed_alpha0.3_german_gender_seed1,FixedAlpha_0.3,1,
3,4,0.685,0.02499999999999991,0.03749999999999992,z9knkkxv,fixed_alpha0.3_german_gender_seed1,FixedAlpha_0.3,1,
4,5,0.695,0.04999999999999993,0.08749999999999997,z9knkkxv,fixed_alpha0.3_german_gender_seed1,FixedAlpha_0.3,1,
5,6,0.685,0.08000000000000007,0.1275,z9knkkxv,fixed_alpha0.3_german_gender_seed1,FixedAlpha_0.3,1,
6,7,0.695,0.1050000000000001,0.17750000000000005,z9knkkxv,fixed_alpha0.3_german_gender_seed1,FixedAlpha_0.3,1,
7,8,0.7,0.1050000000000001,0.19,z9knkkxv,fixed_alpha0.3_german_gender_seed1,FixedAlpha_0.3,1,
8,9,0.705,0.13,0.15249999999999997,z9knkkxv,fixed_alpha0.3_german_gender_seed1,FixedAlpha_0.3,1,
9,10,0.7,0.12,0.14749999999999996,z9knkkxv,fixed_alpha0.3_german_gender_seed1,FixedAlpha_0.3,1,
10,11,0.705,0.16000000000000003,0.14250000000000002,z9knkkxv,fixed_alpha0.3_german_gender_seed1,FixedAlpha_0.3,1,
11,12,0.715,0.16000000000000003,0.13,z9knkkxv,fixed_alpha0.3_german_gender_seed1,FixedAlpha_0.3,1,
12,13,0.72,0.125,0.125,z9knkkxv,fixed_alpha0.3_german_gender_seed1,FixedAlpha_0.3,1,
13,14,0.715,0.15000000000000002,0.1375,z9knkkxv,fixed_alpha0.3_german_gender_seed1,FixedAlpha_0.3,1,
14,15,0.725,0.15000000000000002,0.125,z9knkkxv,fixed_alpha0.3_german_gender_seed1,FixedAlpha_0.3,1,
15,16,0.725,0.14,0.1325,z9knkkxv,fixed_alpha0.3_german_gender_seed1,FixedAlpha_0.3,1,
16,17,0.715,0.19000000000000006,0.15750000000000003,z9knkkxv,fixed_alpha0.3_german_gender_seed1,FixedAlpha_0.3,1,
17,18,0.715,0.21499999999999997,0.1825,z9knkkxv,fixed_alpha0.3_german_gender_seed1,FixedAlpha_0.3,1,
18,19,0.715,0.20499999999999996,0.19,z9knkkxv,fixed_alpha0.3_german_gender_seed1,FixedAlpha_0.3,1,
19,20,0.725,0.21499999999999997,0.16999999999999998,z9knkkxv,fixed_alpha0.3_german_gender_seed1,FixedAlpha_0.3,1,
20,21,0.725,0.21499999999999997,0.16999999999999998,z9knkkxv,fixed_alpha0.3_german_gender_seed1,FixedAlpha_0.3,1,
21,22,0.72,0.21499999999999997,0.15749999999999997,z9knkkxv,fixed_alpha0.3_german_gender_seed1,FixedAlpha_0.3,1,
22,23,0.71,0.20499999999999996,0.13999999999999996,z9knkkxv,fixed_alpha0.3_german_gender_seed1,FixedAlpha_0.3,1,
23,24,0.705,0.20499999999999996,0.12749999999999995,z9knkkxv,fixed_alpha0.3_german_gender_seed1,FixedAlpha_0.3,1,
24,25,0.695,0.18499999999999994,0.11749999999999994,z9knkkxv,fixed_alpha0.3_german_gender_seed1,FixedAlpha_0.3,1,
25,26,0.7,0.16000000000000003,0.10499999999999998,z9knkkxv,fixed_alpha0.3_german_gender_seed1,FixedAlpha_0.3,1,
26,27,0.7,0.16000000000000003,0.10499999999999998,z9knkkxv,fixed_alpha0.3_german_gender_seed1,FixedAlpha_0.3,1,
27,28,0.7,0.16000000000000003,0.10499999999999998,z9knkkxv,fixed_alpha0.3_german_gender_seed1,FixedAlpha_0.3,1,
28,29,0.695,0.15000000000000002,0.09999999999999998,z9knkkxv,fixed_alpha0.3_german_gender_seed1,FixedAlpha_0.3,1,
29,30,0.69,0.17499999999999993,0.11249999999999993,z9knkkxv,fixed_alpha0.3_german_gender_seed1,FixedAlpha_0.3,1,
0,1,0.655,0.019999999999999907,0.07249999999999995,xe693cd5,fixed_alpha0.3_german_gender_seed4,FixedAlpha_0.3,4,
1,2,0.68,0.05500000000000005,0.040000000000000036,xe693cd5,fixed_alpha0.3_german_gender_seed4,FixedAlpha_0.3,4,
2,3,0.69,0.06999999999999995,0.04749999999999999,xe693cd5,fixed_alpha0.3_german_gender_seed4,FixedAlpha_0.3,4,
3,4,0.7,0.030000000000000027,0.02749999999999997,xe693cd5,fixed_alpha0.3_german_gender_seed4,FixedAlpha_0.3,4,
4,5,0.705,0.0050000000000000044,0.014999999999999958,xe693cd5,fixed_alpha0.3_german_gender_seed4,FixedAlpha_0.3,4,
5,6,0.715,0.0050000000000000044,0.0025000000000000022,xe693cd5,fixed_alpha0.3_german_gender_seed4,FixedAlpha_0.3,4,
6,7,0.725,0.0050000000000000044,0.027500000000000024,xe693cd5,fixed_alpha0.3_german_gender_seed4,FixedAlpha_0.3,4,
7,8,0.755,0.015000000000000013,0.03250000000000003,xe693cd5,fixed_alpha0.3_german_gender_seed4,FixedAlpha_0.3,4,
8,9,0.76,0.010000000000000009,0.0050000000000000044,xe693cd5,fixed_alpha0.3_german_gender_seed4,FixedAlpha_0.3,4,
9,10,0.765,0.0,0.012500000000000011,xe693cd5,fixed_alpha0.3_german_gender_seed4,FixedAlpha_0.3,4,
10,11,0.75,0.0050000000000000044,0.040000000000000036,xe693cd5,fixed_alpha0.3_german_gender_seed4,FixedAlpha_0.3,4,
11,12,0.76,0.020000000000000018,0.04749999999999999,xe693cd5,fixed_alpha0.3_german_gender_seed4,FixedAlpha_0.3,4,
12,13,0.755,0.0,0.0625,xe693cd5,fixed_alpha0.3_german_gender_seed4,FixedAlpha_0.3,4,
13,14,0.75,0.020000000000000018,0.06,xe693cd5,fixed_alpha0.3_german_gender_seed4,FixedAlpha_0.3,4,
14,15,0.745,0.030000000000000027,0.065,xe693cd5,fixed_alpha0.3_german_gender_seed4,FixedAlpha_0.3,4,
15,16,0.745,0.030000000000000027,0.065,xe693cd5,fixed_alpha0.3_german_gender_seed4,FixedAlpha_0.3,4,
16,17,0.745,0.030000000000000027,0.065,xe693cd5,fixed_alpha0.3_german_gender_seed4,FixedAlpha_0.3,4,
17,18,0.74,0.0050000000000000044,0.05249999999999999,xe693cd5,fixed_alpha0.3_german_gender_seed4,FixedAlpha_0.3,4,
18,19,0.745,0.0050000000000000044,0.05249999999999999,xe693cd5,fixed_alpha0.3_german_gender_seed4,FixedAlpha_0.3,4,
19,20,0.745,0.0050000000000000044,0.014999999999999958,xe693cd5,fixed_alpha0.3_german_gender_seed4,FixedAlpha_0.3,4,
20,21,0.745,0.0050000000000000044,0.014999999999999958,xe693cd5,fixed_alpha0.3_german_gender_seed4,FixedAlpha_0.3,4,
21,22,0.74,0.0050000000000000044,0.014999999999999958,xe693cd5,fixed_alpha0.3_german_gender_seed4,FixedAlpha_0.3,4,
22,23,0.745,0.0050000000000000044,0.03999999999999998,xe693cd5,fixed_alpha0.3_german_gender_seed4,FixedAlpha_0.3,4,
23,24,0.74,0.015000000000000013,0.044999999999999984,xe693cd5,fixed_alpha0.3_german_gender_seed4,FixedAlpha_0.3,4,
24,25,0.73,0.025000000000000022,0.024999999999999967,xe693cd5,fixed_alpha0.3_german_gender_seed4,FixedAlpha_0.3,4,
25,26,0.73,0.03500000000000003,0.017500000000000016,xe693cd5,fixed_alpha0.3_german_gender_seed4,FixedAlpha_0.3,4,
26,27,0.73,0.03500000000000003,0.017500000000000016,xe693cd5,fixed_alpha0.3_german_gender_seed4,FixedAlpha_0.3,4,
27,28,0.725,0.05999999999999994,0.02999999999999997,xe693cd5,fixed_alpha0.3_german_gender_seed4,FixedAlpha_0.3,4,
28,29,0.73,0.03500000000000003,0.017500000000000016,xe693cd5,fixed_alpha0.3_german_gender_seed4,FixedAlpha_0.3,4,
29,30,0.73,0.03500000000000003,0.017500000000000016,xe693cd5,fixed_alpha0.3_german_gender_seed4,FixedAlpha_0.3,4,
0,1,0.54,0.0050000000000000044,0.04000000000000001,66su4ayb,fixed_alpha0.3_german_gender_seed5,FixedAlpha_0.3,5,
1,2,0.6,0.015000000000000013,0.05750000000000002,66su4ayb,fixed_alpha0.3_german_gender_seed5,FixedAlpha_0.3,5,
2,3,0.685,0.08499999999999996,0.14250000000000002,66su4ayb,fixed_alpha0.3_german_gender_seed5,FixedAlpha_0.3,5,
3,4,0.71,0.09999999999999998,0.1375,66su4ayb,fixed_alpha0.3_german_gender_seed5,FixedAlpha_0.3,5,
4,5,0.71,0.03499999999999992,0.09249999999999992,66su4ayb,fixed_alpha0.3_german_gender_seed5,FixedAlpha_0.3,5,
5,6,0.705,0.05499999999999994,0.06499999999999995,66su4ayb,fixed_alpha0.3_german_gender_seed5,FixedAlpha_0.3,5,
6,7,0.7,0.05499999999999994,0.052499999999999936,66su4ayb,fixed_alpha0.3_german_gender_seed5,FixedAlpha_0.3,5,
7,8,0.71,0.06499999999999995,0.06999999999999995,66su4ayb,fixed_alpha0.3_german_gender_seed5,FixedAlpha_0.3,5,
8,9,0.725,0.06499999999999995,0.10749999999999993,66su4ayb,fixed_alpha0.3_german_gender_seed5,FixedAlpha_0.3,5,
9,10,0.725,0.06999999999999995,0.14749999999999996,66su4ayb,fixed_alpha0.3_german_gender_seed5,FixedAlpha_0.3,5,
10,11,0.72,0.0,0.11249999999999999,66su4ayb,fixed_alpha0.3_german_gender_seed5,FixedAlpha_0.3,5,
11,12,0.715,0.030000000000000027,0.12750000000000006,66su4ayb,fixed_alpha0.3_german_gender_seed5,FixedAlpha_0.3,5,
12,13,0.705,0.05999999999999994,0.12999999999999995,66su4ayb,fixed_alpha0.3_german_gender_seed5,FixedAlpha_0.3,5,
13,14,0.715,0.04999999999999993,0.08749999999999997,66su4ayb,fixed_alpha0.3_german_gender_seed5,FixedAlpha_0.3,5,
14,15,0.71,0.039999999999999925,0.08249999999999996,66su4ayb,fixed_alpha0.3_german_gender_seed5,FixedAlpha_0.3,5,
15,16,0.72,0.039999999999999925,0.06999999999999995,66su4ayb,fixed_alpha0.3_german_gender_seed5,FixedAlpha_0.3,5,
16,17,0.725,0.04999999999999993,0.07499999999999996,66su4ayb,fixed_alpha0.3_german_gender_seed5,FixedAlpha_0.3,5,
17,18,0.735,0.05999999999999994,0.09249999999999997,66su4ayb,fixed_alpha0.3_german_gender_seed5,FixedAlpha_0.3,5,
18,19,0.73,0.08499999999999996,0.10499999999999998,66su4ayb,fixed_alpha0.3_german_gender_seed5,FixedAlpha_0.3,5,
19,20,0.725,0.07499999999999996,0.13749999999999998,66su4ayb,fixed_alpha0.3_german_gender_seed5,FixedAlpha_0.3,5,
20,21,0.73,0.07499999999999996,0.11249999999999996,66su4ayb,fixed_alpha0.3_german_gender_seed5,FixedAlpha_0.3,5,
21,22,0.73,0.09999999999999998,0.13749999999999998,66su4ayb,fixed_alpha0.3_german_gender_seed5,FixedAlpha_0.3,5,
22,23,0.735,0.09999999999999998,0.11250000000000002,66su4ayb,fixed_alpha0.3_german_gender_seed5,FixedAlpha_0.3,5,
23,24,0.735,0.09999999999999998,0.11250000000000002,66su4ayb,fixed_alpha0.3_german_gender_seed5,FixedAlpha_0.3,5,
24,25,0.735,0.09999999999999998,0.11250000000000002,66su4ayb,fixed_alpha0.3_german_gender_seed5,FixedAlpha_0.3,5,
25,26,0.73,0.08999999999999997,0.10750000000000001,66su4ayb,fixed_alpha0.3_german_gender_seed5,FixedAlpha_0.3,5,
26,27,0.73,0.08999999999999997,0.10750000000000001,66su4ayb,fixed_alpha0.3_german_gender_seed5,FixedAlpha_0.3,5,
27,28,0.735,0.06499999999999995,0.095,66su4ayb,fixed_alpha0.3_german_gender_seed5,FixedAlpha_0.3,5,
28,29,0.735,0.06499999999999995,0.095,66su4ayb,fixed_alpha0.3_german_gender_seed5,FixedAlpha_0.3,5,
29,30,0.735,0.06499999999999995,0.095,66su4ayb,fixed_alpha0.3_german_gender_seed5,FixedAlpha_0.3,5,
0,1,0.605,0.010000000000000009,0.13,mup2zqfv,fixed_alpha0.3_german_gender_seed3,FixedAlpha_0.3,3,
1,2,0.685,0.03500000000000003,0.0675,mup2zqfv,fixed_alpha0.3_german_gender_seed3,FixedAlpha_0.3,3,
2,3,0.705,0.020000000000000018,0.010000000000000009,mup2zqfv,fixed_alpha0.3_german_gender_seed3,FixedAlpha_0.3,3,
3,4,0.71,0.015000000000000013,0.03249999999999997,mup2zqfv,fixed_alpha0.3_german_gender_seed3,FixedAlpha_0.3,3,
4,5,0.705,0.015000000000000013,0.044999999999999984,mup2zqfv,fixed_alpha0.3_german_gender_seed3,FixedAlpha_0.3,3,
5,6,0.705,0.015000000000000013,0.007500000000000007,mup2zqfv,fixed_alpha0.3_german_gender_seed3,FixedAlpha_0.3,3,
6,7,0.705,0.015000000000000013,0.007500000000000007,mup2zqfv,fixed_alpha0.3_german_gender_seed3,FixedAlpha_0.3,3,
7,8,0.705,0.0050000000000000044,0.02749999999999997,mup2zqfv,fixed_alpha0.3_german_gender_seed3,FixedAlpha_0.3,3,
8,9,0.715,0.0050000000000000044,0.027500000000000024,mup2zqfv,fixed_alpha0.3_german_gender_seed3,FixedAlpha_0.3,3,
9,10,0.715,0.015000000000000013,0.057499999999999996,mup2zqfv,fixed_alpha0.3_german_gender_seed3,FixedAlpha_0.3,3,
10,11,0.72,0.010000000000000009,0.02999999999999997,mup2zqfv,fixed_alpha0.3_german_gender_seed3,FixedAlpha_0.3,3,
11,12,0.735,0.03499999999999992,0.0675,mup2zqfv,fixed_alpha0.3_german_gender_seed3,FixedAlpha_0.3,3,
12,13,0.75,0.03499999999999992,0.06749999999999995,mup2zqfv,fixed_alpha0.3_german_gender_seed3,FixedAlpha_0.3,3,
13,14,0.755,0.05999999999999994,0.05499999999999994,mup2zqfv,fixed_alpha0.3_german_gender_seed3,FixedAlpha_0.3,3,
14,15,0.765,0.06499999999999995,0.03249999999999997,mup2zqfv,fixed_alpha0.3_german_gender_seed3,FixedAlpha_0.3,3,
15,16,0.77,0.06499999999999995,0.044999999999999984,mup2zqfv,fixed_alpha0.3_german_gender_seed3,FixedAlpha_0.3,3,
16,17,0.785,0.06499999999999995,0.057499999999999996,mup2zqfv,fixed_alpha0.3_german_gender_seed3,FixedAlpha_0.3,3,
17,18,0.775,0.07000000000000006,0.08500000000000005,mup2zqfv,fixed_alpha0.3_german_gender_seed3,FixedAlpha_0.3,3,
18,19,0.775,0.050000000000000044,0.05000000000000002,mup2zqfv,fixed_alpha0.3_german_gender_seed3,FixedAlpha_0.3,3,
19,20,0.755,0.010000000000000009,0.03,mup2zqfv,fixed_alpha0.3_german_gender_seed3,FixedAlpha_0.3,3,
20,21,0.755,0.010000000000000009,0.03,mup2zqfv,fixed_alpha0.3_german_gender_seed3,FixedAlpha_0.3,3,
21,22,0.755,0.0,0.012499999999999983,mup2zqfv,fixed_alpha0.3_german_gender_seed3,FixedAlpha_0.3,3,
22,23,0.745,0.04999999999999993,0.03749999999999995,mup2zqfv,fixed_alpha0.3_german_gender_seed3,FixedAlpha_0.3,3,
23,24,0.74,0.039999999999999925,0.032499999999999946,mup2zqfv,fixed_alpha0.3_german_gender_seed3,FixedAlpha_0.3,3,
24,25,0.73,0.05499999999999994,0.03999999999999995,mup2zqfv,fixed_alpha0.3_german_gender_seed3,FixedAlpha_0.3,3,
25,26,0.725,0.04499999999999993,0.03499999999999995,mup2zqfv,fixed_alpha0.3_german_gender_seed3,FixedAlpha_0.3,3,
26,27,0.72,0.04499999999999993,0.034999999999999976,mup2zqfv,fixed_alpha0.3_german_gender_seed3,FixedAlpha_0.3,3,
27,28,0.715,0.04499999999999993,0.06,mup2zqfv,fixed_alpha0.3_german_gender_seed3,FixedAlpha_0.3,3,
28,29,0.715,0.04499999999999993,0.06,mup2zqfv,fixed_alpha0.3_german_gender_seed3,FixedAlpha_0.3,3,
29,30,0.715,0.04499999999999993,0.06,mup2zqfv,fixed_alpha0.3_german_gender_seed3,FixedAlpha_0.3,3,
0,1,0.62,0.06499999999999995,0.07,fa8hsr4k,fixed_alpha0.3_german_gender_seed6,FixedAlpha_0.3,6,
1,2,0.62,0.025000000000000022,0.08750000000000002,fa8hsr4k,fixed_alpha0.3_german_gender_seed6,FixedAlpha_0.3,6,
2,3,0.65,0.015000000000000013,0.08250000000000002,fa8hsr4k,fixed_alpha0.3_german_gender_seed6,FixedAlpha_0.3,6,
3,4,0.66,0.03500000000000003,0.05499999999999999,fa8hsr4k,fixed_alpha0.3_german_gender_seed6,FixedAlpha_0.3,6,
4,5,0.68,0.025000000000000022,0.050000000000000044,fa8hsr4k,fixed_alpha0.3_german_gender_seed6,FixedAlpha_0.3,6,
5,6,0.685,0.015000000000000013,0.04500000000000004,fa8hsr4k,fixed_alpha0.3_german_gender_seed6,FixedAlpha_0.3,6,
6,7,0.68,0.010000000000000009,0.01749999999999996,fa8hsr4k,fixed_alpha0.3_german_gender_seed6,FixedAlpha_0.3,6,
7,8,0.715,0.030000000000000027,0.05250000000000005,fa8hsr4k,fixed_alpha0.3_german_gender_seed6,FixedAlpha_0.3,6,
8,9,0.715,0.05500000000000005,0.05250000000000005,fa8hsr4k,fixed_alpha0.3_german_gender_seed6,FixedAlpha_0.3,6,
9,10,0.71,0.03500000000000003,0.030000000000000027,fa8hsr4k,fixed_alpha0.3_german_gender_seed6,FixedAlpha_0.3,6,
10,11,0.715,0.03500000000000003,0.017500000000000016,fa8hsr4k,fixed_alpha0.3_german_gender_seed6,FixedAlpha_0.3,6,
11,12,0.71,0.015000000000000013,0.020000000000000018,fa8hsr4k,fixed_alpha0.3_german_gender_seed6,FixedAlpha_0.3,6,
12,13,0.715,0.025000000000000022,0.025000000000000022,fa8hsr4k,fixed_alpha0.3_german_gender_seed6,FixedAlpha_0.3,6,
13,14,0.72,0.04999999999999993,0.062499999999999944,fa8hsr4k,fixed_alpha0.3_german_gender_seed6,FixedAlpha_0.3,6,
14,15,0.715,0.10999999999999999,0.09249999999999997,fa8hsr4k,fixed_alpha0.3_german_gender_seed6,FixedAlpha_0.3,6,
15,16,0.715,0.135,0.1175,fa8hsr4k,fixed_alpha0.3_german_gender_seed6,FixedAlpha_0.3,6,
16,17,0.715,0.135,0.1175,fa8hsr4k,fixed_alpha0.3_german_gender_seed6,FixedAlpha_0.3,6,
17,18,0.71,0.125,0.11249999999999999,fa8hsr4k,fixed_alpha0.3_german_gender_seed6,FixedAlpha_0.3,6,
18,19,0.715,0.125,0.125,fa8hsr4k,fixed_alpha0.3_german_gender_seed6,FixedAlpha_0.3,6,
19,20,0.71,0.11499999999999999,0.12,fa8hsr4k,fixed_alpha0.3_german_gender_seed6,FixedAlpha_0.3,6,
20,21,0.72,0.08999999999999997,0.11999999999999997,fa8hsr4k,fixed_alpha0.3_german_gender_seed6,FixedAlpha_0.3,6,
21,22,0.715,0.10499999999999998,0.13999999999999999,fa8hsr4k,fixed_alpha0.3_german_gender_seed6,FixedAlpha_0.3,6,
22,23,0.715,0.10499999999999998,0.13999999999999999,fa8hsr4k,fixed_alpha0.3_german_gender_seed6,FixedAlpha_0.3,6,
23,24,0.71,0.13,0.1525,fa8hsr4k,fixed_alpha0.3_german_gender_seed6,FixedAlpha_0.3,6,
24,25,0.71,0.13,0.1525,fa8hsr4k,fixed_alpha0.3_german_gender_seed6,FixedAlpha_0.3,6,
25,26,0.71,0.13,0.1525,fa8hsr4k,fixed_alpha0.3_german_gender_seed6,FixedAlpha_0.3,6,
26,27,0.71,0.13,0.1525,fa8hsr4k,fixed_alpha0.3_german_gender_seed6,FixedAlpha_0.3,6,
27,28,0.7,0.12,0.13499999999999998,fa8hsr4k,fixed_alpha0.3_german_gender_seed6,FixedAlpha_0.3,6,
28,29,0.7,0.12,0.13499999999999998,fa8hsr4k,fixed_alpha0.3_german_gender_seed6,FixedAlpha_0.3,6,
29,30,0.7,0.12,0.13499999999999998,fa8hsr4k,fixed_alpha0.3_german_gender_seed6,FixedAlpha_0.3,6,
0,1,0.465,0.17500000000000004,0.13750000000000004,ozifj3qj,fixed_alpha0.3_german_gender_seed7,FixedAlpha_0.3,7,
1,2,0.565,0.14500000000000002,0.1225,ozifj3qj,fixed_alpha0.3_german_gender_seed7,FixedAlpha_0.3,7,
2,3,0.625,0.125,0.10000000000000003,ozifj3qj,fixed_alpha0.3_german_gender_seed7,FixedAlpha_0.3,7,
3,4,0.665,0.040000000000000036,0.03249999999999997,ozifj3qj,fixed_alpha0.3_german_gender_seed7,FixedAlpha_0.3,7,
4,5,0.715,0.0,0.012500000000000011,ozifj3qj,fixed_alpha0.3_german_gender_seed7,FixedAlpha_0.3,7,
5,6,0.705,0.010000000000000009,0.030000000000000027,ozifj3qj,fixed_alpha0.3_german_gender_seed7,FixedAlpha_0.3,7,
6,7,0.715,0.020000000000000018,0.02250000000000002,ozifj3qj,fixed_alpha0.3_german_gender_seed7,FixedAlpha_0.3,7,
7,8,0.715,0.020000000000000018,0.02250000000000002,ozifj3qj,fixed_alpha0.3_german_gender_seed7,FixedAlpha_0.3,7,
8,9,0.72,0.010000000000000009,0.02999999999999997,ozifj3qj,fixed_alpha0.3_german_gender_seed7,FixedAlpha_0.3,7,
9,10,0.725,0.010000000000000009,0.017500000000000016,ozifj3qj,fixed_alpha0.3_german_gender_seed7,FixedAlpha_0.3,7,
10,11,0.71,0.04999999999999993,0.03749999999999998,ozifj3qj,fixed_alpha0.3_german_gender_seed7,FixedAlpha_0.3,7,
11,12,0.715,0.04500000000000004,0.06,ozifj3qj,fixed_alpha0.3_german_gender_seed7,FixedAlpha_0.3,7,
12,13,0.74,0.04500000000000004,0.07250000000000001,ozifj3qj,fixed_alpha0.3_german_gender_seed7,FixedAlpha_0.3,7,
13,14,0.735,0.05500000000000005,0.040000000000000036,ozifj3qj,fixed_alpha0.3_german_gender_seed7,FixedAlpha_0.3,7,
14,15,0.725,0.0050000000000000044,0.015000000000000013,ozifj3qj,fixed_alpha0.3_german_gender_seed7,FixedAlpha_0.3,7,
15,16,0.72,0.010000000000000009,0.04249999999999998,ozifj3qj,fixed_alpha0.3_german_gender_seed7,FixedAlpha_0.3,7,
16,17,0.73,0.020000000000000018,0.034999999999999976,ozifj3qj,fixed_alpha0.3_german_gender_seed7,FixedAlpha_0.3,7,
17,18,0.73,0.020000000000000018,0.034999999999999976,ozifj3qj,fixed_alpha0.3_german_gender_seed7,FixedAlpha_0.3,7,
18,19,0.73,0.020000000000000018,0.034999999999999976,ozifj3qj,fixed_alpha0.3_german_gender_seed7,FixedAlpha_0.3,7,
19,20,0.725,0.04500000000000004,0.04749999999999999,ozifj3qj,fixed_alpha0.3_german_gender_seed7,FixedAlpha_0.3,7,
20,21,0.725,0.04500000000000004,0.04749999999999999,ozifj3qj,fixed_alpha0.3_german_gender_seed7,FixedAlpha_0.3,7,
21,22,0.73,0.05500000000000005,0.05249999999999999,ozifj3qj,fixed_alpha0.3_german_gender_seed7,FixedAlpha_0.3,7,
22,23,0.72,0.07999999999999996,0.03999999999999998,ozifj3qj,fixed_alpha0.3_german_gender_seed7,FixedAlpha_0.3,7,
23,24,0.72,0.05999999999999994,0.05499999999999994,ozifj3qj,fixed_alpha0.3_german_gender_seed7,FixedAlpha_0.3,7,
24,25,0.72,0.05999999999999994,0.05499999999999994,ozifj3qj,fixed_alpha0.3_german_gender_seed7,FixedAlpha_0.3,7,
25,26,0.725,0.05999999999999994,0.02999999999999997,ozifj3qj,fixed_alpha0.3_german_gender_seed7,FixedAlpha_0.3,7,
26,27,0.725,0.05999999999999994,0.02999999999999997,ozifj3qj,fixed_alpha0.3_german_gender_seed7,FixedAlpha_0.3,7,
27,28,0.725,0.05999999999999994,0.02999999999999997,ozifj3qj,fixed_alpha0.3_german_gender_seed7,FixedAlpha_0.3,7,
28,29,0.725,0.05999999999999994,0.02999999999999997,ozifj3qj,fixed_alpha0.3_german_gender_seed7,FixedAlpha_0.3,7,
29,30,0.725,0.05999999999999994,0.02999999999999997,ozifj3qj,fixed_alpha0.3_german_gender_seed7,FixedAlpha_0.3,7,
0,1,0.62,0.04999999999999993,0.04999999999999993,8i6bdog6,fixed_alpha0.3_german_gender_seed8,FixedAlpha_0.3,8,
1,2,0.665,0.07499999999999996,0.07499999999999996,8i6bdog6,fixed_alpha0.3_german_gender_seed8,FixedAlpha_0.3,8,
2,3,0.68,0.06999999999999995,0.07249999999999995,8i6bdog6,fixed_alpha0.3_german_gender_seed8,FixedAlpha_0.3,8,
3,4,0.69,0.06499999999999995,0.057499999999999996,8i6bdog6,fixed_alpha0.3_german_gender_seed8,FixedAlpha_0.3,8,
4,5,0.69,0.040000000000000036,0.03250000000000003,8i6bdog6,fixed_alpha0.3_german_gender_seed8,FixedAlpha_0.3,8,
5,6,0.705,0.040000000000000036,0.07,8i6bdog6,fixed_alpha0.3_german_gender_seed8,FixedAlpha_0.3,8,
6,7,0.7,0.020000000000000018,0.07250000000000001,8i6bdog6,fixed_alpha0.3_german_gender_seed8,FixedAlpha_0.3,8,
7,8,0.71,0.04499999999999993,0.08499999999999996,8i6bdog6,fixed_alpha0.3_german_gender_seed8,FixedAlpha_0.3,8,
8,9,0.72,0.04999999999999993,0.14999999999999997,8i6bdog6,fixed_alpha0.3_german_gender_seed8,FixedAlpha_0.3,8,
9,10,0.72,0.020000000000000018,0.09749999999999998,8i6bdog6,fixed_alpha0.3_german_gender_seed8,FixedAlpha_0.3,8,
10,11,0.72,0.03500000000000003,0.09250000000000003,8i6bdog6,fixed_alpha0.3_german_gender_seed8,FixedAlpha_0.3,8,
11,12,0.76,0.03500000000000003,0.04249999999999998,8i6bdog6,fixed_alpha0.3_german_gender_seed8,FixedAlpha_0.3,8,
12,13,0.745,0.040000000000000036,0.044999999999999984,8i6bdog6,fixed_alpha0.3_german_gender_seed8,FixedAlpha_0.3,8,
13,14,0.75,0.030000000000000027,0.027500000000000024,8i6bdog6,fixed_alpha0.3_german_gender_seed8,FixedAlpha_0.3,8,
14,15,0.74,0.04500000000000004,0.03500000000000003,8i6bdog6,fixed_alpha0.3_german_gender_seed8,FixedAlpha_0.3,8,
15,16,0.735,0.03500000000000003,0.030000000000000027,8i6bdog6,fixed_alpha0.3_german_gender_seed8,FixedAlpha_0.3,8,
16,17,0.74,0.010000000000000009,0.017500000000000016,8i6bdog6,fixed_alpha0.3_german_gender_seed8,FixedAlpha_0.3,8,
17,18,0.735,0.0,0.012500000000000011,8i6bdog6,fixed_alpha0.3_german_gender_seed8,FixedAlpha_0.3,8,
18,19,0.735,0.0,0.012500000000000011,8i6bdog6,fixed_alpha0.3_german_gender_seed8,FixedAlpha_0.3,8,
19,20,0.72,0.030000000000000027,0.027500000000000024,8i6bdog6,fixed_alpha0.3_german_gender_seed8,FixedAlpha_0.3,8,
20,21,0.715,0.0050000000000000044,0.015000000000000013,8i6bdog6,fixed_alpha0.3_german_gender_seed8,FixedAlpha_0.3,8,
21,22,0.715,0.0050000000000000044,0.015000000000000013,8i6bdog6,fixed_alpha0.3_german_gender_seed8,FixedAlpha_0.3,8,
22,23,0.71,0.014999999999999902,0.019999999999999962,8i6bdog6,fixed_alpha0.3_german_gender_seed8,FixedAlpha_0.3,8,
23,24,0.715,0.014999999999999902,0.03249999999999997,8i6bdog6,fixed_alpha0.3_german_gender_seed8,FixedAlpha_0.3,8,
24,25,0.72,0.0050000000000000044,0.027500000000000024,8i6bdog6,fixed_alpha0.3_german_gender_seed8,FixedAlpha_0.3,8,
25,26,0.72,0.0050000000000000044,0.027500000000000024,8i6bdog6,fixed_alpha0.3_german_gender_seed8,FixedAlpha_0.3,8,
26,27,0.72,0.0050000000000000044,0.027500000000000024,8i6bdog6,fixed_alpha0.3_german_gender_seed8,FixedAlpha_0.3,8,
27,28,0.715,0.019999999999999907,0.034999999999999976,8i6bdog6,fixed_alpha0.3_german_gender_seed8,FixedAlpha_0.3,8,
28,29,0.715,0.019999999999999907,0.034999999999999976,8i6bdog6,fixed_alpha0.3_german_gender_seed8,FixedAlpha_0.3,8,
29,30,0.715,0.019999999999999907,0.034999999999999976,8i6bdog6,fixed_alpha0.3_german_gender_seed8,FixedAlpha_0.3,8,
0,1,0.42,0.0050000000000000044,0.027500000000000024,mob0zuc2,fixed_alpha0.3_german_gender_seed9,FixedAlpha_0.3,9,
1,2,0.5,0.04499999999999993,0.05999999999999994,mob0zuc2,fixed_alpha0.3_german_gender_seed9,FixedAlpha_0.3,9,
2,3,0.605,0.04499999999999993,0.034999999999999976,mob0zuc2,fixed_alpha0.3_german_gender_seed9,FixedAlpha_0.3,9,
3,4,0.665,0.025000000000000022,0.03750000000000003,mob0zuc2,fixed_alpha0.3_german_gender_seed9,FixedAlpha_0.3,9,
4,5,0.705,0.015000000000000013,0.044999999999999984,mob0zuc2,fixed_alpha0.3_german_gender_seed9,FixedAlpha_0.3,9,
5,6,0.71,0.0050000000000000044,0.03999999999999998,mob0zuc2,fixed_alpha0.3_german_gender_seed9,FixedAlpha_0.3,9,
6,7,0.715,0.050000000000000044,0.08750000000000002,mob0zuc2,fixed_alpha0.3_german_gender_seed9,FixedAlpha_0.3,9,
7,8,0.72,0.025000000000000022,0.0625,mob0zuc2,fixed_alpha0.3_german_gender_seed9,FixedAlpha_0.3,9,
8,9,0.725,0.03500000000000003,0.05499999999999999,mob0zuc2,fixed_alpha0.3_german_gender_seed9,FixedAlpha_0.3,9,
9,10,0.74,0.03500000000000003,0.017500000000000016,mob0zuc2,fixed_alpha0.3_german_gender_seed9,FixedAlpha_0.3,9,
10,11,0.74,0.039999999999999925,0.019999999999999962,mob0zuc2,fixed_alpha0.3_german_gender_seed9,FixedAlpha_0.3,9,
11,12,0.74,0.03500000000000003,0.0675,mob0zuc2,fixed_alpha0.3_german_gender_seed9,FixedAlpha_0.3,9,
12,13,0.745,0.015000000000000013,0.020000000000000018,mob0zuc2,fixed_alpha0.3_german_gender_seed9,FixedAlpha_0.3,9,
13,14,0.74,0.040000000000000036,0.03250000000000003,mob0zuc2,fixed_alpha0.3_german_gender_seed9,FixedAlpha_0.3,9,
14,15,0.735,0.05500000000000005,0.03999999999999998,mob0zuc2,fixed_alpha0.3_german_gender_seed9,FixedAlpha_0.3,9,
15,16,0.735,0.05500000000000005,0.05249999999999999,mob0zuc2,fixed_alpha0.3_german_gender_seed9,FixedAlpha_0.3,9,
16,17,0.735,0.07999999999999996,0.03999999999999998,mob0zuc2,fixed_alpha0.3_german_gender_seed9,FixedAlpha_0.3,9,
17,18,0.74,0.07999999999999996,0.05249999999999999,mob0zuc2,fixed_alpha0.3_german_gender_seed9,FixedAlpha_0.3,9,
18,19,0.74,0.07999999999999996,0.05249999999999999,mob0zuc2,fixed_alpha0.3_german_gender_seed9,FixedAlpha_0.3,9,
19,20,0.73,0.05999999999999994,0.04249999999999998,mob0zuc2,fixed_alpha0.3_german_gender_seed9,FixedAlpha_0.3,9,
20,21,0.73,0.05999999999999994,0.04249999999999998,mob0zuc2,fixed_alpha0.3_german_gender_seed9,FixedAlpha_0.3,9,
21,22,0.73,0.05999999999999994,0.04249999999999998,mob0zuc2,fixed_alpha0.3_german_gender_seed9,FixedAlpha_0.3,9,
22,23,0.73,0.05999999999999994,0.04249999999999998,mob0zuc2,fixed_alpha0.3_german_gender_seed9,FixedAlpha_0.3,9,
23,24,0.73,0.05999999999999994,0.04249999999999998,mob0zuc2,fixed_alpha0.3_german_gender_seed9,FixedAlpha_0.3,9,
24,25,0.735,0.03500000000000003,0.030000000000000027,mob0zuc2,fixed_alpha0.3_german_gender_seed9,FixedAlpha_0.3,9,
25,26,0.735,0.03500000000000003,0.030000000000000027,mob0zuc2,fixed_alpha0.3_german_gender_seed9,FixedAlpha_0.3,9,
26,27,0.735,0.03500000000000003,0.030000000000000027,mob0zuc2,fixed_alpha0.3_german_gender_seed9,FixedAlpha_0.3,9,
27,28,0.735,0.03500000000000003,0.030000000000000027,mob0zuc2,fixed_alpha0.3_german_gender_seed9,FixedAlpha_0.3,9,
28,29,0.73,0.05999999999999994,0.04249999999999998,mob0zuc2,fixed_alpha0.3_german_gender_seed9,FixedAlpha_0.3,9,
29,30,0.73,0.05999999999999994,0.04249999999999998,mob0zuc2,fixed_alpha0.3_german_gender_seed9,FixedAlpha_0.3,9,
0,1,0.675,0.07999999999999996,0.05249999999999999,q3vr3oai,fixed_alpha0.3_german_gender_seed11,FixedAlpha_0.3,11,
1,2,0.68,0.05499999999999994,0.03999999999999998,q3vr3oai,fixed_alpha0.3_german_gender_seed11,FixedAlpha_0.3,11,
2,3,0.68,0.10499999999999998,0.08999999999999997,q3vr3oai,fixed_alpha0.3_german_gender_seed11,FixedAlpha_0.3,11,
3,4,0.685,0.10499999999999998,0.10249999999999998,q3vr3oai,fixed_alpha0.3_german_gender_seed11,FixedAlpha_0.3,11,
4,5,0.68,0.09499999999999997,0.09749999999999998,q3vr3oai,fixed_alpha0.3_german_gender_seed11,FixedAlpha_0.3,11,
5,6,0.685,0.09499999999999997,0.10999999999999999,q3vr3oai,fixed_alpha0.3_german_gender_seed11,FixedAlpha_0.3,11,
6,7,0.685,0.09499999999999997,0.10999999999999999,q3vr3oai,fixed_alpha0.3_german_gender_seed11,FixedAlpha_0.3,11,
7,8,0.69,0.08499999999999996,0.05499999999999999,q3vr3oai,fixed_alpha0.3_german_gender_seed11,FixedAlpha_0.3,11,
8,9,0.69,0.05500000000000005,0.040000000000000036,q3vr3oai,fixed_alpha0.3_german_gender_seed11,FixedAlpha_0.3,11,
9,10,0.7,0.07000000000000006,0.06000000000000005,q3vr3oai,fixed_alpha0.3_german_gender_seed11,FixedAlpha_0.3,11,
10,11,0.715,0.06000000000000005,0.030000000000000027,q3vr3oai,fixed_alpha0.3_german_gender_seed11,FixedAlpha_0.3,11,
11,12,0.72,0.050000000000000044,0.04999999999999999,q3vr3oai,fixed_alpha0.3_german_gender_seed11,FixedAlpha_0.3,11,
12,13,0.71,0.08999999999999997,0.08249999999999996,q3vr3oai,fixed_alpha0.3_german_gender_seed11,FixedAlpha_0.3,11,
13,14,0.715,0.08999999999999997,0.09499999999999997,q3vr3oai,fixed_alpha0.3_german_gender_seed11,FixedAlpha_0.3,11,
14,15,0.71,0.11499999999999999,0.10749999999999998,q3vr3oai,fixed_alpha0.3_german_gender_seed11,FixedAlpha_0.3,11,
15,16,0.7,0.09499999999999997,0.09749999999999998,q3vr3oai,fixed_alpha0.3_german_gender_seed11,FixedAlpha_0.3,11,
16,17,0.7,0.10999999999999999,0.12999999999999995,q3vr3oai,fixed_alpha0.3_german_gender_seed11,FixedAlpha_0.3,11,
17,18,0.71,0.10999999999999999,0.15499999999999997,q3vr3oai,fixed_alpha0.3_german_gender_seed11,FixedAlpha_0.3,11,
18,19,0.71,0.10999999999999999,0.15499999999999997,q3vr3oai,fixed_alpha0.3_german_gender_seed11,FixedAlpha_0.3,11,
19,20,0.715,0.10999999999999999,0.16749999999999998,q3vr3oai,fixed_alpha0.3_german_gender_seed11,FixedAlpha_0.3,11,
20,21,0.715,0.10999999999999999,0.16749999999999998,q3vr3oai,fixed_alpha0.3_german_gender_seed11,FixedAlpha_0.3,11,
21,22,0.72,0.10999999999999999,0.17999999999999997,q3vr3oai,fixed_alpha0.3_german_gender_seed11,FixedAlpha_0.3,11,
22,23,0.71,0.08999999999999997,0.16999999999999996,q3vr3oai,fixed_alpha0.3_german_gender_seed11,FixedAlpha_0.3,11,
23,24,0.71,0.08999999999999997,0.16999999999999996,q3vr3oai,fixed_alpha0.3_german_gender_seed11,FixedAlpha_0.3,11,
24,25,0.705,0.11499999999999999,0.14500000000000002,q3vr3oai,fixed_alpha0.3_german_gender_seed11,FixedAlpha_0.3,11,
25,26,0.705,0.11499999999999999,0.14500000000000002,q3vr3oai,fixed_alpha0.3_german_gender_seed11,FixedAlpha_0.3,11,
26,27,0.71,0.11499999999999999,0.1575,q3vr3oai,fixed_alpha0.3_german_gender_seed11,FixedAlpha_0.3,11,
27,28,0.71,0.11499999999999999,0.1575,q3vr3oai,fixed_alpha0.3_german_gender_seed11,FixedAlpha_0.3,11,
28,29,0.7,0.10499999999999998,0.14,q3vr3oai,fixed_alpha0.3_german_gender_seed11,FixedAlpha_0.3,11,
29,30,0.705,0.11499999999999999,0.14500000000000002,q3vr3oai,fixed_alpha0.3_german_gender_seed11,FixedAlpha_0.3,11,
0,1,0.64,0.010000000000000009,0.04249999999999998,k9oe3ctp,fixed_alpha0.3_german_gender_seed10,FixedAlpha_0.3,10,
1,2,0.675,0.0,0.025000000000000022,k9oe3ctp,fixed_alpha0.3_german_gender_seed10,FixedAlpha_0.3,10,
2,3,0.69,0.020000000000000018,0.010000000000000009,k9oe3ctp,fixed_alpha0.3_german_gender_seed10,FixedAlpha_0.3,10,
3,4,0.705,0.0050000000000000044,0.014999999999999958,k9oe3ctp,fixed_alpha0.3_german_gender_seed10,FixedAlpha_0.3,10,
4,5,0.72,0.030000000000000027,0.027500000000000024,k9oe3ctp,fixed_alpha0.3_german_gender_seed10,FixedAlpha_0.3,10,
5,6,0.73,0.040000000000000036,0.03250000000000003,k9oe3ctp,fixed_alpha0.3_german_gender_seed10,FixedAlpha_0.3,10,
6,7,0.745,0.03500000000000003,0.08000000000000002,k9oe3ctp,fixed_alpha0.3_german_gender_seed10,FixedAlpha_0.3,10,
7,8,0.75,0.014999999999999902,0.03249999999999992,k9oe3ctp,fixed_alpha0.3_german_gender_seed10,FixedAlpha_0.3,10,
8,9,0.755,0.06499999999999995,0.044999999999999984,k9oe3ctp,fixed_alpha0.3_german_gender_seed10,FixedAlpha_0.3,10,
9,10,0.75,0.03500000000000003,0.017500000000000016,k9oe3ctp,fixed_alpha0.3_german_gender_seed10,FixedAlpha_0.3,10,
10,11,0.75,0.025000000000000022,0.03749999999999998,k9oe3ctp,fixed_alpha0.3_german_gender_seed10,FixedAlpha_0.3,10,
11,12,0.75,0.010000000000000009,0.02999999999999997,k9oe3ctp,fixed_alpha0.3_german_gender_seed10,FixedAlpha_0.3,10,
12,13,0.745,0.015000000000000013,0.03249999999999997,k9oe3ctp,fixed_alpha0.3_german_gender_seed10,FixedAlpha_0.3,10,
13,14,0.74,0.06500000000000006,0.044999999999999984,k9oe3ctp,fixed_alpha0.3_german_gender_seed10,FixedAlpha_0.3,10,
14,15,0.735,0.04500000000000004,0.02250000000000002,k9oe3ctp,fixed_alpha0.3_german_gender_seed10,FixedAlpha_0.3,10,
15,16,0.74,0.07999999999999996,0.05249999999999999,k9oe3ctp,fixed_alpha0.3_german_gender_seed10,FixedAlpha_0.3,10,
16,17,0.74,0.07999999999999996,0.05249999999999999,k9oe3ctp,fixed_alpha0.3_german_gender_seed10,FixedAlpha_0.3,10,
17,18,0.745,0.07999999999999996,0.065,k9oe3ctp,fixed_alpha0.3_german_gender_seed10,FixedAlpha_0.3,10,
18,19,0.735,0.06999999999999995,0.08499999999999996,k9oe3ctp,fixed_alpha0.3_german_gender_seed10,FixedAlpha_0.3,10,
19,20,0.72,0.07499999999999996,0.08749999999999997,k9oe3ctp,fixed_alpha0.3_german_gender_seed10,FixedAlpha_0.3,10,
20,21,0.725,0.08499999999999996,0.09249999999999997,k9oe3ctp,fixed_alpha0.3_german_gender_seed10,FixedAlpha_0.3,10,
21,22,0.73,0.09499999999999997,0.09749999999999998,k9oe3ctp,fixed_alpha0.3_german_gender_seed10,FixedAlpha_0.3,10,
22,23,0.73,0.09499999999999997,0.09749999999999998,k9oe3ctp,fixed_alpha0.3_german_gender_seed10,FixedAlpha_0.3,10,
23,24,0.74,0.10499999999999998,0.11499999999999999,k9oe3ctp,fixed_alpha0.3_german_gender_seed10,FixedAlpha_0.3,10,
24,25,0.74,0.10499999999999998,0.11499999999999999,k9oe3ctp,fixed_alpha0.3_german_gender_seed10,FixedAlpha_0.3,10,
25,26,0.74,0.10499999999999998,0.11499999999999999,k9oe3ctp,fixed_alpha0.3_german_gender_seed10,FixedAlpha_0.3,10,
26,27,0.735,0.09499999999999997,0.10999999999999999,k9oe3ctp,fixed_alpha0.3_german_gender_seed10,FixedAlpha_0.3,10,
27,28,0.73,0.08499999999999996,0.10499999999999998,k9oe3ctp,fixed_alpha0.3_german_gender_seed10,FixedAlpha_0.3,10,
28,29,0.725,0.07499999999999996,0.09999999999999998,k9oe3ctp,fixed_alpha0.3_german_gender_seed10,FixedAlpha_0.3,10,
29,30,0.725,0.07499999999999996,0.09999999999999998,k9oe3ctp,fixed_alpha0.3_german_gender_seed10,FixedAlpha_0.3,10,
0,1,0.6,0.06499999999999995,0.195,xp4jcr0x,fixed_alpha0.3_german_gender_seed13,FixedAlpha_0.3,13,
1,2,0.645,0.030000000000000027,0.14,xp4jcr0x,fixed_alpha0.3_german_gender_seed13,FixedAlpha_0.3,13,
2,3,0.655,0.020000000000000018,0.06,xp4jcr0x,fixed_alpha0.3_german_gender_seed13,FixedAlpha_0.3,13,
3,4,0.685,0.04999999999999993,0.062499999999999944,xp4jcr0x,fixed_alpha0.3_german_gender_seed13,FixedAlpha_0.3,13,
4,5,0.695,0.03499999999999992,0.05499999999999994,xp4jcr0x,fixed_alpha0.3_german_gender_seed13,FixedAlpha_0.3,13,
5,6,0.69,0.02499999999999991,0.04999999999999993,xp4jcr0x,fixed_alpha0.3_german_gender_seed13,FixedAlpha_0.3,13,
6,7,0.68,0.039999999999999925,0.05749999999999994,xp4jcr0x,fixed_alpha0.3_german_gender_seed13,FixedAlpha_0.3,13,
7,8,0.69,0.04999999999999993,0.07499999999999996,xp4jcr0x,fixed_alpha0.3_german_gender_seed13,FixedAlpha_0.3,13,
8,9,0.69,0.039999999999999925,0.08249999999999996,xp4jcr0x,fixed_alpha0.3_german_gender_seed13,FixedAlpha_0.3,13,
9,10,0.7,0.039999999999999925,0.10749999999999993,xp4jcr0x,fixed_alpha0.3_german_gender_seed13,FixedAlpha_0.3,13,
10,11,0.71,0.030000000000000027,0.10250000000000004,xp4jcr0x,fixed_alpha0.3_german_gender_seed13,FixedAlpha_0.3,13,
11,12,0.71,0.08000000000000007,0.11500000000000005,xp4jcr0x,fixed_alpha0.3_german_gender_seed13,FixedAlpha_0.3,13,
12,13,0.705,0.12,0.1225,xp4jcr0x,fixed_alpha0.3_german_gender_seed13,FixedAlpha_0.3,13,
13,14,0.705,0.14500000000000002,0.10999999999999999,xp4jcr0x,fixed_alpha0.3_german_gender_seed13,FixedAlpha_0.3,13,
14,15,0.715,0.14500000000000002,0.09749999999999998,xp4jcr0x,fixed_alpha0.3_german_gender_seed13,FixedAlpha_0.3,13,
15,16,0.725,0.14500000000000002,0.1225,xp4jcr0x,fixed_alpha0.3_german_gender_seed13,FixedAlpha_0.3,13,
16,17,0.725,0.14500000000000002,0.1225,xp4jcr0x,fixed_alpha0.3_german_gender_seed13,FixedAlpha_0.3,13,
17,18,0.715,0.125,0.11249999999999999,xp4jcr0x,fixed_alpha0.3_german_gender_seed13,FixedAlpha_0.3,13,
18,19,0.71,0.11499999999999999,0.10749999999999998,xp4jcr0x,fixed_alpha0.3_german_gender_seed13,FixedAlpha_0.3,13,
19,20,0.71,0.11499999999999999,0.10749999999999998,xp4jcr0x,fixed_alpha0.3_german_gender_seed13,FixedAlpha_0.3,13,
20,21,0.72,0.14,0.08250000000000002,xp4jcr0x,fixed_alpha0.3_german_gender_seed13,FixedAlpha_0.3,13,
21,22,0.72,0.15500000000000003,0.11499999999999999,xp4jcr0x,fixed_alpha0.3_german_gender_seed13,FixedAlpha_0.3,13,
22,23,0.72,0.15500000000000003,0.11499999999999999,xp4jcr0x,fixed_alpha0.3_german_gender_seed13,FixedAlpha_0.3,13,
23,24,0.725,0.15500000000000003,0.09000000000000002,xp4jcr0x,fixed_alpha0.3_german_gender_seed13,FixedAlpha_0.3,13,
24,25,0.73,0.15500000000000003,0.10250000000000004,xp4jcr0x,fixed_alpha0.3_german_gender_seed13,FixedAlpha_0.3,13,
25,26,0.725,0.15500000000000003,0.09000000000000002,xp4jcr0x,fixed_alpha0.3_german_gender_seed13,FixedAlpha_0.3,13,
26,27,0.73,0.15500000000000003,0.10250000000000004,xp4jcr0x,fixed_alpha0.3_german_gender_seed13,FixedAlpha_0.3,13,
27,28,0.73,0.15500000000000003,0.10250000000000004,xp4jcr0x,fixed_alpha0.3_german_gender_seed13,FixedAlpha_0.3,13,
28,29,0.725,0.14500000000000002,0.09750000000000003,xp4jcr0x,fixed_alpha0.3_german_gender_seed13,FixedAlpha_0.3,13,
29,30,0.725,0.14500000000000002,0.09750000000000003,xp4jcr0x,fixed_alpha0.3_german_gender_seed13,FixedAlpha_0.3,13,
0,1,0.67,0.0,0.012500000000000011,cjab1qt6,fixed_alpha0.3_german_gender_seed12,FixedAlpha_0.3,12,
1,2,0.665,0.010000000000000009,0.017500000000000016,cjab1qt6,fixed_alpha0.3_german_gender_seed12,FixedAlpha_0.3,12,
2,3,0.675,0.010000000000000009,0.017500000000000016,cjab1qt6,fixed_alpha0.3_german_gender_seed12,FixedAlpha_0.3,12,
3,4,0.695,0.025000000000000022,0.03749999999999998,cjab1qt6,fixed_alpha0.3_german_gender_seed12,FixedAlpha_0.3,12,
4,5,0.7,0.03500000000000003,0.030000000000000027,cjab1qt6,fixed_alpha0.3_german_gender_seed12,FixedAlpha_0.3,12,
5,6,0.705,0.03500000000000003,0.04250000000000004,cjab1qt6,fixed_alpha0.3_german_gender_seed12,FixedAlpha_0.3,12,
6,7,0.71,0.03500000000000003,0.05500000000000005,cjab1qt6,fixed_alpha0.3_german_gender_seed12,FixedAlpha_0.3,12,
7,8,0.72,0.03500000000000003,0.08000000000000002,cjab1qt6,fixed_alpha0.3_german_gender_seed12,FixedAlpha_0.3,12,
8,9,0.725,0.030000000000000027,0.14,cjab1qt6,fixed_alpha0.3_german_gender_seed12,FixedAlpha_0.3,12,
9,10,0.725,0.04500000000000004,0.135,cjab1qt6,fixed_alpha0.3_german_gender_seed12,FixedAlpha_0.3,12,
10,11,0.72,0.07500000000000007,0.15000000000000008,cjab1qt6,fixed_alpha0.3_german_gender_seed12,FixedAlpha_0.3,12,
11,12,0.715,0.05500000000000005,0.15250000000000002,cjab1qt6,fixed_alpha0.3_german_gender_seed12,FixedAlpha_0.3,12,
12,13,0.73,0.05500000000000005,0.15250000000000002,cjab1qt6,fixed_alpha0.3_german_gender_seed12,FixedAlpha_0.3,12,
13,14,0.725,0.06999999999999995,0.13499999999999995,cjab1qt6,fixed_alpha0.3_german_gender_seed12,FixedAlpha_0.3,12,
14,15,0.73,0.05999999999999994,0.1175,cjab1qt6,fixed_alpha0.3_german_gender_seed12,FixedAlpha_0.3,12,
15,16,0.73,0.04999999999999993,0.08749999999999997,cjab1qt6,fixed_alpha0.3_german_gender_seed12,FixedAlpha_0.3,12,
16,17,0.725,0.09999999999999998,0.08750000000000002,cjab1qt6,fixed_alpha0.3_german_gender_seed12,FixedAlpha_0.3,12,
17,18,0.72,0.08999999999999997,0.08250000000000002,cjab1qt6,fixed_alpha0.3_german_gender_seed12,FixedAlpha_0.3,12,
18,19,0.715,0.08999999999999997,0.10749999999999998,cjab1qt6,fixed_alpha0.3_german_gender_seed12,FixedAlpha_0.3,12,
19,20,0.72,0.09999999999999998,0.11249999999999999,cjab1qt6,fixed_alpha0.3_german_gender_seed12,FixedAlpha_0.3,12,
20,21,0.72,0.09999999999999998,0.11249999999999999,cjab1qt6,fixed_alpha0.3_german_gender_seed12,FixedAlpha_0.3,12,
21,22,0.715,0.08999999999999997,0.10749999999999998,cjab1qt6,fixed_alpha0.3_german_gender_seed12,FixedAlpha_0.3,12,
22,23,0.72,0.08999999999999997,0.08250000000000002,cjab1qt6,fixed_alpha0.3_german_gender_seed12,FixedAlpha_0.3,12,
23,24,0.72,0.11499999999999999,0.07,cjab1qt6,fixed_alpha0.3_german_gender_seed12,FixedAlpha_0.3,12,
24,25,0.715,0.10499999999999998,0.065,cjab1qt6,fixed_alpha0.3_german_gender_seed12,FixedAlpha_0.3,12,
25,26,0.715,0.10499999999999998,0.065,cjab1qt6,fixed_alpha0.3_german_gender_seed12,FixedAlpha_0.3,12,
26,27,0.715,0.10499999999999998,0.065,cjab1qt6,fixed_alpha0.3_german_gender_seed12,FixedAlpha_0.3,12,
27,28,0.715,0.10499999999999998,0.065,cjab1qt6,fixed_alpha0.3_german_gender_seed12,FixedAlpha_0.3,12,
28,29,0.715,0.10499999999999998,0.065,cjab1qt6,fixed_alpha0.3_german_gender_seed12,FixedAlpha_0.3,12,
29,30,0.71,0.09499999999999997,0.06,cjab1qt6,fixed_alpha0.3_german_gender_seed12,FixedAlpha_0.3,12,
0,1,0.635,0.08000000000000007,0.040000000000000036,4rxnjflm,fixed_alpha0.3_german_gender_seed15,FixedAlpha_0.3,15,
1,2,0.71,0.020000000000000018,0.022499999999999964,4rxnjflm,fixed_alpha0.3_german_gender_seed15,FixedAlpha_0.3,15,
2,3,0.7,0.020000000000000018,0.03500000000000003,4rxnjflm,fixed_alpha0.3_german_gender_seed15,FixedAlpha_0.3,15,
3,4,0.7,0.020000000000000018,0.03500000000000003,4rxnjflm,fixed_alpha0.3_german_gender_seed15,FixedAlpha_0.3,15,
4,5,0.695,0.030000000000000027,0.040000000000000036,4rxnjflm,fixed_alpha0.3_german_gender_seed15,FixedAlpha_0.3,15,
5,6,0.705,0.030000000000000027,0.02749999999999997,4rxnjflm,fixed_alpha0.3_german_gender_seed15,FixedAlpha_0.3,15,
6,7,0.7,0.0050000000000000044,0.014999999999999958,4rxnjflm,fixed_alpha0.3_german_gender_seed15,FixedAlpha_0.3,15,
7,8,0.72,0.0050000000000000044,0.065,4rxnjflm,fixed_alpha0.3_german_gender_seed15,FixedAlpha_0.3,15,
8,9,0.715,0.03499999999999992,0.02999999999999997,4rxnjflm,fixed_alpha0.3_german_gender_seed15,FixedAlpha_0.3,15,
9,10,0.715,0.030000000000000027,0.040000000000000036,4rxnjflm,fixed_alpha0.3_german_gender_seed15,FixedAlpha_0.3,15,
10,11,0.715,0.05500000000000005,0.027500000000000024,4rxnjflm,fixed_alpha0.3_german_gender_seed15,FixedAlpha_0.3,15,
11,12,0.725,0.05500000000000005,0.040000000000000036,4rxnjflm,fixed_alpha0.3_german_gender_seed15,FixedAlpha_0.3,15,
12,13,0.715,0.07000000000000006,0.04750000000000004,4rxnjflm,fixed_alpha0.3_german_gender_seed15,FixedAlpha_0.3,15,
13,14,0.715,0.07000000000000006,0.04750000000000004,4rxnjflm,fixed_alpha0.3_german_gender_seed15,FixedAlpha_0.3,15,
14,15,0.72,0.07000000000000006,0.07250000000000001,4rxnjflm,fixed_alpha0.3_german_gender_seed15,FixedAlpha_0.3,15,
15,16,0.71,0.08500000000000008,0.08000000000000002,4rxnjflm,fixed_alpha0.3_german_gender_seed15,FixedAlpha_0.3,15,
16,17,0.725,0.08500000000000008,0.04250000000000004,4rxnjflm,fixed_alpha0.3_german_gender_seed15,FixedAlpha_0.3,15,
17,18,0.73,0.08500000000000008,0.06750000000000006,4rxnjflm,fixed_alpha0.3_german_gender_seed15,FixedAlpha_0.3,15,
18,19,0.735,0.08500000000000008,0.05500000000000005,4rxnjflm,fixed_alpha0.3_german_gender_seed15,FixedAlpha_0.3,15,
19,20,0.745,0.08500000000000008,0.0675,4rxnjflm,fixed_alpha0.3_german_gender_seed15,FixedAlpha_0.3,15,
20,21,0.745,0.08500000000000008,0.0675,4rxnjflm,fixed_alpha0.3_german_gender_seed15,FixedAlpha_0.3,15,
21,22,0.735,0.09999999999999998,0.07499999999999996,4rxnjflm,fixed_alpha0.3_german_gender_seed15,FixedAlpha_0.3,15,
22,23,0.73,0.125,0.08749999999999997,4rxnjflm,fixed_alpha0.3_german_gender_seed15,FixedAlpha_0.3,15,
23,24,0.72,0.10499999999999998,0.07749999999999996,4rxnjflm,fixed_alpha0.3_german_gender_seed15,FixedAlpha_0.3,15,
24,25,0.72,0.10499999999999998,0.07749999999999996,4rxnjflm,fixed_alpha0.3_german_gender_seed15,FixedAlpha_0.3,15,
25,26,0.715,0.13,0.08999999999999997,4rxnjflm,fixed_alpha0.3_german_gender_seed15,FixedAlpha_0.3,15,
26,27,0.715,0.13,0.08999999999999997,4rxnjflm,fixed_alpha0.3_german_gender_seed15,FixedAlpha_0.3,15,
27,28,0.715,0.13,0.08999999999999997,4rxnjflm,fixed_alpha0.3_german_gender_seed15,FixedAlpha_0.3,15,
28,29,0.71,0.12,0.08499999999999996,4rxnjflm,fixed_alpha0.3_german_gender_seed15,FixedAlpha_0.3,15,
29,30,0.71,0.12,0.08499999999999996,4rxnjflm,fixed_alpha0.3_german_gender_seed15,FixedAlpha_0.3,15,
0,1,0.385,0.09500000000000003,0.12250000000000001,dl4pozkh,fixed_alpha0.3_german_gender_seed14,FixedAlpha_0.3,14,
1,2,0.465,0.125,0.2375,dl4pozkh,fixed_alpha0.3_german_gender_seed14,FixedAlpha_0.3,14,
2,3,0.595,0.06999999999999995,0.18499999999999994,dl4pozkh,fixed_alpha0.3_german_gender_seed14,FixedAlpha_0.3,14,
3,4,0.66,0.020000000000000018,0.15999999999999998,dl4pozkh,fixed_alpha0.3_german_gender_seed14,FixedAlpha_0.3,14,
4,5,0.705,0.029999999999999916,0.11499999999999994,dl4pozkh,fixed_alpha0.3_german_gender_seed14,FixedAlpha_0.3,14,
5,6,0.7,0.03500000000000003,0.0675,dl4pozkh,fixed_alpha0.3_german_gender_seed14,FixedAlpha_0.3,14,
6,7,0.695,0.025000000000000022,0.03749999999999998,dl4pozkh,fixed_alpha0.3_german_gender_seed14,FixedAlpha_0.3,14,
7,8,0.7,0.015000000000000013,0.03249999999999997,dl4pozkh,fixed_alpha0.3_german_gender_seed14,FixedAlpha_0.3,14,
8,9,0.695,0.025000000000000022,0.03749999999999998,dl4pozkh,fixed_alpha0.3_german_gender_seed14,FixedAlpha_0.3,14,
9,10,0.7,0.0,0.04999999999999999,dl4pozkh,fixed_alpha0.3_german_gender_seed14,FixedAlpha_0.3,14,
10,11,0.695,0.029999999999999916,0.08999999999999991,dl4pozkh,fixed_alpha0.3_german_gender_seed14,FixedAlpha_0.3,14,
11,12,0.7,0.015000000000000013,0.08250000000000002,dl4pozkh,fixed_alpha0.3_german_gender_seed14,FixedAlpha_0.3,14,
12,13,0.71,0.015000000000000013,0.07,dl4pozkh,fixed_alpha0.3_german_gender_seed14,FixedAlpha_0.3,14,
13,14,0.705,0.0,0.07500000000000001,dl4pozkh,fixed_alpha0.3_german_gender_seed14,FixedAlpha_0.3,14,
14,15,0.72,0.020000000000000018,0.11000000000000004,dl4pozkh,fixed_alpha0.3_german_gender_seed14,FixedAlpha_0.3,14,
15,16,0.725,0.030000000000000027,0.15250000000000002,dl4pozkh,fixed_alpha0.3_german_gender_seed14,FixedAlpha_0.3,14,
16,17,0.72,0.010000000000000009,0.1175,dl4pozkh,fixed_alpha0.3_german_gender_seed14,FixedAlpha_0.3,14,
17,18,0.72,0.010000000000000009,0.1175,dl4pozkh,fixed_alpha0.3_german_gender_seed14,FixedAlpha_0.3,14,
18,19,0.725,0.010000000000000009,0.09249999999999997,dl4pozkh,fixed_alpha0.3_german_gender_seed14,FixedAlpha_0.3,14,
19,20,0.73,0.020000000000000018,0.09749999999999998,dl4pozkh,fixed_alpha0.3_german_gender_seed14,FixedAlpha_0.3,14,
20,21,0.73,0.020000000000000018,0.09749999999999998,dl4pozkh,fixed_alpha0.3_german_gender_seed14,FixedAlpha_0.3,14,
21,22,0.725,0.020000000000000018,0.08499999999999996,dl4pozkh,fixed_alpha0.3_german_gender_seed14,FixedAlpha_0.3,14,
22,23,0.72,0.010000000000000009,0.07999999999999996,dl4pozkh,fixed_alpha0.3_german_gender_seed14,FixedAlpha_0.3,14,
23,24,0.72,0.010000000000000009,0.07999999999999996,dl4pozkh,fixed_alpha0.3_german_gender_seed14,FixedAlpha_0.3,14,
24,25,0.715,0.0,0.07499999999999996,dl4pozkh,fixed_alpha0.3_german_gender_seed14,FixedAlpha_0.3,14,
25,26,0.725,0.025000000000000022,0.012500000000000011,dl4pozkh,fixed_alpha0.3_german_gender_seed14,FixedAlpha_0.3,14,
26,27,0.72,0.04999999999999993,0.024999999999999967,dl4pozkh,fixed_alpha0.3_german_gender_seed14,FixedAlpha_0.3,14,
27,28,0.725,0.04999999999999993,0.03749999999999998,dl4pozkh,fixed_alpha0.3_german_gender_seed14,FixedAlpha_0.3,14,
28,29,0.73,0.025000000000000022,0.025000000000000022,dl4pozkh,fixed_alpha0.3_german_gender_seed14,FixedAlpha_0.3,14,
29,30,0.73,0.025000000000000022,0.025000000000000022,dl4pozkh,fixed_alpha0.3_german_gender_seed14,FixedAlpha_0.3,14,
0,1,0.58,0.030000000000000027,0.027500000000000024,bdrxayuu,fixed_alpha0.3_german_gender_seed16,FixedAlpha_0.3,16,
1,2,0.655,0.03500000000000003,0.09250000000000003,bdrxayuu,fixed_alpha0.3_german_gender_seed16,FixedAlpha_0.3,16,
2,3,0.69,0.04999999999999993,0.08749999999999997,bdrxayuu,fixed_alpha0.3_german_gender_seed16,FixedAlpha_0.3,16,
3,4,0.705,0.030000000000000027,0.065,bdrxayuu,fixed_alpha0.3_german_gender_seed16,FixedAlpha_0.3,16,
4,5,0.705,0.0050000000000000044,0.02749999999999997,bdrxayuu,fixed_alpha0.3_german_gender_seed16,FixedAlpha_0.3,16,
5,6,0.705,0.0050000000000000044,0.02749999999999997,bdrxayuu,fixed_alpha0.3_german_gender_seed16,FixedAlpha_0.3,16,
6,7,0.71,0.0050000000000000044,0.015000000000000013,bdrxayuu,fixed_alpha0.3_german_gender_seed16,FixedAlpha_0.3,16,
7,8,0.72,0.0050000000000000044,0.015000000000000013,bdrxayuu,fixed_alpha0.3_german_gender_seed16,FixedAlpha_0.3,16,
8,9,0.755,0.04499999999999993,0.034999999999999976,bdrxayuu,fixed_alpha0.3_german_gender_seed16,FixedAlpha_0.3,16,
9,10,0.75,0.05999999999999994,0.02999999999999997,bdrxayuu,fixed_alpha0.3_german_gender_seed16,FixedAlpha_0.3,16,
10,11,0.75,0.07499999999999996,0.04999999999999999,bdrxayuu,fixed_alpha0.3_german_gender_seed16,FixedAlpha_0.3,16,
11,12,0.75,0.06499999999999995,0.03249999999999997,bdrxayuu,fixed_alpha0.3_german_gender_seed16,FixedAlpha_0.3,16,
12,13,0.75,0.11499999999999999,0.08250000000000002,bdrxayuu,fixed_alpha0.3_german_gender_seed16,FixedAlpha_0.3,16,
13,14,0.75,0.1050000000000001,0.09000000000000008,bdrxayuu,fixed_alpha0.3_german_gender_seed16,FixedAlpha_0.3,16,
14,15,0.74,0.10999999999999999,0.0675,bdrxayuu,fixed_alpha0.3_german_gender_seed16,FixedAlpha_0.3,16,
15,16,0.74,0.09999999999999998,0.07499999999999996,bdrxayuu,fixed_alpha0.3_german_gender_seed16,FixedAlpha_0.3,16,
16,17,0.73,0.09999999999999998,0.08750000000000002,bdrxayuu,fixed_alpha0.3_german_gender_seed16,FixedAlpha_0.3,16,
17,18,0.735,0.09999999999999998,0.09999999999999998,bdrxayuu,fixed_alpha0.3_german_gender_seed16,FixedAlpha_0.3,16,
18,19,0.735,0.09999999999999998,0.09999999999999998,bdrxayuu,fixed_alpha0.3_german_gender_seed16,FixedAlpha_0.3,16,
19,20,0.725,0.10499999999999998,0.07749999999999996,bdrxayuu,fixed_alpha0.3_german_gender_seed16,FixedAlpha_0.3,16,
20,21,0.71,0.07499999999999996,0.062499999999999944,bdrxayuu,fixed_alpha0.3_german_gender_seed16,FixedAlpha_0.3,16,
21,22,0.71,0.07499999999999996,0.062499999999999944,bdrxayuu,fixed_alpha0.3_german_gender_seed16,FixedAlpha_0.3,16,
22,23,0.71,0.07499999999999996,0.062499999999999944,bdrxayuu,fixed_alpha0.3_german_gender_seed16,FixedAlpha_0.3,16,
23,24,0.705,0.09999999999999998,0.07499999999999996,bdrxayuu,fixed_alpha0.3_german_gender_seed16,FixedAlpha_0.3,16,
24,25,0.705,0.09999999999999998,0.07499999999999996,bdrxayuu,fixed_alpha0.3_german_gender_seed16,FixedAlpha_0.3,16,
25,26,0.705,0.09999999999999998,0.07499999999999996,bdrxayuu,fixed_alpha0.3_german_gender_seed16,FixedAlpha_0.3,16,
26,27,0.705,0.09999999999999998,0.07499999999999996,bdrxayuu,fixed_alpha0.3_german_gender_seed16,FixedAlpha_0.3,16,
27,28,0.705,0.09999999999999998,0.07499999999999996,bdrxayuu,fixed_alpha0.3_german_gender_seed16,FixedAlpha_0.3,16,
28,29,0.705,0.09999999999999998,0.07499999999999996,bdrxayuu,fixed_alpha0.3_german_gender_seed16,FixedAlpha_0.3,16,
29,30,0.715,0.09999999999999998,0.0625,bdrxayuu,fixed_alpha0.3_german_gender_seed16,FixedAlpha_0.3,16,
0,1,0.715,0.040000000000000036,0.14500000000000002,noe1p8to,fixed_alpha0.3_german_gender_seed17,FixedAlpha_0.3,17,
1,2,0.745,0.03499999999999992,0.1175,noe1p8to,fixed_alpha0.3_german_gender_seed17,FixedAlpha_0.3,17,
2,3,0.735,0.0050000000000000044,0.09000000000000002,noe1p8to,fixed_alpha0.3_german_gender_seed17,FixedAlpha_0.3,17,
3,4,0.73,0.020000000000000018,0.09750000000000003,noe1p8to,fixed_alpha0.3_german_gender_seed17,FixedAlpha_0.3,17,
4,5,0.735,0.020000000000000018,0.1225,noe1p8to,fixed_alpha0.3_german_gender_seed17,FixedAlpha_0.3,17,
5,6,0.725,0.02499999999999991,0.14999999999999997,noe1p8to,fixed_alpha0.3_german_gender_seed17,FixedAlpha_0.3,17,
6,7,0.735,0.05500000000000005,0.20250000000000004,noe1p8to,fixed_alpha0.3_german_gender_seed17,FixedAlpha_0.3,17,
7,8,0.74,0.025000000000000022,0.175,noe1p8to,fixed_alpha0.3_german_gender_seed17,FixedAlpha_0.3,17,
8,9,0.75,0.09999999999999998,0.14999999999999997,noe1p8to,fixed_alpha0.3_german_gender_seed17,FixedAlpha_0.3,17,
9,10,0.745,0.125,0.16249999999999998,noe1p8to,fixed_alpha0.3_german_gender_seed17,FixedAlpha_0.3,17,
10,11,0.76,0.125,0.125,noe1p8to,fixed_alpha0.3_german_gender_seed17,FixedAlpha_0.3,17,
11,12,0.76,0.125,0.125,noe1p8to,fixed_alpha0.3_german_gender_seed17,FixedAlpha_0.3,17,
12,13,0.755,0.125,0.1,noe1p8to,fixed_alpha0.3_german_gender_seed17,FixedAlpha_0.3,17,
13,14,0.76,0.125,0.0875,noe1p8to,fixed_alpha0.3_german_gender_seed17,FixedAlpha_0.3,17,
14,15,0.755,0.15000000000000002,0.1,noe1p8to,fixed_alpha0.3_german_gender_seed17,FixedAlpha_0.3,17,
15,16,0.755,0.15000000000000002,0.1,noe1p8to,fixed_alpha0.3_german_gender_seed17,FixedAlpha_0.3,17,
16,17,0.75,0.13,0.07749999999999999,noe1p8to,fixed_alpha0.3_german_gender_seed17,FixedAlpha_0.3,17,
17,18,0.75,0.13,0.07749999999999999,noe1p8to,fixed_alpha0.3_german_gender_seed17,FixedAlpha_0.3,17,
18,19,0.745,0.12,0.07249999999999998,noe1p8to,fixed_alpha0.3_german_gender_seed17,FixedAlpha_0.3,17,
19,20,0.745,0.12,0.07249999999999998,noe1p8to,fixed_alpha0.3_german_gender_seed17,FixedAlpha_0.3,17,
20,21,0.745,0.12,0.07249999999999998,noe1p8to,fixed_alpha0.3_german_gender_seed17,FixedAlpha_0.3,17,
21,22,0.74,0.10999999999999999,0.07999999999999999,noe1p8to,fixed_alpha0.3_german_gender_seed17,FixedAlpha_0.3,17,
22,23,0.74,0.10999999999999999,0.07999999999999999,noe1p8to,fixed_alpha0.3_german_gender_seed17,FixedAlpha_0.3,17,
23,24,0.735,0.135,0.0925,noe1p8to,fixed_alpha0.3_german_gender_seed17,FixedAlpha_0.3,17,
24,25,0.735,0.135,0.0925,noe1p8to,fixed_alpha0.3_german_gender_seed17,FixedAlpha_0.3,17,
25,26,0.73,0.125,0.0875,noe1p8to,fixed_alpha0.3_german_gender_seed17,FixedAlpha_0.3,17,
26,27,0.73,0.125,0.0875,noe1p8to,fixed_alpha0.3_german_gender_seed17,FixedAlpha_0.3,17,
27,28,0.73,0.125,0.0875,noe1p8to,fixed_alpha0.3_german_gender_seed17,FixedAlpha_0.3,17,
28,29,0.73,0.125,0.0875,noe1p8to,fixed_alpha0.3_german_gender_seed17,FixedAlpha_0.3,17,
29,30,0.73,0.125,0.0875,noe1p8to,fixed_alpha0.3_german_gender_seed17,FixedAlpha_0.3,17,
0,1,0.355,0.09499999999999999,0.0725,3rn2g2kr,fixed_alpha0.3_german_gender_seed19,FixedAlpha_0.3,19,
1,2,0.425,0.010000000000000009,0.0925,3rn2g2kr,fixed_alpha0.3_german_gender_seed19,FixedAlpha_0.3,19,
2,3,0.51,0.16499999999999998,0.16999999999999998,3rn2g2kr,fixed_alpha0.3_german_gender_seed19,FixedAlpha_0.3,19,
3,4,0.625,0.05999999999999994,0.15499999999999994,3rn2g2kr,fixed_alpha0.3_german_gender_seed19,FixedAlpha_0.3,19,
4,5,0.675,0.010000000000000009,0.05499999999999999,3rn2g2kr,fixed_alpha0.3_german_gender_seed19,FixedAlpha_0.3,19,
5,6,0.685,0.040000000000000036,0.04500000000000004,3rn2g2kr,fixed_alpha0.3_german_gender_seed19,FixedAlpha_0.3,19,
6,7,0.69,0.0,0.0,3rn2g2kr,fixed_alpha0.3_german_gender_seed19,FixedAlpha_0.3,19,
7,8,0.705,0.0050000000000000044,0.02749999999999997,3rn2g2kr,fixed_alpha0.3_german_gender_seed19,FixedAlpha_0.3,19,
8,9,0.705,0.014999999999999902,0.019999999999999962,3rn2g2kr,fixed_alpha0.3_german_gender_seed19,FixedAlpha_0.3,19,
9,10,0.71,0.02499999999999991,0.024999999999999967,3rn2g2kr,fixed_alpha0.3_german_gender_seed19,FixedAlpha_0.3,19,
10,11,0.72,0.02499999999999991,0.04999999999999993,3rn2g2kr,fixed_alpha0.3_german_gender_seed19,FixedAlpha_0.3,19,
11,12,0.72,0.02499999999999991,0.04999999999999993,3rn2g2kr,fixed_alpha0.3_german_gender_seed19,FixedAlpha_0.3,19,
12,13,0.715,0.014999999999999902,0.04499999999999993,3rn2g2kr,fixed_alpha0.3_german_gender_seed19,FixedAlpha_0.3,19,
13,14,0.74,0.039999999999999925,0.019999999999999962,3rn2g2kr,fixed_alpha0.3_german_gender_seed19,FixedAlpha_0.3,19,
14,15,0.735,0.04500000000000004,0.03500000000000003,3rn2g2kr,fixed_alpha0.3_german_gender_seed19,FixedAlpha_0.3,19,
15,16,0.74,0.07000000000000006,0.04750000000000004,3rn2g2kr,fixed_alpha0.3_german_gender_seed19,FixedAlpha_0.3,19,
16,17,0.735,0.08500000000000008,0.06750000000000006,3rn2g2kr,fixed_alpha0.3_german_gender_seed19,FixedAlpha_0.3,19,
17,18,0.735,0.12,0.08500000000000002,3rn2g2kr,fixed_alpha0.3_german_gender_seed19,FixedAlpha_0.3,19,
18,19,0.735,0.135,0.08000000000000002,3rn2g2kr,fixed_alpha0.3_german_gender_seed19,FixedAlpha_0.3,19,
19,20,0.735,0.135,0.08000000000000002,3rn2g2kr,fixed_alpha0.3_german_gender_seed19,FixedAlpha_0.3,19,
20,21,0.735,0.15000000000000002,0.11249999999999999,3rn2g2kr,fixed_alpha0.3_german_gender_seed19,FixedAlpha_0.3,19,
21,22,0.73,0.17500000000000004,0.125,3rn2g2kr,fixed_alpha0.3_german_gender_seed19,FixedAlpha_0.3,19,
22,23,0.725,0.19000000000000006,0.14500000000000002,3rn2g2kr,fixed_alpha0.3_german_gender_seed19,FixedAlpha_0.3,19,
23,24,0.725,0.19000000000000006,0.14500000000000002,3rn2g2kr,fixed_alpha0.3_german_gender_seed19,FixedAlpha_0.3,19,
24,25,0.725,0.19000000000000006,0.14500000000000002,3rn2g2kr,fixed_alpha0.3_german_gender_seed19,FixedAlpha_0.3,19,
25,26,0.72,0.19000000000000006,0.1325,3rn2g2kr,fixed_alpha0.3_german_gender_seed19,FixedAlpha_0.3,19,
26,27,0.715,0.19000000000000006,0.12,3rn2g2kr,fixed_alpha0.3_german_gender_seed19,FixedAlpha_0.3,19,
27,28,0.72,0.20000000000000007,0.125,3rn2g2kr,fixed_alpha0.3_german_gender_seed19,FixedAlpha_0.3,19,
28,29,0.71,0.22499999999999998,0.16249999999999998,3rn2g2kr,fixed_alpha0.3_german_gender_seed19,FixedAlpha_0.3,19,
29,30,0.71,0.22499999999999998,0.16249999999999998,3rn2g2kr,fixed_alpha0.3_german_gender_seed19,FixedAlpha_0.3,19,
0,1,0.685,0.014999999999999902,0.04499999999999993,nm74y3i5,fixed_alpha0.3_german_gender_seed20,FixedAlpha_0.3,20,
1,2,0.705,0.010000000000000009,0.05499999999999999,nm74y3i5,fixed_alpha0.3_german_gender_seed20,FixedAlpha_0.3,20,
2,3,0.72,0.010000000000000009,0.09249999999999997,nm74y3i5,fixed_alpha0.3_german_gender_seed20,FixedAlpha_0.3,20,
3,4,0.72,0.0,0.0625,nm74y3i5,fixed_alpha0.3_german_gender_seed20,FixedAlpha_0.3,20,
4,5,0.72,0.010000000000000009,0.04249999999999998,nm74y3i5,fixed_alpha0.3_german_gender_seed20,FixedAlpha_0.3,20,
5,6,0.73,0.010000000000000009,0.030000000000000027,nm74y3i5,fixed_alpha0.3_german_gender_seed20,FixedAlpha_0.3,20,
6,7,0.725,0.0050000000000000044,0.040000000000000036,nm74y3i5,fixed_alpha0.3_german_gender_seed20,FixedAlpha_0.3,20,
7,8,0.72,0.0050000000000000044,0.040000000000000036,nm74y3i5,fixed_alpha0.3_german_gender_seed20,FixedAlpha_0.3,20,
8,9,0.72,0.020000000000000018,0.06000000000000005,nm74y3i5,fixed_alpha0.3_german_gender_seed20,FixedAlpha_0.3,20,
9,10,0.735,0.020000000000000018,0.06,nm74y3i5,fixed_alpha0.3_german_gender_seed20,FixedAlpha_0.3,20,
10,11,0.74,0.020000000000000018,0.07250000000000001,nm74y3i5,fixed_alpha0.3_german_gender_seed20,FixedAlpha_0.3,20,
11,12,0.74,0.040000000000000036,0.03250000000000003,nm74y3i5,fixed_alpha0.3_german_gender_seed20,FixedAlpha_0.3,20,
12,13,0.72,0.05999999999999994,0.05499999999999994,nm74y3i5,fixed_alpha0.3_german_gender_seed20,FixedAlpha_0.3,20,
13,14,0.725,0.05999999999999994,0.06749999999999995,nm74y3i5,fixed_alpha0.3_german_gender_seed20,FixedAlpha_0.3,20,
14,15,0.725,0.025000000000000022,0.04999999999999999,nm74y3i5,fixed_alpha0.3_german_gender_seed20,FixedAlpha_0.3,20,
15,16,0.725,0.025000000000000022,0.04999999999999999,nm74y3i5,fixed_alpha0.3_german_gender_seed20,FixedAlpha_0.3,20,
16,17,0.72,0.015000000000000013,0.044999999999999984,nm74y3i5,fixed_alpha0.3_german_gender_seed20,FixedAlpha_0.3,20,
17,18,0.73,0.025000000000000022,0.0625,nm74y3i5,fixed_alpha0.3_german_gender_seed20,FixedAlpha_0.3,20,
18,19,0.725,0.04999999999999993,0.07499999999999996,nm74y3i5,fixed_alpha0.3_german_gender_seed20,FixedAlpha_0.3,20,
19,20,0.725,0.04999999999999993,0.07499999999999996,nm74y3i5,fixed_alpha0.3_german_gender_seed20,FixedAlpha_0.3,20,
20,21,0.73,0.04999999999999993,0.04999999999999999,nm74y3i5,fixed_alpha0.3_german_gender_seed20,FixedAlpha_0.3,20,
21,22,0.73,0.07499999999999996,0.03749999999999998,nm74y3i5,fixed_alpha0.3_german_gender_seed20,FixedAlpha_0.3,20,
22,23,0.73,0.07499999999999996,0.03749999999999998,nm74y3i5,fixed_alpha0.3_german_gender_seed20,FixedAlpha_0.3,20,
23,24,0.73,0.07499999999999996,0.03749999999999998,nm74y3i5,fixed_alpha0.3_german_gender_seed20,FixedAlpha_0.3,20,
24,25,0.73,0.07499999999999996,0.03749999999999998,nm74y3i5,fixed_alpha0.3_german_gender_seed20,FixedAlpha_0.3,20,
25,26,0.73,0.05999999999999994,0.04249999999999998,nm74y3i5,fixed_alpha0.3_german_gender_seed20,FixedAlpha_0.3,20,
26,27,0.73,0.05999999999999994,0.04249999999999998,nm74y3i5,fixed_alpha0.3_german_gender_seed20,FixedAlpha_0.3,20,
27,28,0.72,0.07499999999999996,0.04999999999999999,nm74y3i5,fixed_alpha0.3_german_gender_seed20,FixedAlpha_0.3,20,
28,29,0.72,0.07499999999999996,0.04999999999999999,nm74y3i5,fixed_alpha0.3_german_gender_seed20,FixedAlpha_0.3,20,
29,30,0.715,0.06499999999999995,0.044999999999999984,nm74y3i5,fixed_alpha0.3_german_gender_seed20,FixedAlpha_0.3,20,
0,1,0.655,0.0,0.04999999999999999,qvc13hwf,fixed_alpha0.3_german_gender_seed18,FixedAlpha_0.3,18,
1,2,0.685,0.015000000000000013,0.020000000000000018,qvc13hwf,fixed_alpha0.3_german_gender_seed18,FixedAlpha_0.3,18,
2,3,0.72,0.03500000000000003,0.02999999999999997,qvc13hwf,fixed_alpha0.3_german_gender_seed18,FixedAlpha_0.3,18,
3,4,0.73,0.06000000000000005,0.030000000000000027,qvc13hwf,fixed_alpha0.3_german_gender_seed18,FixedAlpha_0.3,18,
4,5,0.735,0.04499999999999993,0.06,qvc13hwf,fixed_alpha0.3_german_gender_seed18,FixedAlpha_0.3,18,
5,6,0.76,0.07499999999999996,0.04999999999999999,qvc13hwf,fixed_alpha0.3_german_gender_seed18,FixedAlpha_0.3,18,
6,7,0.765,0.04999999999999993,0.03749999999999998,qvc13hwf,fixed_alpha0.3_german_gender_seed18,FixedAlpha_0.3,18,
7,8,0.75,0.020000000000000018,0.034999999999999976,qvc13hwf,fixed_alpha0.3_german_gender_seed18,FixedAlpha_0.3,18,
8,9,0.74,0.015000000000000013,0.044999999999999984,qvc13hwf,fixed_alpha0.3_german_gender_seed18,FixedAlpha_0.3,18,
9,10,0.745,0.03500000000000003,0.05500000000000002,qvc13hwf,fixed_alpha0.3_german_gender_seed18,FixedAlpha_0.3,18,
10,11,0.745,0.06999999999999995,0.07249999999999998,qvc13hwf,fixed_alpha0.3_german_gender_seed18,FixedAlpha_0.3,18,
11,12,0.745,0.025000000000000022,0.037500000000000006,qvc13hwf,fixed_alpha0.3_german_gender_seed18,FixedAlpha_0.3,18,
12,13,0.745,0.0,0.037500000000000006,qvc13hwf,fixed_alpha0.3_german_gender_seed18,FixedAlpha_0.3,18,
13,14,0.74,0.0,0.05000000000000002,qvc13hwf,fixed_alpha0.3_german_gender_seed18,FixedAlpha_0.3,18,
14,15,0.74,0.025000000000000022,0.03750000000000003,qvc13hwf,fixed_alpha0.3_german_gender_seed18,FixedAlpha_0.3,18,
15,16,0.735,0.0,0.025000000000000022,qvc13hwf,fixed_alpha0.3_german_gender_seed18,FixedAlpha_0.3,18,
16,17,0.735,0.0,0.025000000000000022,qvc13hwf,fixed_alpha0.3_german_gender_seed18,FixedAlpha_0.3,18,
17,18,0.725,0.0050000000000000044,0.015000000000000013,qvc13hwf,fixed_alpha0.3_german_gender_seed18,FixedAlpha_0.3,18,
18,19,0.725,0.0050000000000000044,0.0025000000000000022,qvc13hwf,fixed_alpha0.3_german_gender_seed18,FixedAlpha_0.3,18,
19,20,0.72,0.019999999999999907,0.009999999999999953,qvc13hwf,fixed_alpha0.3_german_gender_seed18,FixedAlpha_0.3,18,
20,21,0.725,0.0050000000000000044,0.0025000000000000022,qvc13hwf,fixed_alpha0.3_german_gender_seed18,FixedAlpha_0.3,18,
21,22,0.725,0.0050000000000000044,0.027500000000000024,qvc13hwf,fixed_alpha0.3_german_gender_seed18,FixedAlpha_0.3,18,
22,23,0.72,0.039999999999999925,0.03249999999999997,qvc13hwf,fixed_alpha0.3_german_gender_seed18,FixedAlpha_0.3,18,
23,24,0.715,0.029999999999999916,0.02749999999999997,qvc13hwf,fixed_alpha0.3_german_gender_seed18,FixedAlpha_0.3,18,
24,25,0.715,0.029999999999999916,0.02749999999999997,qvc13hwf,fixed_alpha0.3_german_gender_seed18,FixedAlpha_0.3,18,
25,26,0.715,0.029999999999999916,0.02749999999999997,qvc13hwf,fixed_alpha0.3_german_gender_seed18,FixedAlpha_0.3,18,
26,27,0.71,0.05499999999999994,0.03999999999999998,qvc13hwf,fixed_alpha0.3_german_gender_seed18,FixedAlpha_0.3,18,
27,28,0.72,0.05499999999999994,0.065,qvc13hwf,fixed_alpha0.3_german_gender_seed18,FixedAlpha_0.3,18,
28,29,0.715,0.04499999999999993,0.06,qvc13hwf,fixed_alpha0.3_german_gender_seed18,FixedAlpha_0.3,18,
29,30,0.715,0.04499999999999993,0.06,qvc13hwf,fixed_alpha0.3_german_gender_seed18,FixedAlpha_0.3,18,
0,1,0.67,0.0050000000000000044,0.065,q5vismbc,fixed_alpha0.3_german_gender_seed22,FixedAlpha_0.3,22,
1,2,0.69,0.05499999999999994,0.06499999999999995,q5vismbc,fixed_alpha0.3_german_gender_seed22,FixedAlpha_0.3,22,
2,3,0.69,0.08999999999999997,0.08249999999999996,q5vismbc,fixed_alpha0.3_german_gender_seed22,FixedAlpha_0.3,22,
3,4,0.695,0.020000000000000018,0.07250000000000001,q5vismbc,fixed_alpha0.3_german_gender_seed22,FixedAlpha_0.3,22,
4,5,0.695,0.010000000000000009,0.09249999999999997,q5vismbc,fixed_alpha0.3_german_gender_seed22,FixedAlpha_0.3,22,
5,6,0.68,0.014999999999999902,0.09499999999999992,q5vismbc,fixed_alpha0.3_german_gender_seed22,FixedAlpha_0.3,22,
6,7,0.705,0.0050000000000000044,0.05249999999999999,q5vismbc,fixed_alpha0.3_german_gender_seed22,FixedAlpha_0.3,22,
7,8,0.715,0.03500000000000003,0.0675,q5vismbc,fixed_alpha0.3_german_gender_seed22,FixedAlpha_0.3,22,
8,9,0.72,0.025000000000000022,0.03749999999999998,q5vismbc,fixed_alpha0.3_german_gender_seed22,FixedAlpha_0.3,22,
9,10,0.725,0.040000000000000036,0.08250000000000002,q5vismbc,fixed_alpha0.3_german_gender_seed22,FixedAlpha_0.3,22,
10,11,0.73,0.020000000000000018,0.07250000000000001,q5vismbc,fixed_alpha0.3_german_gender_seed22,FixedAlpha_0.3,22,
11,12,0.73,0.04500000000000004,0.07250000000000001,q5vismbc,fixed_alpha0.3_german_gender_seed22,FixedAlpha_0.3,22,
12,13,0.72,0.03500000000000003,0.04249999999999998,q5vismbc,fixed_alpha0.3_german_gender_seed22,FixedAlpha_0.3,22,
13,14,0.72,0.03500000000000003,0.04249999999999998,q5vismbc,fixed_alpha0.3_german_gender_seed22,FixedAlpha_0.3,22,
14,15,0.72,0.03500000000000003,0.04249999999999998,q5vismbc,fixed_alpha0.3_german_gender_seed22,FixedAlpha_0.3,22,
15,16,0.725,0.025000000000000022,0.012500000000000011,q5vismbc,fixed_alpha0.3_german_gender_seed22,FixedAlpha_0.3,22,
16,17,0.715,0.039999999999999925,0.019999999999999962,q5vismbc,fixed_alpha0.3_german_gender_seed22,FixedAlpha_0.3,22,
17,18,0.715,0.039999999999999925,0.019999999999999962,q5vismbc,fixed_alpha0.3_german_gender_seed22,FixedAlpha_0.3,22,
18,19,0.735,0.015000000000000013,0.007500000000000007,q5vismbc,fixed_alpha0.3_german_gender_seed22,FixedAlpha_0.3,22,
19,20,0.73,0.0050000000000000044,0.0025000000000000022,q5vismbc,fixed_alpha0.3_german_gender_seed22,FixedAlpha_0.3,22,
20,21,0.725,0.029999999999999916,0.014999999999999958,q5vismbc,fixed_alpha0.3_german_gender_seed22,FixedAlpha_0.3,22,
21,22,0.72,0.05499999999999994,0.02749999999999997,q5vismbc,fixed_alpha0.3_german_gender_seed22,FixedAlpha_0.3,22,
22,23,0.715,0.04499999999999993,0.022499999999999964,q5vismbc,fixed_alpha0.3_german_gender_seed22,FixedAlpha_0.3,22,
23,24,0.715,0.04499999999999993,0.022499999999999964,q5vismbc,fixed_alpha0.3_german_gender_seed22,FixedAlpha_0.3,22,
24,25,0.71,0.04499999999999993,0.034999999999999976,q5vismbc,fixed_alpha0.3_german_gender_seed22,FixedAlpha_0.3,22,
25,26,0.71,0.07999999999999996,0.05249999999999999,q5vismbc,fixed_alpha0.3_german_gender_seed22,FixedAlpha_0.3,22,
26,27,0.71,0.07999999999999996,0.05249999999999999,q5vismbc,fixed_alpha0.3_german_gender_seed22,FixedAlpha_0.3,22,
27,28,0.71,0.07999999999999996,0.05249999999999999,q5vismbc,fixed_alpha0.3_german_gender_seed22,FixedAlpha_0.3,22,
28,29,0.71,0.07999999999999996,0.05249999999999999,q5vismbc,fixed_alpha0.3_german_gender_seed22,FixedAlpha_0.3,22,
29,30,0.71,0.07999999999999996,0.05249999999999999,q5vismbc,fixed_alpha0.3_german_gender_seed22,FixedAlpha_0.3,22,
0,1,0.62,0.18500000000000005,0.13,s7mya5nu,fixed_alpha0.3_german_gender_seed21,FixedAlpha_0.3,21,
1,2,0.635,0.07500000000000007,0.0625,s7mya5nu,fixed_alpha0.3_german_gender_seed21,FixedAlpha_0.3,21,
2,3,0.675,0.04499999999999993,0.034999999999999976,s7mya5nu,fixed_alpha0.3_german_gender_seed21,FixedAlpha_0.3,21,
3,4,0.685,0.030000000000000027,0.027500000000000024,s7mya5nu,fixed_alpha0.3_german_gender_seed21,FixedAlpha_0.3,21,
4,5,0.68,0.030000000000000027,0.015000000000000013,s7mya5nu,fixed_alpha0.3_german_gender_seed21,FixedAlpha_0.3,21,
5,6,0.68,0.030000000000000027,0.015000000000000013,s7mya5nu,fixed_alpha0.3_german_gender_seed21,FixedAlpha_0.3,21,
6,7,0.685,0.040000000000000036,0.020000000000000018,s7mya5nu,fixed_alpha0.3_german_gender_seed21,FixedAlpha_0.3,21,
7,8,0.685,0.05499999999999994,0.05249999999999999,s7mya5nu,fixed_alpha0.3_german_gender_seed21,FixedAlpha_0.3,21,
8,9,0.71,0.05499999999999994,0.07749999999999996,s7mya5nu,fixed_alpha0.3_german_gender_seed21,FixedAlpha_0.3,21,
9,10,0.705,0.04999999999999993,0.11249999999999993,s7mya5nu,fixed_alpha0.3_german_gender_seed21,FixedAlpha_0.3,21,
10,11,0.695,0.09500000000000008,0.14750000000000008,s7mya5nu,fixed_alpha0.3_german_gender_seed21,FixedAlpha_0.3,21,
11,12,0.68,0.11499999999999999,0.1825,s7mya5nu,fixed_alpha0.3_german_gender_seed21,FixedAlpha_0.3,21,
12,13,0.69,0.09499999999999997,0.14750000000000002,s7mya5nu,fixed_alpha0.3_german_gender_seed21,FixedAlpha_0.3,21,
13,14,0.695,0.09499999999999997,0.1225,s7mya5nu,fixed_alpha0.3_german_gender_seed21,FixedAlpha_0.3,21,
14,15,0.71,0.09499999999999997,0.15999999999999998,s7mya5nu,fixed_alpha0.3_german_gender_seed21,FixedAlpha_0.3,21,
15,16,0.71,0.09499999999999997,0.15999999999999998,s7mya5nu,fixed_alpha0.3_german_gender_seed21,FixedAlpha_0.3,21,
16,17,0.705,0.09499999999999997,0.14749999999999996,s7mya5nu,fixed_alpha0.3_german_gender_seed21,FixedAlpha_0.3,21,
17,18,0.705,0.09499999999999997,0.14749999999999996,s7mya5nu,fixed_alpha0.3_german_gender_seed21,FixedAlpha_0.3,21,
18,19,0.705,0.09499999999999997,0.14749999999999996,s7mya5nu,fixed_alpha0.3_german_gender_seed21,FixedAlpha_0.3,21,
19,20,0.71,0.09499999999999997,0.12249999999999994,s7mya5nu,fixed_alpha0.3_german_gender_seed21,FixedAlpha_0.3,21,
20,21,0.71,0.09499999999999997,0.12249999999999994,s7mya5nu,fixed_alpha0.3_german_gender_seed21,FixedAlpha_0.3,21,
21,22,0.705,0.10999999999999999,0.14249999999999996,s7mya5nu,fixed_alpha0.3_german_gender_seed21,FixedAlpha_0.3,21,
22,23,0.69,0.11499999999999999,0.14499999999999996,s7mya5nu,fixed_alpha0.3_german_gender_seed21,FixedAlpha_0.3,21,
23,24,0.685,0.14,0.15749999999999997,s7mya5nu,fixed_alpha0.3_german_gender_seed21,FixedAlpha_0.3,21,
24,25,0.685,0.14,0.15749999999999997,s7mya5nu,fixed_alpha0.3_german_gender_seed21,FixedAlpha_0.3,21,
25,26,0.685,0.14,0.15749999999999997,s7mya5nu,fixed_alpha0.3_german_gender_seed21,FixedAlpha_0.3,21,
26,27,0.69,0.14,0.1325,s7mya5nu,fixed_alpha0.3_german_gender_seed21,FixedAlpha_0.3,21,
27,28,0.69,0.14,0.1325,s7mya5nu,fixed_alpha0.3_german_gender_seed21,FixedAlpha_0.3,21,
28,29,0.69,0.14,0.1325,s7mya5nu,fixed_alpha0.3_german_gender_seed21,FixedAlpha_0.3,21,
29,30,0.69,0.14,0.1325,s7mya5nu,fixed_alpha0.3_german_gender_seed21,FixedAlpha_0.3,21,
0,1,0.65,0.05999999999999994,0.12999999999999995,uvp4x4eh,fixed_alpha0.3_german_gender_seed23,FixedAlpha_0.3,23,
1,2,0.685,0.06999999999999995,0.05999999999999994,uvp4x4eh,fixed_alpha0.3_german_gender_seed23,FixedAlpha_0.3,23,
2,3,0.685,0.06499999999999995,0.057499999999999996,uvp4x4eh,fixed_alpha0.3_german_gender_seed23,FixedAlpha_0.3,23,
3,4,0.7,0.010000000000000009,0.017500000000000016,uvp4x4eh,fixed_alpha0.3_german_gender_seed23,FixedAlpha_0.3,23,
4,5,0.695,0.019999999999999907,0.022499999999999964,uvp4x4eh,fixed_alpha0.3_german_gender_seed23,FixedAlpha_0.3,23,
5,6,0.7,0.019999999999999907,0.04749999999999993,uvp4x4eh,fixed_alpha0.3_german_gender_seed23,FixedAlpha_0.3,23,
6,7,0.71,0.019999999999999907,0.02249999999999991,uvp4x4eh,fixed_alpha0.3_german_gender_seed23,FixedAlpha_0.3,23,
7,8,0.72,0.019999999999999907,0.034999999999999976,uvp4x4eh,fixed_alpha0.3_german_gender_seed23,FixedAlpha_0.3,23,
8,9,0.74,0.029999999999999916,0.052499999999999936,uvp4x4eh,fixed_alpha0.3_german_gender_seed23,FixedAlpha_0.3,23,
9,10,0.76,0.0050000000000000044,0.027500000000000024,uvp4x4eh,fixed_alpha0.3_german_gender_seed23,FixedAlpha_0.3,23,
10,11,0.75,0.0,0.03750000000000003,uvp4x4eh,fixed_alpha0.3_german_gender_seed23,FixedAlpha_0.3,23,
11,12,0.755,0.0,0.012500000000000011,uvp4x4eh,fixed_alpha0.3_german_gender_seed23,FixedAlpha_0.3,23,
12,13,0.76,0.03500000000000003,0.04249999999999998,uvp4x4eh,fixed_alpha0.3_german_gender_seed23,FixedAlpha_0.3,23,
13,14,0.76,0.06000000000000005,0.030000000000000027,uvp4x4eh,fixed_alpha0.3_german_gender_seed23,FixedAlpha_0.3,23,
14,15,0.76,0.06000000000000005,0.030000000000000027,uvp4x4eh,fixed_alpha0.3_german_gender_seed23,FixedAlpha_0.3,23,
15,16,0.76,0.06000000000000005,0.030000000000000027,uvp4x4eh,fixed_alpha0.3_german_gender_seed23,FixedAlpha_0.3,23,
16,17,0.755,0.07500000000000007,0.06250000000000006,uvp4x4eh,fixed_alpha0.3_german_gender_seed23,FixedAlpha_0.3,23,
17,18,0.755,0.07500000000000007,0.06250000000000006,uvp4x4eh,fixed_alpha0.3_german_gender_seed23,FixedAlpha_0.3,23,
18,19,0.755,0.07500000000000007,0.06250000000000006,uvp4x4eh,fixed_alpha0.3_german_gender_seed23,FixedAlpha_0.3,23,
19,20,0.745,0.09999999999999998,0.04999999999999999,uvp4x4eh,fixed_alpha0.3_german_gender_seed23,FixedAlpha_0.3,23,
20,21,0.75,0.09999999999999998,0.0625,uvp4x4eh,fixed_alpha0.3_german_gender_seed23,FixedAlpha_0.3,23,
21,22,0.75,0.08999999999999997,0.07,uvp4x4eh,fixed_alpha0.3_german_gender_seed23,FixedAlpha_0.3,23,
22,23,0.745,0.07999999999999996,0.065,uvp4x4eh,fixed_alpha0.3_german_gender_seed23,FixedAlpha_0.3,23,
23,24,0.75,0.07999999999999996,0.03999999999999998,uvp4x4eh,fixed_alpha0.3_german_gender_seed23,FixedAlpha_0.3,23,
24,25,0.745,0.07999999999999996,0.05249999999999999,uvp4x4eh,fixed_alpha0.3_german_gender_seed23,FixedAlpha_0.3,23,
25,26,0.75,0.07999999999999996,0.03999999999999998,uvp4x4eh,fixed_alpha0.3_german_gender_seed23,FixedAlpha_0.3,23,
26,27,0.735,0.07499999999999996,0.04999999999999999,uvp4x4eh,fixed_alpha0.3_german_gender_seed23,FixedAlpha_0.3,23,
27,28,0.74,0.08499999999999996,0.05499999999999999,uvp4x4eh,fixed_alpha0.3_german_gender_seed23,FixedAlpha_0.3,23,
28,29,0.74,0.08499999999999996,0.05499999999999999,uvp4x4eh,fixed_alpha0.3_german_gender_seed23,FixedAlpha_0.3,23,
29,30,0.74,0.08499999999999996,0.05499999999999999,uvp4x4eh,fixed_alpha0.3_german_gender_seed23,FixedAlpha_0.3,23,
0,1,0.375,0.0050000000000000044,0.04000000000000001,t01rx610,fixed_alpha0.3_german_gender_seed25,FixedAlpha_0.3,25,
1,2,0.435,0.135,0.10500000000000001,t01rx610,fixed_alpha0.3_german_gender_seed25,FixedAlpha_0.3,25,
2,3,0.51,0.14999999999999997,0.18749999999999997,t01rx610,fixed_alpha0.3_german_gender_seed25,FixedAlpha_0.3,25,
3,4,0.61,0.14,0.10750000000000004,t01rx610,fixed_alpha0.3_german_gender_seed25,FixedAlpha_0.3,25,
4,5,0.67,0.07000000000000006,0.03500000000000003,t01rx610,fixed_alpha0.3_german_gender_seed25,FixedAlpha_0.3,25,
5,6,0.69,0.0050000000000000044,0.0025000000000000022,t01rx610,fixed_alpha0.3_german_gender_seed25,FixedAlpha_0.3,25,
6,7,0.69,0.019999999999999907,0.034999999999999976,t01rx610,fixed_alpha0.3_german_gender_seed25,FixedAlpha_0.3,25,
7,8,0.695,0.0,0.03750000000000003,t01rx610,fixed_alpha0.3_german_gender_seed25,FixedAlpha_0.3,25,
8,9,0.71,0.025000000000000022,0.025000000000000022,t01rx610,fixed_alpha0.3_german_gender_seed25,FixedAlpha_0.3,25,
9,10,0.725,0.025000000000000022,0.024999999999999967,t01rx610,fixed_alpha0.3_german_gender_seed25,FixedAlpha_0.3,25,
10,11,0.72,0.03500000000000003,0.02999999999999997,t01rx610,fixed_alpha0.3_german_gender_seed25,FixedAlpha_0.3,25,
11,12,0.73,0.04499999999999993,0.034999999999999976,t01rx610,fixed_alpha0.3_german_gender_seed25,FixedAlpha_0.3,25,
12,13,0.745,0.029999999999999916,0.027499999999999913,t01rx610,fixed_alpha0.3_german_gender_seed25,FixedAlpha_0.3,25,
13,14,0.75,0.025000000000000022,0.03750000000000003,t01rx610,fixed_alpha0.3_german_gender_seed25,FixedAlpha_0.3,25,
14,15,0.75,0.015000000000000013,0.03249999999999997,t01rx610,fixed_alpha0.3_german_gender_seed25,FixedAlpha_0.3,25,
15,16,0.76,0.030000000000000027,0.05250000000000005,t01rx610,fixed_alpha0.3_german_gender_seed25,FixedAlpha_0.3,25,
16,17,0.755,0.020000000000000018,0.04750000000000004,t01rx610,fixed_alpha0.3_german_gender_seed25,FixedAlpha_0.3,25,
17,18,0.755,0.020000000000000018,0.04750000000000004,t01rx610,fixed_alpha0.3_german_gender_seed25,FixedAlpha_0.3,25,
18,19,0.755,0.020000000000000018,0.04750000000000004,t01rx610,fixed_alpha0.3_german_gender_seed25,FixedAlpha_0.3,25,
19,20,0.765,0.030000000000000027,0.027500000000000024,t01rx610,fixed_alpha0.3_german_gender_seed25,FixedAlpha_0.3,25,
20,21,0.755,0.05500000000000005,0.06500000000000006,t01rx610,fixed_alpha0.3_german_gender_seed25,FixedAlpha_0.3,25,
21,22,0.755,0.05500000000000005,0.06500000000000006,t01rx610,fixed_alpha0.3_german_gender_seed25,FixedAlpha_0.3,25,
22,23,0.75,0.05500000000000005,0.05250000000000005,t01rx610,fixed_alpha0.3_german_gender_seed25,FixedAlpha_0.3,25,
23,24,0.745,0.07999999999999996,0.065,t01rx610,fixed_alpha0.3_german_gender_seed25,FixedAlpha_0.3,25,
24,25,0.74,0.10499999999999998,0.07750000000000001,t01rx610,fixed_alpha0.3_german_gender_seed25,FixedAlpha_0.3,25,
25,26,0.745,0.10499999999999998,0.09000000000000002,t01rx610,fixed_alpha0.3_german_gender_seed25,FixedAlpha_0.3,25,
26,27,0.75,0.10499999999999998,0.10250000000000001,t01rx610,fixed_alpha0.3_german_gender_seed25,FixedAlpha_0.3,25,
27,28,0.75,0.10499999999999998,0.10250000000000001,t01rx610,fixed_alpha0.3_german_gender_seed25,FixedAlpha_0.3,25,
28,29,0.75,0.10499999999999998,0.10250000000000001,t01rx610,fixed_alpha0.3_german_gender_seed25,FixedAlpha_0.3,25,
29,30,0.745,0.09499999999999997,0.0975,t01rx610,fixed_alpha0.3_german_gender_seed25,FixedAlpha_0.3,25,
0,1,0.695,0.010000000000000009,0.0050000000000000044,4xiags90,fixed_alpha0.3_german_gender_seed24,FixedAlpha_0.3,24,
1,2,0.685,0.030000000000000027,0.015000000000000013,4xiags90,fixed_alpha0.3_german_gender_seed24,FixedAlpha_0.3,24,
2,3,0.69,0.020000000000000018,0.010000000000000009,4xiags90,fixed_alpha0.3_german_gender_seed24,FixedAlpha_0.3,24,
3,4,0.7,0.020000000000000018,0.02250000000000002,4xiags90,fixed_alpha0.3_german_gender_seed24,FixedAlpha_0.3,24,
4,5,0.705,0.030000000000000027,0.03999999999999998,4xiags90,fixed_alpha0.3_german_gender_seed24,FixedAlpha_0.3,24,
5,6,0.71,0.040000000000000036,0.05750000000000005,4xiags90,fixed_alpha0.3_german_gender_seed24,FixedAlpha_0.3,24,
6,7,0.71,0.050000000000000044,0.050000000000000044,4xiags90,fixed_alpha0.3_german_gender_seed24,FixedAlpha_0.3,24,
7,8,0.735,0.025000000000000022,0.0625,4xiags90,fixed_alpha0.3_german_gender_seed24,FixedAlpha_0.3,24,
8,9,0.735,0.04499999999999993,0.09749999999999998,4xiags90,fixed_alpha0.3_german_gender_seed24,FixedAlpha_0.3,24,
9,10,0.74,0.0050000000000000044,0.03999999999999998,4xiags90,fixed_alpha0.3_german_gender_seed24,FixedAlpha_0.3,24,
10,11,0.735,0.03500000000000003,0.017500000000000016,4xiags90,fixed_alpha0.3_german_gender_seed24,FixedAlpha_0.3,24,
11,12,0.745,0.025000000000000022,0.012500000000000011,4xiags90,fixed_alpha0.3_german_gender_seed24,FixedAlpha_0.3,24,
12,13,0.75,0.015000000000000013,0.03249999999999997,4xiags90,fixed_alpha0.3_german_gender_seed24,FixedAlpha_0.3,24,
13,14,0.745,0.0050000000000000044,0.02749999999999997,4xiags90,fixed_alpha0.3_german_gender_seed24,FixedAlpha_0.3,24,
14,15,0.745,0.0050000000000000044,0.02749999999999997,4xiags90,fixed_alpha0.3_german_gender_seed24,FixedAlpha_0.3,24,
15,16,0.74,0.0050000000000000044,0.02749999999999997,4xiags90,fixed_alpha0.3_german_gender_seed24,FixedAlpha_0.3,24,
16,17,0.735,0.020000000000000018,0.034999999999999976,4xiags90,fixed_alpha0.3_german_gender_seed24,FixedAlpha_0.3,24,
17,18,0.735,0.020000000000000018,0.034999999999999976,4xiags90,fixed_alpha0.3_german_gender_seed24,FixedAlpha_0.3,24,
18,19,0.735,0.020000000000000018,0.034999999999999976,4xiags90,fixed_alpha0.3_german_gender_seed24,FixedAlpha_0.3,24,
19,20,0.73,0.03500000000000003,0.017500000000000016,4xiags90,fixed_alpha0.3_german_gender_seed24,FixedAlpha_0.3,24,
20,21,0.735,0.03500000000000003,0.04250000000000004,4xiags90,fixed_alpha0.3_german_gender_seed24,FixedAlpha_0.3,24,
21,22,0.735,0.03500000000000003,0.04250000000000004,4xiags90,fixed_alpha0.3_german_gender_seed24,FixedAlpha_0.3,24,
22,23,0.725,0.08499999999999996,0.0675,4xiags90,fixed_alpha0.3_german_gender_seed24,FixedAlpha_0.3,24,
23,24,0.725,0.08499999999999996,0.0675,4xiags90,fixed_alpha0.3_german_gender_seed24,FixedAlpha_0.3,24,
24,25,0.715,0.09999999999999998,0.07500000000000001,4xiags90,fixed_alpha0.3_german_gender_seed24,FixedAlpha_0.3,24,
25,26,0.71,0.08999999999999997,0.07,4xiags90,fixed_alpha0.3_german_gender_seed24,FixedAlpha_0.3,24,
26,27,0.71,0.08999999999999997,0.07,4xiags90,fixed_alpha0.3_german_gender_seed24,FixedAlpha_0.3,24,
27,28,0.72,0.10999999999999999,0.08000000000000002,4xiags90,fixed_alpha0.3_german_gender_seed24,FixedAlpha_0.3,24,
28,29,0.715,0.09999999999999998,0.07500000000000001,4xiags90,fixed_alpha0.3_german_gender_seed24,FixedAlpha_0.3,24,
29,30,0.725,0.12,0.08500000000000002,4xiags90,fixed_alpha0.3_german_gender_seed24,FixedAlpha_0.3,24,
0,1,0.67,0.08000000000000007,0.05250000000000005,9r8ph2kc,fixed_alpha0.3_german_gender_seed26,FixedAlpha_0.3,26,
1,2,0.685,0.07999999999999996,0.07749999999999996,9r8ph2kc,fixed_alpha0.3_german_gender_seed26,FixedAlpha_0.3,26,
2,3,0.69,0.08999999999999997,0.08249999999999996,9r8ph2kc,fixed_alpha0.3_german_gender_seed26,FixedAlpha_0.3,26,
3,4,0.695,0.06499999999999995,0.06999999999999995,9r8ph2kc,fixed_alpha0.3_german_gender_seed26,FixedAlpha_0.3,26,
4,5,0.695,0.09999999999999998,0.08749999999999997,9r8ph2kc,fixed_alpha0.3_german_gender_seed26,FixedAlpha_0.3,26,
5,6,0.71,0.125,0.07500000000000001,9r8ph2kc,fixed_alpha0.3_german_gender_seed26,FixedAlpha_0.3,26,
6,7,0.715,0.12,0.09749999999999998,9r8ph2kc,fixed_alpha0.3_german_gender_seed26,FixedAlpha_0.3,26,
7,8,0.73,0.135,0.08000000000000002,9r8ph2kc,fixed_alpha0.3_german_gender_seed26,FixedAlpha_0.3,26,
8,9,0.745,0.135,0.09249999999999997,9r8ph2kc,fixed_alpha0.3_german_gender_seed26,FixedAlpha_0.3,26,
9,10,0.74,0.11499999999999999,0.057499999999999996,9r8ph2kc,fixed_alpha0.3_german_gender_seed26,FixedAlpha_0.3,26,
10,11,0.74,0.1050000000000001,0.06500000000000006,9r8ph2kc,fixed_alpha0.3_german_gender_seed26,FixedAlpha_0.3,26,
11,12,0.735,0.13,0.07750000000000001,9r8ph2kc,fixed_alpha0.3_german_gender_seed26,FixedAlpha_0.3,26,
12,13,0.725,0.18000000000000005,0.10250000000000004,9r8ph2kc,fixed_alpha0.3_german_gender_seed26,FixedAlpha_0.3,26,
13,14,0.725,0.18000000000000005,0.10250000000000004,9r8ph2kc,fixed_alpha0.3_german_gender_seed26,FixedAlpha_0.3,26,
14,15,0.73,0.18000000000000005,0.11500000000000005,9r8ph2kc,fixed_alpha0.3_german_gender_seed26,FixedAlpha_0.3,26,
15,16,0.74,0.18000000000000005,0.14,9r8ph2kc,fixed_alpha0.3_german_gender_seed26,FixedAlpha_0.3,26,
16,17,0.74,0.18000000000000005,0.14,9r8ph2kc,fixed_alpha0.3_german_gender_seed26,FixedAlpha_0.3,26,
17,18,0.74,0.18000000000000005,0.14,9r8ph2kc,fixed_alpha0.3_german_gender_seed26,FixedAlpha_0.3,26,
18,19,0.735,0.17000000000000004,0.135,9r8ph2kc,fixed_alpha0.3_german_gender_seed26,FixedAlpha_0.3,26,
19,20,0.735,0.15000000000000002,0.11249999999999999,9r8ph2kc,fixed_alpha0.3_german_gender_seed26,FixedAlpha_0.3,26,
20,21,0.74,0.15000000000000002,0.125,9r8ph2kc,fixed_alpha0.3_german_gender_seed26,FixedAlpha_0.3,26,
21,22,0.735,0.14,0.12,9r8ph2kc,fixed_alpha0.3_german_gender_seed26,FixedAlpha_0.3,26,
22,23,0.735,0.14,0.12,9r8ph2kc,fixed_alpha0.3_german_gender_seed26,FixedAlpha_0.3,26,
23,24,0.735,0.14,0.12,9r8ph2kc,fixed_alpha0.3_german_gender_seed26,FixedAlpha_0.3,26,
24,25,0.73,0.13,0.11499999999999999,9r8ph2kc,fixed_alpha0.3_german_gender_seed26,FixedAlpha_0.3,26,
25,26,0.725,0.15500000000000003,0.1275,9r8ph2kc,fixed_alpha0.3_german_gender_seed26,FixedAlpha_0.3,26,
26,27,0.725,0.15500000000000003,0.1275,9r8ph2kc,fixed_alpha0.3_german_gender_seed26,FixedAlpha_0.3,26,
27,28,0.725,0.15500000000000003,0.1275,9r8ph2kc,fixed_alpha0.3_german_gender_seed26,FixedAlpha_0.3,26,
28,29,0.73,0.15500000000000003,0.14,9r8ph2kc,fixed_alpha0.3_german_gender_seed26,FixedAlpha_0.3,26,
29,30,0.725,0.14500000000000002,0.135,9r8ph2kc,fixed_alpha0.3_german_gender_seed26,FixedAlpha_0.3,26,
0,1,0.53,0.030000000000000027,0.02749999999999997,e17f23su,fixed_alpha0.3_german_gender_seed28,FixedAlpha_0.3,28,
1,2,0.665,0.040000000000000036,0.044999999999999984,e17f23su,fixed_alpha0.3_german_gender_seed28,FixedAlpha_0.3,28,
2,3,0.705,0.010000000000000009,0.030000000000000027,e17f23su,fixed_alpha0.3_german_gender_seed28,FixedAlpha_0.3,28,
3,4,0.71,0.020000000000000018,0.034999999999999976,e17f23su,fixed_alpha0.3_german_gender_seed28,FixedAlpha_0.3,28,
4,5,0.71,0.010000000000000009,0.04249999999999998,e17f23su,fixed_alpha0.3_german_gender_seed28,FixedAlpha_0.3,28,
5,6,0.715,0.0,0.03749999999999998,e17f23su,fixed_alpha0.3_german_gender_seed28,FixedAlpha_0.3,28,
6,7,0.71,0.010000000000000009,0.04249999999999998,e17f23su,fixed_alpha0.3_german_gender_seed28,FixedAlpha_0.3,28,
7,8,0.7,0.015000000000000013,0.020000000000000018,e17f23su,fixed_alpha0.3_german_gender_seed28,FixedAlpha_0.3,28,
8,9,0.71,0.025000000000000022,0.0625,e17f23su,fixed_alpha0.3_german_gender_seed28,FixedAlpha_0.3,28,
9,10,0.725,0.03500000000000003,0.09250000000000003,e17f23su,fixed_alpha0.3_german_gender_seed28,FixedAlpha_0.3,28,
10,11,0.725,0.019999999999999907,0.09749999999999992,e17f23su,fixed_alpha0.3_german_gender_seed28,FixedAlpha_0.3,28,
11,12,0.74,0.015000000000000013,0.1325,e17f23su,fixed_alpha0.3_german_gender_seed28,FixedAlpha_0.3,28,
12,13,0.74,0.03500000000000003,0.1175,e17f23su,fixed_alpha0.3_german_gender_seed28,FixedAlpha_0.3,28,
13,14,0.745,0.03500000000000003,0.10500000000000004,e17f23su,fixed_alpha0.3_german_gender_seed28,FixedAlpha_0.3,28,
14,15,0.75,0.03500000000000003,0.05499999999999999,e17f23su,fixed_alpha0.3_german_gender_seed28,FixedAlpha_0.3,28,
15,16,0.74,0.015000000000000013,0.044999999999999984,e17f23su,fixed_alpha0.3_german_gender_seed28,FixedAlpha_0.3,28,
16,17,0.745,0.015000000000000013,0.03249999999999997,e17f23su,fixed_alpha0.3_german_gender_seed28,FixedAlpha_0.3,28,
17,18,0.75,0.0050000000000000044,0.03999999999999998,e17f23su,fixed_alpha0.3_german_gender_seed28,FixedAlpha_0.3,28,
18,19,0.745,0.0050000000000000044,0.014999999999999958,e17f23su,fixed_alpha0.3_german_gender_seed28,FixedAlpha_0.3,28,
19,20,0.745,0.0050000000000000044,0.014999999999999958,e17f23su,fixed_alpha0.3_german_gender_seed28,FixedAlpha_0.3,28,
20,21,0.745,0.0050000000000000044,0.014999999999999958,e17f23su,fixed_alpha0.3_german_gender_seed28,FixedAlpha_0.3,28,
21,22,0.745,0.030000000000000027,0.015000000000000013,e17f23su,fixed_alpha0.3_german_gender_seed28,FixedAlpha_0.3,28,
22,23,0.745,0.030000000000000027,0.015000000000000013,e17f23su,fixed_alpha0.3_german_gender_seed28,FixedAlpha_0.3,28,
23,24,0.74,0.05500000000000005,0.027500000000000024,e17f23su,fixed_alpha0.3_german_gender_seed28,FixedAlpha_0.3,28,
24,25,0.745,0.05500000000000005,0.040000000000000036,e17f23su,fixed_alpha0.3_german_gender_seed28,FixedAlpha_0.3,28,
25,26,0.735,0.06999999999999995,0.04749999999999999,e17f23su,fixed_alpha0.3_german_gender_seed28,FixedAlpha_0.3,28,
26,27,0.735,0.06999999999999995,0.04749999999999999,e17f23su,fixed_alpha0.3_german_gender_seed28,FixedAlpha_0.3,28,
27,28,0.735,0.06999999999999995,0.04749999999999999,e17f23su,fixed_alpha0.3_german_gender_seed28,FixedAlpha_0.3,28,
28,29,0.735,0.06999999999999995,0.04749999999999999,e17f23su,fixed_alpha0.3_german_gender_seed28,FixedAlpha_0.3,28,
29,30,0.735,0.06999999999999995,0.04749999999999999,e17f23su,fixed_alpha0.3_german_gender_seed28,FixedAlpha_0.3,28,
0,1,0.705,0.030000000000000027,0.03999999999999998,7sdy6sro,fixed_alpha0.3_german_gender_seed27,FixedAlpha_0.3,27,
1,2,0.705,0.030000000000000027,0.03999999999999998,7sdy6sro,fixed_alpha0.3_german_gender_seed27,FixedAlpha_0.3,27,
2,3,0.71,0.040000000000000036,0.044999999999999984,7sdy6sro,fixed_alpha0.3_german_gender_seed27,FixedAlpha_0.3,27,
3,4,0.705,0.040000000000000036,0.044999999999999984,7sdy6sro,fixed_alpha0.3_german_gender_seed27,FixedAlpha_0.3,27,
4,5,0.71,0.040000000000000036,0.07,7sdy6sro,fixed_alpha0.3_german_gender_seed27,FixedAlpha_0.3,27,
5,6,0.72,0.020000000000000018,0.010000000000000009,7sdy6sro,fixed_alpha0.3_german_gender_seed27,FixedAlpha_0.3,27,
6,7,0.715,0.020000000000000018,0.02250000000000002,7sdy6sro,fixed_alpha0.3_german_gender_seed27,FixedAlpha_0.3,27,
7,8,0.71,0.0,0.0,7sdy6sro,fixed_alpha0.3_german_gender_seed27,FixedAlpha_0.3,27,
8,9,0.715,0.0,0.024999999999999967,7sdy6sro,fixed_alpha0.3_german_gender_seed27,FixedAlpha_0.3,27,
9,10,0.715,0.014999999999999902,0.04499999999999993,7sdy6sro,fixed_alpha0.3_german_gender_seed27,FixedAlpha_0.3,27,
10,11,0.73,0.06499999999999995,0.044999999999999984,7sdy6sro,fixed_alpha0.3_german_gender_seed27,FixedAlpha_0.3,27,
11,12,0.73,0.05500000000000005,0.027500000000000024,7sdy6sro,fixed_alpha0.3_german_gender_seed27,FixedAlpha_0.3,27,
12,13,0.735,0.05500000000000005,0.03999999999999998,7sdy6sro,fixed_alpha0.3_german_gender_seed27,FixedAlpha_0.3,27,
13,14,0.745,0.04500000000000004,0.07250000000000001,7sdy6sro,fixed_alpha0.3_german_gender_seed27,FixedAlpha_0.3,27,
14,15,0.76,0.07000000000000006,0.09750000000000003,7sdy6sro,fixed_alpha0.3_german_gender_seed27,FixedAlpha_0.3,27,
15,16,0.76,0.07000000000000006,0.09750000000000003,7sdy6sro,fixed_alpha0.3_german_gender_seed27,FixedAlpha_0.3,27,
16,17,0.74,0.135,0.13,7sdy6sro,fixed_alpha0.3_german_gender_seed27,FixedAlpha_0.3,27,
17,18,0.745,0.14500000000000002,0.135,7sdy6sro,fixed_alpha0.3_german_gender_seed27,FixedAlpha_0.3,27,
18,19,0.74,0.135,0.13,7sdy6sro,fixed_alpha0.3_german_gender_seed27,FixedAlpha_0.3,27,
19,20,0.74,0.16000000000000003,0.15500000000000003,7sdy6sro,fixed_alpha0.3_german_gender_seed27,FixedAlpha_0.3,27,
20,21,0.745,0.16000000000000003,0.13,7sdy6sro,fixed_alpha0.3_german_gender_seed27,FixedAlpha_0.3,27,
21,22,0.75,0.15000000000000002,0.15,7sdy6sro,fixed_alpha0.3_german_gender_seed27,FixedAlpha_0.3,27,
22,23,0.75,0.17500000000000004,0.13750000000000004,7sdy6sro,fixed_alpha0.3_german_gender_seed27,FixedAlpha_0.3,27,
23,24,0.75,0.17500000000000004,0.13750000000000004,7sdy6sro,fixed_alpha0.3_german_gender_seed27,FixedAlpha_0.3,27,
24,25,0.755,0.18500000000000005,0.14250000000000004,7sdy6sro,fixed_alpha0.3_german_gender_seed27,FixedAlpha_0.3,27,
25,26,0.755,0.18500000000000005,0.14250000000000004,7sdy6sro,fixed_alpha0.3_german_gender_seed27,FixedAlpha_0.3,27,
26,27,0.755,0.15000000000000002,0.12500000000000003,7sdy6sro,fixed_alpha0.3_german_gender_seed27,FixedAlpha_0.3,27,
27,28,0.755,0.15000000000000002,0.12500000000000003,7sdy6sro,fixed_alpha0.3_german_gender_seed27,FixedAlpha_0.3,27,
28,29,0.755,0.15000000000000002,0.12500000000000003,7sdy6sro,fixed_alpha0.3_german_gender_seed27,FixedAlpha_0.3,27,
29,30,0.75,0.17500000000000004,0.13750000000000004,7sdy6sro,fixed_alpha0.3_german_gender_seed27,FixedAlpha_0.3,27,
0,1,0.375,0.024999999999999994,0.06249999999999999,1c7sukvp,fixed_alpha0.470806_german_gender_seed1,FixedAlpha_0.470806,1,
1,2,0.515,0.07,0.0475,1c7sukvp,fixed_alpha0.470806_german_gender_seed1,FixedAlpha_0.470806,1,
2,3,0.63,0.015000000000000013,0.044999999999999984,1c7sukvp,fixed_alpha0.470806_german_gender_seed1,FixedAlpha_0.470806,1,
3,4,0.715,0.08000000000000007,0.05250000000000005,1c7sukvp,fixed_alpha0.470806_german_gender_seed1,FixedAlpha_0.470806,1,
4,5,0.705,0.0,0.07500000000000001,1c7sukvp,fixed_alpha0.470806_german_gender_seed1,FixedAlpha_0.470806,1,
5,6,0.73,0.04499999999999993,0.05999999999999994,1c7sukvp,fixed_alpha0.470806_german_gender_seed1,FixedAlpha_0.470806,1,
6,7,0.725,0.06499999999999995,0.06999999999999995,1c7sukvp,fixed_alpha0.470806_german_gender_seed1,FixedAlpha_0.470806,1,
7,8,0.715,0.05499999999999994,0.07749999999999996,1c7sukvp,fixed_alpha0.470806_german_gender_seed1,FixedAlpha_0.470806,1,
8,9,0.72,0.05499999999999994,0.06499999999999995,1c7sukvp,fixed_alpha0.470806_german_gender_seed1,FixedAlpha_0.470806,1,
9,10,0.715,0.03499999999999992,0.04249999999999993,1c7sukvp,fixed_alpha0.470806_german_gender_seed1,FixedAlpha_0.470806,1,
10,11,0.725,0.02499999999999991,0.07499999999999996,1c7sukvp,fixed_alpha0.470806_german_gender_seed1,FixedAlpha_0.470806,1,
11,12,0.735,0.04999999999999993,0.04999999999999999,1c7sukvp,fixed_alpha0.470806_german_gender_seed1,FixedAlpha_0.470806,1,
12,13,0.74,0.030000000000000027,0.03999999999999998,1c7sukvp,fixed_alpha0.470806_german_gender_seed1,FixedAlpha_0.470806,1,
13,14,0.73,0.06000000000000005,0.030000000000000027,1c7sukvp,fixed_alpha0.470806_german_gender_seed1,FixedAlpha_0.470806,1,
14,15,0.73,0.06000000000000005,0.030000000000000027,1c7sukvp,fixed_alpha0.470806_german_gender_seed1,FixedAlpha_0.470806,1,
15,16,0.735,0.040000000000000036,0.020000000000000018,1c7sukvp,fixed_alpha0.470806_german_gender_seed1,FixedAlpha_0.470806,1,
16,17,0.735,0.08999999999999997,0.06999999999999995,1c7sukvp,fixed_alpha0.470806_german_gender_seed1,FixedAlpha_0.470806,1,
17,18,0.735,0.08999999999999997,0.06999999999999995,1c7sukvp,fixed_alpha0.470806_german_gender_seed1,FixedAlpha_0.470806,1,
18,19,0.74,0.07999999999999996,0.05249999999999999,1c7sukvp,fixed_alpha0.470806_german_gender_seed1,FixedAlpha_0.470806,1,
19,20,0.73,0.09499999999999997,0.06,1c7sukvp,fixed_alpha0.470806_german_gender_seed1,FixedAlpha_0.470806,1,
20,21,0.73,0.09499999999999997,0.06,1c7sukvp,fixed_alpha0.470806_german_gender_seed1,FixedAlpha_0.470806,1,
21,22,0.73,0.09499999999999997,0.06,1c7sukvp,fixed_alpha0.470806_german_gender_seed1,FixedAlpha_0.470806,1,
22,23,0.73,0.09499999999999997,0.06,1c7sukvp,fixed_alpha0.470806_german_gender_seed1,FixedAlpha_0.470806,1,
23,24,0.73,0.09499999999999997,0.06,1c7sukvp,fixed_alpha0.470806_german_gender_seed1,FixedAlpha_0.470806,1,
24,25,0.72,0.10999999999999999,0.0675,1c7sukvp,fixed_alpha0.470806_german_gender_seed1,FixedAlpha_0.470806,1,
25,26,0.72,0.10999999999999999,0.0675,1c7sukvp,fixed_alpha0.470806_german_gender_seed1,FixedAlpha_0.470806,1,
26,27,0.725,0.10999999999999999,0.08000000000000002,1c7sukvp,fixed_alpha0.470806_german_gender_seed1,FixedAlpha_0.470806,1,
27,28,0.725,0.10999999999999999,0.08000000000000002,1c7sukvp,fixed_alpha0.470806_german_gender_seed1,FixedAlpha_0.470806,1,
28,29,0.725,0.10999999999999999,0.08000000000000002,1c7sukvp,fixed_alpha0.470806_german_gender_seed1,FixedAlpha_0.470806,1,
29,30,0.725,0.10999999999999999,0.08000000000000002,1c7sukvp,fixed_alpha0.470806_german_gender_seed1,FixedAlpha_0.470806,1,
0,1,0.575,0.07500000000000007,0.12500000000000006,yqtp0y8w,fixed_alpha0.3_german_gender_seed29,FixedAlpha_0.3,29,
1,2,0.68,0.015000000000000013,0.057499999999999996,yqtp0y8w,fixed_alpha0.3_german_gender_seed29,FixedAlpha_0.3,29,
2,3,0.66,0.040000000000000036,0.05750000000000005,yqtp0y8w,fixed_alpha0.3_german_gender_seed29,FixedAlpha_0.3,29,
3,4,0.68,0.07499999999999996,0.03749999999999998,yqtp0y8w,fixed_alpha0.3_german_gender_seed29,FixedAlpha_0.3,29,
4,5,0.705,0.020000000000000018,0.010000000000000009,yqtp0y8w,fixed_alpha0.3_german_gender_seed29,FixedAlpha_0.3,29,
5,6,0.705,0.0050000000000000044,0.015000000000000013,yqtp0y8w,fixed_alpha0.3_german_gender_seed29,FixedAlpha_0.3,29,
6,7,0.71,0.015000000000000013,0.03250000000000003,yqtp0y8w,fixed_alpha0.3_german_gender_seed29,FixedAlpha_0.3,29,
7,8,0.71,0.03500000000000003,0.017500000000000016,yqtp0y8w,fixed_alpha0.3_german_gender_seed29,FixedAlpha_0.3,29,
8,9,0.72,0.010000000000000009,0.04249999999999998,yqtp0y8w,fixed_alpha0.3_german_gender_seed29,FixedAlpha_0.3,29,
9,10,0.72,0.0050000000000000044,0.027500000000000024,yqtp0y8w,fixed_alpha0.3_german_gender_seed29,FixedAlpha_0.3,29,
10,11,0.74,0.030000000000000027,0.10250000000000004,yqtp0y8w,fixed_alpha0.3_german_gender_seed29,FixedAlpha_0.3,29,
11,12,0.74,0.010000000000000009,0.08000000000000002,yqtp0y8w,fixed_alpha0.3_german_gender_seed29,FixedAlpha_0.3,29,
12,13,0.75,0.0,0.07499999999999996,yqtp0y8w,fixed_alpha0.3_german_gender_seed29,FixedAlpha_0.3,29,
13,14,0.76,0.010000000000000009,0.05499999999999999,yqtp0y8w,fixed_alpha0.3_german_gender_seed29,FixedAlpha_0.3,29,
14,15,0.77,0.010000000000000009,0.1175,yqtp0y8w,fixed_alpha0.3_german_gender_seed29,FixedAlpha_0.3,29,
15,16,0.77,0.010000000000000009,0.1175,yqtp0y8w,fixed_alpha0.3_german_gender_seed29,FixedAlpha_0.3,29,
16,17,0.77,0.010000000000000009,0.1175,yqtp0y8w,fixed_alpha0.3_german_gender_seed29,FixedAlpha_0.3,29,
17,18,0.78,0.010000000000000009,0.030000000000000027,yqtp0y8w,fixed_alpha0.3_german_gender_seed29,FixedAlpha_0.3,29,
18,19,0.775,0.0,0.025000000000000022,yqtp0y8w,fixed_alpha0.3_german_gender_seed29,FixedAlpha_0.3,29,
19,20,0.785,0.0,0.012500000000000011,yqtp0y8w,fixed_alpha0.3_german_gender_seed29,FixedAlpha_0.3,29,
20,21,0.785,0.0,0.05000000000000002,yqtp0y8w,fixed_alpha0.3_german_gender_seed29,FixedAlpha_0.3,29,
21,22,0.79,0.0,0.024999999999999994,yqtp0y8w,fixed_alpha0.3_german_gender_seed29,FixedAlpha_0.3,29,
22,23,0.78,0.015000000000000013,0.0325,yqtp0y8w,fixed_alpha0.3_german_gender_seed29,FixedAlpha_0.3,29,
23,24,0.78,0.015000000000000013,0.0325,yqtp0y8w,fixed_alpha0.3_german_gender_seed29,FixedAlpha_0.3,29,
24,25,0.775,0.040000000000000036,0.04500000000000001,yqtp0y8w,fixed_alpha0.3_german_gender_seed29,FixedAlpha_0.3,29,
25,26,0.775,0.040000000000000036,0.04500000000000001,yqtp0y8w,fixed_alpha0.3_german_gender_seed29,FixedAlpha_0.3,29,
26,27,0.775,0.040000000000000036,0.04500000000000001,yqtp0y8w,fixed_alpha0.3_german_gender_seed29,FixedAlpha_0.3,29,
27,28,0.78,0.015000000000000013,0.0325,yqtp0y8w,fixed_alpha0.3_german_gender_seed29,FixedAlpha_0.3,29,
28,29,0.78,0.015000000000000013,0.0325,yqtp0y8w,fixed_alpha0.3_german_gender_seed29,FixedAlpha_0.3,29,
29,30,0.775,0.0050000000000000044,0.027499999999999997,yqtp0y8w,fixed_alpha0.3_german_gender_seed29,FixedAlpha_0.3,29,
0,1,0.59,0.05500000000000005,0.04000000000000001,1lr11eig,fixed_alpha0.470806_german_gender_seed0,FixedAlpha_0.470806,0,
1,2,0.655,0.04499999999999993,0.05999999999999994,1lr11eig,fixed_alpha0.470806_german_gender_seed0,FixedAlpha_0.470806,0,
2,3,0.71,0.0050000000000000044,0.03999999999999998,1lr11eig,fixed_alpha0.470806_german_gender_seed0,FixedAlpha_0.470806,0,
3,4,0.705,0.04499999999999993,0.022499999999999964,1lr11eig,fixed_alpha0.470806_german_gender_seed0,FixedAlpha_0.470806,0,
4,5,0.715,0.015000000000000013,0.03250000000000003,1lr11eig,fixed_alpha0.470806_german_gender_seed0,FixedAlpha_0.470806,0,
5,6,0.715,0.025000000000000022,0.012500000000000011,1lr11eig,fixed_alpha0.470806_german_gender_seed0,FixedAlpha_0.470806,0,
6,7,0.73,0.025000000000000022,0.04999999999999999,1lr11eig,fixed_alpha0.470806_german_gender_seed0,FixedAlpha_0.470806,0,
7,8,0.72,0.04499999999999993,0.05999999999999994,1lr11eig,fixed_alpha0.470806_german_gender_seed0,FixedAlpha_0.470806,0,
8,9,0.715,0.06499999999999995,0.08249999999999996,1lr11eig,fixed_alpha0.470806_german_gender_seed0,FixedAlpha_0.470806,0,
9,10,0.71,0.03500000000000003,0.10499999999999998,1lr11eig,fixed_alpha0.470806_german_gender_seed0,FixedAlpha_0.470806,0,
10,11,0.7,0.030000000000000027,0.09000000000000002,1lr11eig,fixed_alpha0.470806_german_gender_seed0,FixedAlpha_0.470806,0,
11,12,0.705,0.04500000000000004,0.09750000000000003,1lr11eig,fixed_alpha0.470806_german_gender_seed0,FixedAlpha_0.470806,0,
12,13,0.71,0.04500000000000004,0.07250000000000001,1lr11eig,fixed_alpha0.470806_german_gender_seed0,FixedAlpha_0.470806,0,
13,14,0.71,0.03500000000000003,0.08000000000000002,1lr11eig,fixed_alpha0.470806_german_gender_seed0,FixedAlpha_0.470806,0,
14,15,0.705,0.025000000000000022,0.07500000000000001,1lr11eig,fixed_alpha0.470806_german_gender_seed0,FixedAlpha_0.470806,0,
15,16,0.7,0.015000000000000013,0.07,1lr11eig,fixed_alpha0.470806_german_gender_seed0,FixedAlpha_0.470806,0,
16,17,0.7,0.039999999999999925,0.057499999999999996,1lr11eig,fixed_alpha0.470806_german_gender_seed0,FixedAlpha_0.470806,0,
17,18,0.715,0.015000000000000013,0.03249999999999997,1lr11eig,fixed_alpha0.470806_german_gender_seed0,FixedAlpha_0.470806,0,
18,19,0.71,0.0050000000000000044,0.02749999999999997,1lr11eig,fixed_alpha0.470806_german_gender_seed0,FixedAlpha_0.470806,0,
19,20,0.705,0.0050000000000000044,0.02749999999999997,1lr11eig,fixed_alpha0.470806_german_gender_seed0,FixedAlpha_0.470806,0,
20,21,0.705,0.0050000000000000044,0.02749999999999997,1lr11eig,fixed_alpha0.470806_german_gender_seed0,FixedAlpha_0.470806,0,
21,22,0.705,0.019999999999999907,0.009999999999999953,1lr11eig,fixed_alpha0.470806_german_gender_seed0,FixedAlpha_0.470806,0,
22,23,0.695,0.0,0.0,1lr11eig,fixed_alpha0.470806_german_gender_seed0,FixedAlpha_0.470806,0,
23,24,0.695,0.0,0.0,1lr11eig,fixed_alpha0.470806_german_gender_seed0,FixedAlpha_0.470806,0,
24,25,0.695,0.0,0.0,1lr11eig,fixed_alpha0.470806_german_gender_seed0,FixedAlpha_0.470806,0,
25,26,0.7,0.0,0.012500000000000011,1lr11eig,fixed_alpha0.470806_german_gender_seed0,FixedAlpha_0.470806,0,
26,27,0.7,0.0,0.012500000000000011,1lr11eig,fixed_alpha0.470806_german_gender_seed0,FixedAlpha_0.470806,0,
27,28,0.7,0.0,0.012500000000000011,1lr11eig,fixed_alpha0.470806_german_gender_seed0,FixedAlpha_0.470806,0,
28,29,0.7,0.0,0.012500000000000011,1lr11eig,fixed_alpha0.470806_german_gender_seed0,FixedAlpha_0.470806,0,
29,30,0.7,0.0,0.012500000000000011,1lr11eig,fixed_alpha0.470806_german_gender_seed0,FixedAlpha_0.470806,0,
0,1,0.49,0.024999999999999967,0.024999999999999994,9ku4r1zy,fixed_alpha0.470806_german_gender_seed4,FixedAlpha_0.470806,4,
1,2,0.59,0.05500000000000005,0.09000000000000005,9ku4r1zy,fixed_alpha0.470806_german_gender_seed4,FixedAlpha_0.470806,4,
2,3,0.66,0.06500000000000006,0.14500000000000002,9ku4r1zy,fixed_alpha0.470806_german_gender_seed4,FixedAlpha_0.470806,4,
3,4,0.715,0.020000000000000018,0.09750000000000003,9ku4r1zy,fixed_alpha0.470806_german_gender_seed4,FixedAlpha_0.470806,4,
4,5,0.735,0.020000000000000018,0.04749999999999999,9ku4r1zy,fixed_alpha0.470806_german_gender_seed4,FixedAlpha_0.470806,4,
5,6,0.725,0.015000000000000013,0.020000000000000018,9ku4r1zy,fixed_alpha0.470806_german_gender_seed4,FixedAlpha_0.470806,4,
6,7,0.705,0.015000000000000013,0.044999999999999984,9ku4r1zy,fixed_alpha0.470806_german_gender_seed4,FixedAlpha_0.470806,4,
7,8,0.705,0.015000000000000013,0.044999999999999984,9ku4r1zy,fixed_alpha0.470806_german_gender_seed4,FixedAlpha_0.470806,4,
8,9,0.705,0.015000000000000013,0.044999999999999984,9ku4r1zy,fixed_alpha0.470806_german_gender_seed4,FixedAlpha_0.470806,4,
9,10,0.7,0.0050000000000000044,0.05249999999999999,9ku4r1zy,fixed_alpha0.470806_german_gender_seed4,FixedAlpha_0.470806,4,
10,11,0.7,0.0050000000000000044,0.05249999999999999,9ku4r1zy,fixed_alpha0.470806_german_gender_seed4,FixedAlpha_0.470806,4,
11,12,0.73,0.0050000000000000044,0.015000000000000013,9ku4r1zy,fixed_alpha0.470806_german_gender_seed4,FixedAlpha_0.470806,4,
12,13,0.755,0.0050000000000000044,0.0025000000000000022,9ku4r1zy,fixed_alpha0.470806_german_gender_seed4,FixedAlpha_0.470806,4,
13,14,0.755,0.015000000000000013,0.020000000000000018,9ku4r1zy,fixed_alpha0.470806_german_gender_seed4,FixedAlpha_0.470806,4,
14,15,0.755,0.015000000000000013,0.020000000000000018,9ku4r1zy,fixed_alpha0.470806_german_gender_seed4,FixedAlpha_0.470806,4,
15,16,0.74,0.039999999999999925,0.05749999999999994,9ku4r1zy,fixed_alpha0.470806_german_gender_seed4,FixedAlpha_0.470806,4,
16,17,0.725,0.08000000000000007,0.07750000000000001,9ku4r1zy,fixed_alpha0.470806_german_gender_seed4,FixedAlpha_0.470806,4,
17,18,0.73,0.09500000000000008,0.12250000000000005,9ku4r1zy,fixed_alpha0.470806_german_gender_seed4,FixedAlpha_0.470806,4,
18,19,0.73,0.09500000000000008,0.12250000000000005,9ku4r1zy,fixed_alpha0.470806_german_gender_seed4,FixedAlpha_0.470806,4,
19,20,0.73,0.08500000000000008,0.13000000000000006,9ku4r1zy,fixed_alpha0.470806_german_gender_seed4,FixedAlpha_0.470806,4,
20,21,0.725,0.10999999999999999,0.14250000000000002,9ku4r1zy,fixed_alpha0.470806_german_gender_seed4,FixedAlpha_0.470806,4,
21,22,0.725,0.10999999999999999,0.14250000000000002,9ku4r1zy,fixed_alpha0.470806_german_gender_seed4,FixedAlpha_0.470806,4,
22,23,0.73,0.10999999999999999,0.1175,9ku4r1zy,fixed_alpha0.470806_german_gender_seed4,FixedAlpha_0.470806,4,
23,24,0.735,0.10999999999999999,0.09250000000000003,9ku4r1zy,fixed_alpha0.470806_german_gender_seed4,FixedAlpha_0.470806,4,
24,25,0.745,0.135,0.14250000000000002,9ku4r1zy,fixed_alpha0.470806_german_gender_seed4,FixedAlpha_0.470806,4,
25,26,0.75,0.135,0.15500000000000003,9ku4r1zy,fixed_alpha0.470806_german_gender_seed4,FixedAlpha_0.470806,4,
26,27,0.75,0.135,0.15500000000000003,9ku4r1zy,fixed_alpha0.470806_german_gender_seed4,FixedAlpha_0.470806,4,
27,28,0.755,0.11499999999999999,0.145,9ku4r1zy,fixed_alpha0.470806_german_gender_seed4,FixedAlpha_0.470806,4,
28,29,0.755,0.11499999999999999,0.145,9ku4r1zy,fixed_alpha0.470806_german_gender_seed4,FixedAlpha_0.470806,4,
29,30,0.755,0.11499999999999999,0.145,9ku4r1zy,fixed_alpha0.470806_german_gender_seed4,FixedAlpha_0.470806,4,
0,1,0.45,0.015000000000000013,0.07000000000000002,ncbdjana,fixed_alpha0.470806_german_gender_seed2,FixedAlpha_0.470806,2,
1,2,0.56,0.09499999999999997,0.06,ncbdjana,fixed_alpha0.470806_german_gender_seed2,FixedAlpha_0.470806,2,
2,3,0.635,0.10499999999999998,0.065,ncbdjana,fixed_alpha0.470806_german_gender_seed2,FixedAlpha_0.470806,2,
3,4,0.705,0.015000000000000013,0.03250000000000003,ncbdjana,fixed_alpha0.470806_german_gender_seed2,FixedAlpha_0.470806,2,
4,5,0.72,0.030000000000000027,0.05250000000000005,ncbdjana,fixed_alpha0.470806_german_gender_seed2,FixedAlpha_0.470806,2,
5,6,0.725,0.02499999999999991,0.062499999999999944,ncbdjana,fixed_alpha0.470806_german_gender_seed2,FixedAlpha_0.470806,2,
6,7,0.71,0.02499999999999991,0.062499999999999944,ncbdjana,fixed_alpha0.470806_german_gender_seed2,FixedAlpha_0.470806,2,
7,8,0.72,0.0,0.024999999999999967,ncbdjana,fixed_alpha0.470806_german_gender_seed2,FixedAlpha_0.470806,2,
8,9,0.725,0.019999999999999907,0.034999999999999976,ncbdjana,fixed_alpha0.470806_german_gender_seed2,FixedAlpha_0.470806,2,
9,10,0.735,0.029999999999999916,0.07749999999999996,ncbdjana,fixed_alpha0.470806_german_gender_seed2,FixedAlpha_0.470806,2,
10,11,0.735,0.025000000000000022,0.0625,ncbdjana,fixed_alpha0.470806_german_gender_seed2,FixedAlpha_0.470806,2,
11,12,0.73,0.08999999999999997,0.057499999999999996,ncbdjana,fixed_alpha0.470806_german_gender_seed2,FixedAlpha_0.470806,2,
12,13,0.725,0.09499999999999997,0.04749999999999999,ncbdjana,fixed_alpha0.470806_german_gender_seed2,FixedAlpha_0.470806,2,
13,14,0.735,0.09499999999999997,0.06,ncbdjana,fixed_alpha0.470806_german_gender_seed2,FixedAlpha_0.470806,2,
14,15,0.735,0.09499999999999997,0.06,ncbdjana,fixed_alpha0.470806_german_gender_seed2,FixedAlpha_0.470806,2,
15,16,0.735,0.09499999999999997,0.06,ncbdjana,fixed_alpha0.470806_german_gender_seed2,FixedAlpha_0.470806,2,
16,17,0.735,0.08499999999999996,0.04249999999999998,ncbdjana,fixed_alpha0.470806_german_gender_seed2,FixedAlpha_0.470806,2,
17,18,0.735,0.08499999999999996,0.04249999999999998,ncbdjana,fixed_alpha0.470806_german_gender_seed2,FixedAlpha_0.470806,2,
18,19,0.735,0.08499999999999996,0.04249999999999998,ncbdjana,fixed_alpha0.470806_german_gender_seed2,FixedAlpha_0.470806,2,
19,20,0.74,0.08499999999999996,0.05499999999999999,ncbdjana,fixed_alpha0.470806_german_gender_seed2,FixedAlpha_0.470806,2,
20,21,0.74,0.08499999999999996,0.05499999999999999,ncbdjana,fixed_alpha0.470806_german_gender_seed2,FixedAlpha_0.470806,2,
21,22,0.74,0.07499999999999996,0.04999999999999996,ncbdjana,fixed_alpha0.470806_german_gender_seed2,FixedAlpha_0.470806,2,
22,23,0.74,0.10999999999999999,0.06749999999999998,ncbdjana,fixed_alpha0.470806_german_gender_seed2,FixedAlpha_0.470806,2,
23,24,0.745,0.12,0.07249999999999998,ncbdjana,fixed_alpha0.470806_german_gender_seed2,FixedAlpha_0.470806,2,
24,25,0.74,0.10999999999999999,0.06749999999999998,ncbdjana,fixed_alpha0.470806_german_gender_seed2,FixedAlpha_0.470806,2,
25,26,0.735,0.09999999999999998,0.06249999999999997,ncbdjana,fixed_alpha0.470806_german_gender_seed2,FixedAlpha_0.470806,2,
26,27,0.735,0.09999999999999998,0.06249999999999997,ncbdjana,fixed_alpha0.470806_german_gender_seed2,FixedAlpha_0.470806,2,
27,28,0.73,0.125,0.07499999999999998,ncbdjana,fixed_alpha0.470806_german_gender_seed2,FixedAlpha_0.470806,2,
28,29,0.725,0.125,0.07500000000000001,ncbdjana,fixed_alpha0.470806_german_gender_seed2,FixedAlpha_0.470806,2,
29,30,0.725,0.125,0.07500000000000001,ncbdjana,fixed_alpha0.470806_german_gender_seed2,FixedAlpha_0.470806,2,
0,1,0.55,0.06999999999999995,0.12249999999999997,2to2n0lu,fixed_alpha0.470806_german_gender_seed7,FixedAlpha_0.470806,7,
1,2,0.63,0.17499999999999993,0.1375,2to2n0lu,fixed_alpha0.470806_german_gender_seed7,FixedAlpha_0.470806,7,
2,3,0.675,0.08500000000000008,0.09250000000000003,2to2n0lu,fixed_alpha0.470806_german_gender_seed7,FixedAlpha_0.470806,7,
3,4,0.69,0.06499999999999995,0.06999999999999995,2to2n0lu,fixed_alpha0.470806_german_gender_seed7,FixedAlpha_0.470806,7,
4,5,0.7,0.04999999999999993,0.062499999999999944,2to2n0lu,fixed_alpha0.470806_german_gender_seed7,FixedAlpha_0.470806,7,
5,6,0.705,0.03499999999999992,0.06749999999999995,2to2n0lu,fixed_alpha0.470806_german_gender_seed7,FixedAlpha_0.470806,7,
6,7,0.7,0.05999999999999994,0.07999999999999996,2to2n0lu,fixed_alpha0.470806_german_gender_seed7,FixedAlpha_0.470806,7,
7,8,0.705,0.07499999999999996,0.08749999999999997,2to2n0lu,fixed_alpha0.470806_german_gender_seed7,FixedAlpha_0.470806,7,
8,9,0.705,0.13,0.09000000000000002,2to2n0lu,fixed_alpha0.470806_german_gender_seed7,FixedAlpha_0.470806,7,
9,10,0.72,0.09999999999999998,0.0625,2to2n0lu,fixed_alpha0.470806_german_gender_seed7,FixedAlpha_0.470806,7,
10,11,0.73,0.08999999999999997,0.06999999999999995,2to2n0lu,fixed_alpha0.470806_german_gender_seed7,FixedAlpha_0.470806,7,
11,12,0.725,0.09499999999999997,0.04749999999999999,2to2n0lu,fixed_alpha0.470806_german_gender_seed7,FixedAlpha_0.470806,7,
12,13,0.72,0.09499999999999997,0.07249999999999995,2to2n0lu,fixed_alpha0.470806_german_gender_seed7,FixedAlpha_0.470806,7,
13,14,0.735,0.09499999999999997,0.07250000000000001,2to2n0lu,fixed_alpha0.470806_german_gender_seed7,FixedAlpha_0.470806,7,
14,15,0.74,0.06999999999999995,0.06,2to2n0lu,fixed_alpha0.470806_german_gender_seed7,FixedAlpha_0.470806,7,
15,16,0.735,0.06999999999999995,0.04749999999999999,2to2n0lu,fixed_alpha0.470806_german_gender_seed7,FixedAlpha_0.470806,7,
16,17,0.72,0.08499999999999996,0.07999999999999996,2to2n0lu,fixed_alpha0.470806_german_gender_seed7,FixedAlpha_0.470806,7,
17,18,0.725,0.08499999999999996,0.09249999999999997,2to2n0lu,fixed_alpha0.470806_german_gender_seed7,FixedAlpha_0.470806,7,
18,19,0.725,0.08499999999999996,0.09249999999999997,2to2n0lu,fixed_alpha0.470806_german_gender_seed7,FixedAlpha_0.470806,7,
19,20,0.72,0.07499999999999996,0.08749999999999997,2to2n0lu,fixed_alpha0.470806_german_gender_seed7,FixedAlpha_0.470806,7,
20,21,0.715,0.08999999999999997,0.10749999999999998,2to2n0lu,fixed_alpha0.470806_german_gender_seed7,FixedAlpha_0.470806,7,
21,22,0.72,0.08999999999999997,0.11999999999999997,2to2n0lu,fixed_alpha0.470806_german_gender_seed7,FixedAlpha_0.470806,7,
22,23,0.735,0.135,0.13000000000000003,2to2n0lu,fixed_alpha0.470806_german_gender_seed7,FixedAlpha_0.470806,7,
23,24,0.725,0.16000000000000003,0.1675,2to2n0lu,fixed_alpha0.470806_german_gender_seed7,FixedAlpha_0.470806,7,
24,25,0.725,0.16000000000000003,0.1675,2to2n0lu,fixed_alpha0.470806_german_gender_seed7,FixedAlpha_0.470806,7,
25,26,0.725,0.16000000000000003,0.1675,2to2n0lu,fixed_alpha0.470806_german_gender_seed7,FixedAlpha_0.470806,7,
26,27,0.725,0.135,0.18000000000000002,2to2n0lu,fixed_alpha0.470806_german_gender_seed7,FixedAlpha_0.470806,7,
27,28,0.72,0.135,0.1675,2to2n0lu,fixed_alpha0.470806_german_gender_seed7,FixedAlpha_0.470806,7,
28,29,0.72,0.135,0.1675,2to2n0lu,fixed_alpha0.470806_german_gender_seed7,FixedAlpha_0.470806,7,
29,30,0.72,0.135,0.1675,2to2n0lu,fixed_alpha0.470806_german_gender_seed7,FixedAlpha_0.470806,7,
0,1,0.395,0.14,0.0825,trck3yc0,fixed_alpha0.470806_german_gender_seed3,FixedAlpha_0.470806,3,
1,2,0.515,0.09499999999999997,0.08499999999999999,trck3yc0,fixed_alpha0.470806_german_gender_seed3,FixedAlpha_0.470806,3,
2,3,0.6,0.0050000000000000044,0.09000000000000002,trck3yc0,fixed_alpha0.470806_german_gender_seed3,FixedAlpha_0.470806,3,
3,4,0.675,0.0050000000000000044,0.05249999999999999,trck3yc0,fixed_alpha0.470806_german_gender_seed3,FixedAlpha_0.470806,3,
4,5,0.71,0.020000000000000018,0.03500000000000003,trck3yc0,fixed_alpha0.470806_german_gender_seed3,FixedAlpha_0.470806,3,
5,6,0.705,0.014999999999999902,0.019999999999999962,trck3yc0,fixed_alpha0.470806_german_gender_seed3,FixedAlpha_0.470806,3,
6,7,0.705,0.02499999999999991,0.012499999999999956,trck3yc0,fixed_alpha0.470806_german_gender_seed3,FixedAlpha_0.470806,3,
7,8,0.705,0.010000000000000009,0.0050000000000000044,trck3yc0,fixed_alpha0.470806_german_gender_seed3,FixedAlpha_0.470806,3,
8,9,0.72,0.0,0.04999999999999999,trck3yc0,fixed_alpha0.470806_german_gender_seed3,FixedAlpha_0.470806,3,
9,10,0.725,0.039999999999999925,0.057499999999999996,trck3yc0,fixed_alpha0.470806_german_gender_seed3,FixedAlpha_0.470806,3,
10,11,0.725,0.030000000000000027,0.040000000000000036,trck3yc0,fixed_alpha0.470806_german_gender_seed3,FixedAlpha_0.470806,3,
11,12,0.72,0.09500000000000008,0.07250000000000001,trck3yc0,fixed_alpha0.470806_german_gender_seed3,FixedAlpha_0.470806,3,
12,13,0.735,0.12,0.08500000000000002,trck3yc0,fixed_alpha0.470806_german_gender_seed3,FixedAlpha_0.470806,3,
13,14,0.745,0.12,0.07250000000000001,trck3yc0,fixed_alpha0.470806_german_gender_seed3,FixedAlpha_0.470806,3,
14,15,0.735,0.135,0.08000000000000002,trck3yc0,fixed_alpha0.470806_german_gender_seed3,FixedAlpha_0.470806,3,
15,16,0.735,0.16000000000000003,0.10499999999999998,trck3yc0,fixed_alpha0.470806_german_gender_seed3,FixedAlpha_0.470806,3,
16,17,0.735,0.16000000000000003,0.10499999999999998,trck3yc0,fixed_alpha0.470806_german_gender_seed3,FixedAlpha_0.470806,3,
17,18,0.735,0.16000000000000003,0.10499999999999998,trck3yc0,fixed_alpha0.470806_german_gender_seed3,FixedAlpha_0.470806,3,
18,19,0.735,0.16000000000000003,0.10499999999999998,trck3yc0,fixed_alpha0.470806_german_gender_seed3,FixedAlpha_0.470806,3,
19,20,0.73,0.15000000000000002,0.09999999999999998,trck3yc0,fixed_alpha0.470806_german_gender_seed3,FixedAlpha_0.470806,3,
20,21,0.73,0.15000000000000002,0.09999999999999998,trck3yc0,fixed_alpha0.470806_german_gender_seed3,FixedAlpha_0.470806,3,
21,22,0.72,0.15500000000000003,0.11499999999999999,trck3yc0,fixed_alpha0.470806_german_gender_seed3,FixedAlpha_0.470806,3,
22,23,0.715,0.14500000000000002,0.10999999999999999,trck3yc0,fixed_alpha0.470806_german_gender_seed3,FixedAlpha_0.470806,3,
23,24,0.715,0.14500000000000002,0.10999999999999999,trck3yc0,fixed_alpha0.470806_german_gender_seed3,FixedAlpha_0.470806,3,
24,25,0.715,0.14500000000000002,0.10999999999999999,trck3yc0,fixed_alpha0.470806_german_gender_seed3,FixedAlpha_0.470806,3,
25,26,0.72,0.14500000000000002,0.08500000000000002,trck3yc0,fixed_alpha0.470806_german_gender_seed3,FixedAlpha_0.470806,3,
26,27,0.725,0.14500000000000002,0.09750000000000003,trck3yc0,fixed_alpha0.470806_german_gender_seed3,FixedAlpha_0.470806,3,
27,28,0.715,0.11499999999999999,0.09500000000000003,trck3yc0,fixed_alpha0.470806_german_gender_seed3,FixedAlpha_0.470806,3,
28,29,0.72,0.08999999999999997,0.08250000000000002,trck3yc0,fixed_alpha0.470806_german_gender_seed3,FixedAlpha_0.470806,3,
29,30,0.72,0.08999999999999997,0.08250000000000002,trck3yc0,fixed_alpha0.470806_german_gender_seed3,FixedAlpha_0.470806,3,
0,1,0.63,0.025000000000000022,0.07500000000000001,4y64si6n,fixed_alpha0.470806_german_gender_seed6,FixedAlpha_0.470806,6,
1,2,0.685,0.014999999999999902,0.04499999999999993,4y64si6n,fixed_alpha0.470806_german_gender_seed6,FixedAlpha_0.470806,6,
2,3,0.715,0.015000000000000013,0.03249999999999997,4y64si6n,fixed_alpha0.470806_german_gender_seed6,FixedAlpha_0.470806,6,
3,4,0.71,0.015000000000000013,0.057499999999999996,4y64si6n,fixed_alpha0.470806_german_gender_seed6,FixedAlpha_0.470806,6,
4,5,0.715,0.025000000000000022,0.0625,4y64si6n,fixed_alpha0.470806_german_gender_seed6,FixedAlpha_0.470806,6,
5,6,0.71,0.040000000000000036,0.08250000000000002,4y64si6n,fixed_alpha0.470806_german_gender_seed6,FixedAlpha_0.470806,6,
6,7,0.705,0.020000000000000018,0.08500000000000002,4y64si6n,fixed_alpha0.470806_german_gender_seed6,FixedAlpha_0.470806,6,
7,8,0.695,0.030000000000000027,0.14,4y64si6n,fixed_alpha0.470806_german_gender_seed6,FixedAlpha_0.470806,6,
8,9,0.68,0.03500000000000003,0.14250000000000002,4y64si6n,fixed_alpha0.470806_german_gender_seed6,FixedAlpha_0.470806,6,
9,10,0.66,0.05500000000000005,0.1275,4y64si6n,fixed_alpha0.470806_german_gender_seed6,FixedAlpha_0.470806,6,
10,11,0.68,0.05500000000000005,0.027500000000000024,4y64si6n,fixed_alpha0.470806_german_gender_seed6,FixedAlpha_0.470806,6,
11,12,0.685,0.05500000000000005,0.040000000000000036,4y64si6n,fixed_alpha0.470806_german_gender_seed6,FixedAlpha_0.470806,6,
12,13,0.68,0.05999999999999994,0.02999999999999997,4y64si6n,fixed_alpha0.470806_german_gender_seed6,FixedAlpha_0.470806,6,
13,14,0.665,0.09999999999999998,0.04999999999999999,4y64si6n,fixed_alpha0.470806_german_gender_seed6,FixedAlpha_0.470806,6,
14,15,0.67,0.09999999999999998,0.062499999999999944,4y64si6n,fixed_alpha0.470806_german_gender_seed6,FixedAlpha_0.470806,6,
15,16,0.68,0.125,0.11249999999999999,4y64si6n,fixed_alpha0.470806_german_gender_seed6,FixedAlpha_0.470806,6,
16,17,0.675,0.11499999999999999,0.10749999999999998,4y64si6n,fixed_alpha0.470806_german_gender_seed6,FixedAlpha_0.470806,6,
17,18,0.68,0.11499999999999999,0.12,4y64si6n,fixed_alpha0.470806_german_gender_seed6,FixedAlpha_0.470806,6,
18,19,0.67,0.13,0.1275,4y64si6n,fixed_alpha0.470806_german_gender_seed6,FixedAlpha_0.470806,6,
19,20,0.68,0.13,0.11499999999999999,4y64si6n,fixed_alpha0.470806_german_gender_seed6,FixedAlpha_0.470806,6,
20,21,0.675,0.12,0.10999999999999999,4y64si6n,fixed_alpha0.470806_german_gender_seed6,FixedAlpha_0.470806,6,
21,22,0.685,0.12,0.135,4y64si6n,fixed_alpha0.470806_german_gender_seed6,FixedAlpha_0.470806,6,
22,23,0.69,0.12,0.10999999999999999,4y64si6n,fixed_alpha0.470806_german_gender_seed6,FixedAlpha_0.470806,6,
23,24,0.695,0.13,0.11499999999999999,4y64si6n,fixed_alpha0.470806_german_gender_seed6,FixedAlpha_0.470806,6,
24,25,0.7,0.13,0.09000000000000002,4y64si6n,fixed_alpha0.470806_german_gender_seed6,FixedAlpha_0.470806,6,
25,26,0.695,0.15499999999999992,0.10249999999999998,4y64si6n,fixed_alpha0.470806_german_gender_seed6,FixedAlpha_0.470806,6,
26,27,0.695,0.15499999999999992,0.10249999999999998,4y64si6n,fixed_alpha0.470806_german_gender_seed6,FixedAlpha_0.470806,6,
27,28,0.695,0.15499999999999992,0.10249999999999998,4y64si6n,fixed_alpha0.470806_german_gender_seed6,FixedAlpha_0.470806,6,
28,29,0.695,0.15499999999999992,0.10249999999999998,4y64si6n,fixed_alpha0.470806_german_gender_seed6,FixedAlpha_0.470806,6,
29,30,0.695,0.15499999999999992,0.10249999999999998,4y64si6n,fixed_alpha0.470806_german_gender_seed6,FixedAlpha_0.470806,6,
0,1,0.52,0.13999999999999996,0.2575,ell014i3,fixed_alpha0.470806_german_gender_seed8,FixedAlpha_0.470806,8,
1,2,0.62,0.21000000000000008,0.28,ell014i3,fixed_alpha0.470806_german_gender_seed8,FixedAlpha_0.470806,8,
2,3,0.65,0.15500000000000003,0.2525,ell014i3,fixed_alpha0.470806_german_gender_seed8,FixedAlpha_0.470806,8,
3,4,0.68,0.08000000000000007,0.15250000000000008,ell014i3,fixed_alpha0.470806_german_gender_seed8,FixedAlpha_0.470806,8,
4,5,0.685,0.02499999999999991,0.13749999999999996,ell014i3,fixed_alpha0.470806_german_gender_seed8,FixedAlpha_0.470806,8,
5,6,0.685,0.02499999999999991,0.13749999999999996,ell014i3,fixed_alpha0.470806_german_gender_seed8,FixedAlpha_0.470806,8,
6,7,0.69,0.04999999999999993,0.16249999999999998,ell014i3,fixed_alpha0.470806_german_gender_seed8,FixedAlpha_0.470806,8,
7,8,0.7,0.05999999999999994,0.19249999999999995,ell014i3,fixed_alpha0.470806_german_gender_seed8,FixedAlpha_0.470806,8,
8,9,0.69,0.07499999999999996,0.19999999999999996,ell014i3,fixed_alpha0.470806_german_gender_seed8,FixedAlpha_0.470806,8,
9,10,0.7,0.09999999999999998,0.175,ell014i3,fixed_alpha0.470806_german_gender_seed8,FixedAlpha_0.470806,8,
10,11,0.715,0.11499999999999999,0.15750000000000003,ell014i3,fixed_alpha0.470806_german_gender_seed8,FixedAlpha_0.470806,8,
11,12,0.705,0.09500000000000008,0.14750000000000008,ell014i3,fixed_alpha0.470806_german_gender_seed8,FixedAlpha_0.470806,8,
12,13,0.71,0.10999999999999999,0.15499999999999997,ell014i3,fixed_alpha0.470806_german_gender_seed8,FixedAlpha_0.470806,8,
13,14,0.715,0.10999999999999999,0.14249999999999996,ell014i3,fixed_alpha0.470806_german_gender_seed8,FixedAlpha_0.470806,8,
14,15,0.7,0.10499999999999998,0.12749999999999995,ell014i3,fixed_alpha0.470806_german_gender_seed8,FixedAlpha_0.470806,8,
15,16,0.7,0.13,0.16499999999999998,ell014i3,fixed_alpha0.470806_german_gender_seed8,FixedAlpha_0.470806,8,
16,17,0.71,0.10499999999999998,0.14,ell014i3,fixed_alpha0.470806_german_gender_seed8,FixedAlpha_0.470806,8,
17,18,0.705,0.09499999999999997,0.135,ell014i3,fixed_alpha0.470806_german_gender_seed8,FixedAlpha_0.470806,8,
18,19,0.705,0.08499999999999996,0.1175,ell014i3,fixed_alpha0.470806_german_gender_seed8,FixedAlpha_0.470806,8,
19,20,0.69,0.05499999999999994,0.10249999999999998,ell014i3,fixed_alpha0.470806_german_gender_seed8,FixedAlpha_0.470806,8,
20,21,0.7,0.07999999999999996,0.07749999999999996,ell014i3,fixed_alpha0.470806_german_gender_seed8,FixedAlpha_0.470806,8,
21,22,0.715,0.07999999999999996,0.07749999999999999,ell014i3,fixed_alpha0.470806_german_gender_seed8,FixedAlpha_0.470806,8,
22,23,0.715,0.07999999999999996,0.07749999999999999,ell014i3,fixed_alpha0.470806_german_gender_seed8,FixedAlpha_0.470806,8,
23,24,0.715,0.07999999999999996,0.07749999999999999,ell014i3,fixed_alpha0.470806_german_gender_seed8,FixedAlpha_0.470806,8,
24,25,0.715,0.07999999999999996,0.07749999999999999,ell014i3,fixed_alpha0.470806_german_gender_seed8,FixedAlpha_0.470806,8,
25,26,0.71,0.14,0.10750000000000001,ell014i3,fixed_alpha0.470806_german_gender_seed8,FixedAlpha_0.470806,8,
26,27,0.715,0.14,0.095,ell014i3,fixed_alpha0.470806_german_gender_seed8,FixedAlpha_0.470806,8,
27,28,0.71,0.14,0.07,ell014i3,fixed_alpha0.470806_german_gender_seed8,FixedAlpha_0.470806,8,
28,29,0.71,0.14,0.07,ell014i3,fixed_alpha0.470806_german_gender_seed8,FixedAlpha_0.470806,8,
29,30,0.705,0.13,0.065,ell014i3,fixed_alpha0.470806_german_gender_seed8,FixedAlpha_0.470806,8,
0,1,0.605,0.015000000000000013,0.007500000000000007,pxorz2wi,fixed_alpha0.470806_german_gender_seed5,FixedAlpha_0.470806,5,
1,2,0.655,0.025000000000000022,0.11249999999999999,pxorz2wi,fixed_alpha0.470806_german_gender_seed5,FixedAlpha_0.470806,5,
2,3,0.7,0.0050000000000000044,0.08999999999999997,pxorz2wi,fixed_alpha0.470806_german_gender_seed5,FixedAlpha_0.470806,5,
3,4,0.7,0.014999999999999902,0.11999999999999994,pxorz2wi,fixed_alpha0.470806_german_gender_seed5,FixedAlpha_0.470806,5,
4,5,0.705,0.0,0.09999999999999998,pxorz2wi,fixed_alpha0.470806_german_gender_seed5,FixedAlpha_0.470806,5,
5,6,0.71,0.010000000000000009,0.10499999999999998,pxorz2wi,fixed_alpha0.470806_german_gender_seed5,FixedAlpha_0.470806,5,
6,7,0.71,0.02499999999999991,0.13749999999999996,pxorz2wi,fixed_alpha0.470806_german_gender_seed5,FixedAlpha_0.470806,5,
7,8,0.705,0.030000000000000027,0.1275,pxorz2wi,fixed_alpha0.470806_german_gender_seed5,FixedAlpha_0.470806,5,
8,9,0.71,0.020000000000000018,0.07250000000000001,pxorz2wi,fixed_alpha0.470806_german_gender_seed5,FixedAlpha_0.470806,5,
9,10,0.725,0.010000000000000009,0.08000000000000002,pxorz2wi,fixed_alpha0.470806_german_gender_seed5,FixedAlpha_0.470806,5,
10,11,0.735,0.025000000000000022,0.10000000000000003,pxorz2wi,fixed_alpha0.470806_german_gender_seed5,FixedAlpha_0.470806,5,
11,12,0.725,0.040000000000000036,0.10750000000000004,pxorz2wi,fixed_alpha0.470806_german_gender_seed5,FixedAlpha_0.470806,5,
12,13,0.715,0.05999999999999994,0.15499999999999997,pxorz2wi,fixed_alpha0.470806_german_gender_seed5,FixedAlpha_0.470806,5,
13,14,0.73,0.04500000000000004,0.16000000000000003,pxorz2wi,fixed_alpha0.470806_german_gender_seed5,FixedAlpha_0.470806,5,
14,15,0.725,0.06999999999999995,0.1725,pxorz2wi,fixed_alpha0.470806_german_gender_seed5,FixedAlpha_0.470806,5,
15,16,0.73,0.04500000000000004,0.16000000000000003,pxorz2wi,fixed_alpha0.470806_german_gender_seed5,FixedAlpha_0.470806,5,
16,17,0.73,0.025000000000000022,0.13749999999999998,pxorz2wi,fixed_alpha0.470806_german_gender_seed5,FixedAlpha_0.470806,5,
17,18,0.72,0.029999999999999916,0.11499999999999996,pxorz2wi,fixed_alpha0.470806_german_gender_seed5,FixedAlpha_0.470806,5,
18,19,0.72,0.029999999999999916,0.11499999999999996,pxorz2wi,fixed_alpha0.470806_german_gender_seed5,FixedAlpha_0.470806,5,
19,20,0.72,0.029999999999999916,0.11499999999999996,pxorz2wi,fixed_alpha0.470806_german_gender_seed5,FixedAlpha_0.470806,5,
20,21,0.72,0.029999999999999916,0.11499999999999996,pxorz2wi,fixed_alpha0.470806_german_gender_seed5,FixedAlpha_0.470806,5,
21,22,0.715,0.05499999999999994,0.12749999999999997,pxorz2wi,fixed_alpha0.470806_german_gender_seed5,FixedAlpha_0.470806,5,
22,23,0.72,0.05499999999999994,0.13999999999999999,pxorz2wi,fixed_alpha0.470806_german_gender_seed5,FixedAlpha_0.470806,5,
23,24,0.72,0.04499999999999993,0.14749999999999996,pxorz2wi,fixed_alpha0.470806_german_gender_seed5,FixedAlpha_0.470806,5,
24,25,0.725,0.04499999999999993,0.12249999999999994,pxorz2wi,fixed_alpha0.470806_german_gender_seed5,FixedAlpha_0.470806,5,
25,26,0.725,0.04499999999999993,0.12249999999999994,pxorz2wi,fixed_alpha0.470806_german_gender_seed5,FixedAlpha_0.470806,5,
26,27,0.73,0.05499999999999994,0.12749999999999995,pxorz2wi,fixed_alpha0.470806_german_gender_seed5,FixedAlpha_0.470806,5,
27,28,0.725,0.05499999999999994,0.15249999999999997,pxorz2wi,fixed_alpha0.470806_german_gender_seed5,FixedAlpha_0.470806,5,
28,29,0.72,0.04499999999999993,0.14749999999999996,pxorz2wi,fixed_alpha0.470806_german_gender_seed5,FixedAlpha_0.470806,5,
29,30,0.72,0.04499999999999993,0.14749999999999996,pxorz2wi,fixed_alpha0.470806_german_gender_seed5,FixedAlpha_0.470806,5,
0,1,0.505,0.07499999999999996,0.15000000000000002,x6m8p59r,fixed_alpha0.470806_german_gender_seed9,FixedAlpha_0.470806,9,
1,2,0.585,0.05500000000000005,0.12750000000000006,x6m8p59r,fixed_alpha0.470806_german_gender_seed9,FixedAlpha_0.470806,9,
2,3,0.66,0.015000000000000013,0.03250000000000003,x6m8p59r,fixed_alpha0.470806_german_gender_seed9,FixedAlpha_0.470806,9,
3,4,0.665,0.015000000000000013,0.020000000000000018,x6m8p59r,fixed_alpha0.470806_german_gender_seed9,FixedAlpha_0.470806,9,
4,5,0.67,0.019999999999999907,0.009999999999999953,x6m8p59r,fixed_alpha0.470806_german_gender_seed9,FixedAlpha_0.470806,9,
5,6,0.67,0.019999999999999907,0.009999999999999953,x6m8p59r,fixed_alpha0.470806_german_gender_seed9,FixedAlpha_0.470806,9,
6,7,0.665,0.030000000000000027,0.02749999999999997,x6m8p59r,fixed_alpha0.470806_german_gender_seed9,FixedAlpha_0.470806,9,
7,8,0.675,0.030000000000000027,0.015000000000000013,x6m8p59r,fixed_alpha0.470806_german_gender_seed9,FixedAlpha_0.470806,9,
8,9,0.695,0.030000000000000027,0.027500000000000024,x6m8p59r,fixed_alpha0.470806_german_gender_seed9,FixedAlpha_0.470806,9,
9,10,0.685,0.010000000000000009,0.02999999999999997,x6m8p59r,fixed_alpha0.470806_german_gender_seed9,FixedAlpha_0.470806,9,
10,11,0.695,0.010000000000000009,0.030000000000000027,x6m8p59r,fixed_alpha0.470806_german_gender_seed9,FixedAlpha_0.470806,9,
11,12,0.7,0.010000000000000009,0.04250000000000004,x6m8p59r,fixed_alpha0.470806_german_gender_seed9,FixedAlpha_0.470806,9,
12,13,0.705,0.0050000000000000044,0.07750000000000001,x6m8p59r,fixed_alpha0.470806_german_gender_seed9,FixedAlpha_0.470806,9,
13,14,0.725,0.0050000000000000044,0.05249999999999999,x6m8p59r,fixed_alpha0.470806_german_gender_seed9,FixedAlpha_0.470806,9,
14,15,0.72,0.020000000000000018,0.07250000000000001,x6m8p59r,fixed_alpha0.470806_german_gender_seed9,FixedAlpha_0.470806,9,
15,16,0.72,0.020000000000000018,0.07250000000000001,x6m8p59r,fixed_alpha0.470806_german_gender_seed9,FixedAlpha_0.470806,9,
16,17,0.72,0.06999999999999995,0.12249999999999994,x6m8p59r,fixed_alpha0.470806_german_gender_seed9,FixedAlpha_0.470806,9,
17,18,0.72,0.09499999999999997,0.10999999999999999,x6m8p59r,fixed_alpha0.470806_german_gender_seed9,FixedAlpha_0.470806,9,
18,19,0.73,0.05999999999999994,0.1175,x6m8p59r,fixed_alpha0.470806_german_gender_seed9,FixedAlpha_0.470806,9,
19,20,0.725,0.08499999999999996,0.13,x6m8p59r,fixed_alpha0.470806_german_gender_seed9,FixedAlpha_0.470806,9,
20,21,0.735,0.08499999999999996,0.11749999999999997,x6m8p59r,fixed_alpha0.470806_german_gender_seed9,FixedAlpha_0.470806,9,
21,22,0.74,0.025000000000000022,0.0875,x6m8p59r,fixed_alpha0.470806_german_gender_seed9,FixedAlpha_0.470806,9,
22,23,0.745,0.025000000000000022,0.06250000000000003,x6m8p59r,fixed_alpha0.470806_german_gender_seed9,FixedAlpha_0.470806,9,
23,24,0.74,0.04999999999999993,0.07499999999999998,x6m8p59r,fixed_alpha0.470806_german_gender_seed9,FixedAlpha_0.470806,9,
24,25,0.74,0.04999999999999993,0.07499999999999998,x6m8p59r,fixed_alpha0.470806_german_gender_seed9,FixedAlpha_0.470806,9,
25,26,0.745,0.04999999999999993,0.0875,x6m8p59r,fixed_alpha0.470806_german_gender_seed9,FixedAlpha_0.470806,9,
26,27,0.75,0.05999999999999994,0.0925,x6m8p59r,fixed_alpha0.470806_german_gender_seed9,FixedAlpha_0.470806,9,
27,28,0.75,0.05999999999999994,0.0925,x6m8p59r,fixed_alpha0.470806_german_gender_seed9,FixedAlpha_0.470806,9,
28,29,0.75,0.05999999999999994,0.0925,x6m8p59r,fixed_alpha0.470806_german_gender_seed9,FixedAlpha_0.470806,9,
29,30,0.75,0.04999999999999993,0.06249999999999997,x6m8p59r,fixed_alpha0.470806_german_gender_seed9,FixedAlpha_0.470806,9,
0,1,0.58,0.06000000000000005,0.0675,0bmsgdot,fixed_alpha0.470806_german_gender_seed12,FixedAlpha_0.470806,12,
1,2,0.66,0.030000000000000027,0.05250000000000005,0bmsgdot,fixed_alpha0.470806_german_gender_seed12,FixedAlpha_0.470806,12,
2,3,0.695,0.04499999999999993,0.034999999999999976,0bmsgdot,fixed_alpha0.470806_german_gender_seed12,FixedAlpha_0.470806,12,
3,4,0.705,0.0050000000000000044,0.02749999999999997,0bmsgdot,fixed_alpha0.470806_german_gender_seed12,FixedAlpha_0.470806,12,
4,5,0.7,0.0050000000000000044,0.014999999999999958,0bmsgdot,fixed_alpha0.470806_german_gender_seed12,FixedAlpha_0.470806,12,
5,6,0.705,0.015000000000000013,0.007500000000000007,0bmsgdot,fixed_alpha0.470806_german_gender_seed12,FixedAlpha_0.470806,12,
6,7,0.705,0.025000000000000022,0.025000000000000022,0bmsgdot,fixed_alpha0.470806_german_gender_seed12,FixedAlpha_0.470806,12,
7,8,0.715,0.025000000000000022,0.050000000000000044,0bmsgdot,fixed_alpha0.470806_german_gender_seed12,FixedAlpha_0.470806,12,
8,9,0.72,0.04499999999999993,0.022499999999999964,0bmsgdot,fixed_alpha0.470806_german_gender_seed12,FixedAlpha_0.470806,12,
9,10,0.72,0.029999999999999916,0.03999999999999998,0bmsgdot,fixed_alpha0.470806_german_gender_seed12,FixedAlpha_0.470806,12,
10,11,0.72,0.0,0.0,0bmsgdot,fixed_alpha0.470806_german_gender_seed12,FixedAlpha_0.470806,12,
11,12,0.715,0.0050000000000000044,0.015000000000000013,0bmsgdot,fixed_alpha0.470806_german_gender_seed12,FixedAlpha_0.470806,12,
12,13,0.72,0.0050000000000000044,0.0025000000000000022,0bmsgdot,fixed_alpha0.470806_german_gender_seed12,FixedAlpha_0.470806,12,
13,14,0.715,0.0050000000000000044,0.02749999999999997,0bmsgdot,fixed_alpha0.470806_german_gender_seed12,FixedAlpha_0.470806,12,
14,15,0.715,0.0050000000000000044,0.02749999999999997,0bmsgdot,fixed_alpha0.470806_german_gender_seed12,FixedAlpha_0.470806,12,
15,16,0.71,0.030000000000000027,0.03999999999999998,0bmsgdot,fixed_alpha0.470806_german_gender_seed12,FixedAlpha_0.470806,12,
16,17,0.715,0.020000000000000018,0.06,0bmsgdot,fixed_alpha0.470806_german_gender_seed12,FixedAlpha_0.470806,12,
17,18,0.71,0.04500000000000004,0.07250000000000001,0bmsgdot,fixed_alpha0.470806_german_gender_seed12,FixedAlpha_0.470806,12,
18,19,0.715,0.04500000000000004,0.04750000000000004,0bmsgdot,fixed_alpha0.470806_german_gender_seed12,FixedAlpha_0.470806,12,
19,20,0.715,0.04500000000000004,0.04750000000000004,0bmsgdot,fixed_alpha0.470806_german_gender_seed12,FixedAlpha_0.470806,12,
20,21,0.715,0.03500000000000003,0.05500000000000005,0bmsgdot,fixed_alpha0.470806_german_gender_seed12,FixedAlpha_0.470806,12,
21,22,0.71,0.025000000000000022,0.050000000000000044,0bmsgdot,fixed_alpha0.470806_german_gender_seed12,FixedAlpha_0.470806,12,
22,23,0.705,0.04999999999999993,0.0625,0bmsgdot,fixed_alpha0.470806_german_gender_seed12,FixedAlpha_0.470806,12,
23,24,0.705,0.04999999999999993,0.0625,0bmsgdot,fixed_alpha0.470806_german_gender_seed12,FixedAlpha_0.470806,12,
24,25,0.705,0.04999999999999993,0.0625,0bmsgdot,fixed_alpha0.470806_german_gender_seed12,FixedAlpha_0.470806,12,
25,26,0.71,0.04999999999999993,0.03749999999999998,0bmsgdot,fixed_alpha0.470806_german_gender_seed12,FixedAlpha_0.470806,12,
26,27,0.71,0.04999999999999993,0.03749999999999998,0bmsgdot,fixed_alpha0.470806_german_gender_seed12,FixedAlpha_0.470806,12,
27,28,0.715,0.025000000000000022,0.025000000000000022,0bmsgdot,fixed_alpha0.470806_german_gender_seed12,FixedAlpha_0.470806,12,
28,29,0.715,0.025000000000000022,0.025000000000000022,0bmsgdot,fixed_alpha0.470806_german_gender_seed12,FixedAlpha_0.470806,12,
29,30,0.72,0.03500000000000003,0.030000000000000027,0bmsgdot,fixed_alpha0.470806_german_gender_seed12,FixedAlpha_0.470806,12,
0,1,0.67,0.025000000000000022,0.050000000000000044,hpu2iksm,fixed_alpha0.470806_german_gender_seed11,FixedAlpha_0.470806,11,
1,2,0.715,0.015000000000000013,0.03250000000000003,hpu2iksm,fixed_alpha0.470806_german_gender_seed11,FixedAlpha_0.470806,11,
2,3,0.71,0.0050000000000000044,0.015000000000000013,hpu2iksm,fixed_alpha0.470806_german_gender_seed11,FixedAlpha_0.470806,11,
3,4,0.71,0.0050000000000000044,0.015000000000000013,hpu2iksm,fixed_alpha0.470806_german_gender_seed11,FixedAlpha_0.470806,11,
4,5,0.71,0.0050000000000000044,0.015000000000000013,hpu2iksm,fixed_alpha0.470806_german_gender_seed11,FixedAlpha_0.470806,11,
5,6,0.71,0.06999999999999995,0.07250000000000001,hpu2iksm,fixed_alpha0.470806_german_gender_seed11,FixedAlpha_0.470806,11,
6,7,0.71,0.08999999999999997,0.10749999999999998,hpu2iksm,fixed_alpha0.470806_german_gender_seed11,FixedAlpha_0.470806,11,
7,8,0.705,0.12,0.1225,hpu2iksm,fixed_alpha0.470806_german_gender_seed11,FixedAlpha_0.470806,11,
8,9,0.705,0.09999999999999998,0.1375,hpu2iksm,fixed_alpha0.470806_german_gender_seed11,FixedAlpha_0.470806,11,
9,10,0.71,0.08999999999999997,0.08249999999999996,hpu2iksm,fixed_alpha0.470806_german_gender_seed11,FixedAlpha_0.470806,11,
10,11,0.72,0.11499999999999999,0.13249999999999995,hpu2iksm,fixed_alpha0.470806_german_gender_seed11,FixedAlpha_0.470806,11,
11,12,0.715,0.09499999999999997,0.09749999999999998,hpu2iksm,fixed_alpha0.470806_german_gender_seed11,FixedAlpha_0.470806,11,
12,13,0.71,0.08499999999999996,0.09249999999999997,hpu2iksm,fixed_alpha0.470806_german_gender_seed11,FixedAlpha_0.470806,11,
13,14,0.71,0.07499999999999996,0.09999999999999998,hpu2iksm,fixed_alpha0.470806_german_gender_seed11,FixedAlpha_0.470806,11,
14,15,0.71,0.06499999999999995,0.10749999999999998,hpu2iksm,fixed_alpha0.470806_german_gender_seed11,FixedAlpha_0.470806,11,
15,16,0.715,0.07999999999999996,0.07750000000000001,hpu2iksm,fixed_alpha0.470806_german_gender_seed11,FixedAlpha_0.470806,11,
16,17,0.695,0.1100000000000001,0.09250000000000008,hpu2iksm,fixed_alpha0.470806_german_gender_seed11,FixedAlpha_0.470806,11,
17,18,0.695,0.1100000000000001,0.09250000000000008,hpu2iksm,fixed_alpha0.470806_german_gender_seed11,FixedAlpha_0.470806,11,
18,19,0.695,0.1100000000000001,0.09250000000000008,hpu2iksm,fixed_alpha0.470806_german_gender_seed11,FixedAlpha_0.470806,11,
19,20,0.695,0.1100000000000001,0.09250000000000008,hpu2iksm,fixed_alpha0.470806_german_gender_seed11,FixedAlpha_0.470806,11,
20,21,0.695,0.1100000000000001,0.09250000000000008,hpu2iksm,fixed_alpha0.470806_german_gender_seed11,FixedAlpha_0.470806,11,
21,22,0.695,0.1100000000000001,0.09250000000000008,hpu2iksm,fixed_alpha0.470806_german_gender_seed11,FixedAlpha_0.470806,11,
22,23,0.7,0.12,0.09750000000000003,hpu2iksm,fixed_alpha0.470806_german_gender_seed11,FixedAlpha_0.470806,11,
23,24,0.71,0.13,0.11500000000000002,hpu2iksm,fixed_alpha0.470806_german_gender_seed11,FixedAlpha_0.470806,11,
24,25,0.715,0.10499999999999998,0.10250000000000001,hpu2iksm,fixed_alpha0.470806_german_gender_seed11,FixedAlpha_0.470806,11,
25,26,0.715,0.10499999999999998,0.10250000000000001,hpu2iksm,fixed_alpha0.470806_german_gender_seed11,FixedAlpha_0.470806,11,
26,27,0.72,0.10499999999999998,0.11500000000000002,hpu2iksm,fixed_alpha0.470806_german_gender_seed11,FixedAlpha_0.470806,11,
27,28,0.72,0.10499999999999998,0.11500000000000002,hpu2iksm,fixed_alpha0.470806_german_gender_seed11,FixedAlpha_0.470806,11,
28,29,0.72,0.10499999999999998,0.11500000000000002,hpu2iksm,fixed_alpha0.470806_german_gender_seed11,FixedAlpha_0.470806,11,
29,30,0.72,0.10499999999999998,0.11500000000000002,hpu2iksm,fixed_alpha0.470806_german_gender_seed11,FixedAlpha_0.470806,11,
0,1,0.67,0.0050000000000000044,0.02749999999999997,8nwtyda7,fixed_alpha0.470806_german_gender_seed13,FixedAlpha_0.470806,13,
1,2,0.665,0.010000000000000009,0.017500000000000016,8nwtyda7,fixed_alpha0.470806_german_gender_seed13,FixedAlpha_0.470806,13,
2,3,0.675,0.04499999999999993,0.034999999999999976,8nwtyda7,fixed_alpha0.470806_german_gender_seed13,FixedAlpha_0.470806,13,
3,4,0.68,0.05999999999999994,0.07999999999999996,8nwtyda7,fixed_alpha0.470806_german_gender_seed13,FixedAlpha_0.470806,13,
4,5,0.68,0.039999999999999925,0.05749999999999994,8nwtyda7,fixed_alpha0.470806_german_gender_seed13,FixedAlpha_0.470806,13,
5,6,0.7,0.030000000000000027,0.03999999999999998,8nwtyda7,fixed_alpha0.470806_german_gender_seed13,FixedAlpha_0.470806,13,
6,7,0.695,0.025000000000000022,0.07500000000000001,8nwtyda7,fixed_alpha0.470806_german_gender_seed13,FixedAlpha_0.470806,13,
7,8,0.71,0.025000000000000022,0.11249999999999999,8nwtyda7,fixed_alpha0.470806_german_gender_seed13,FixedAlpha_0.470806,13,
8,9,0.72,0.015000000000000013,0.10750000000000004,8nwtyda7,fixed_alpha0.470806_german_gender_seed13,FixedAlpha_0.470806,13,
9,10,0.715,0.0050000000000000044,0.11500000000000005,8nwtyda7,fixed_alpha0.470806_german_gender_seed13,FixedAlpha_0.470806,13,
10,11,0.705,0.025000000000000022,0.11249999999999999,8nwtyda7,fixed_alpha0.470806_german_gender_seed13,FixedAlpha_0.470806,13,
11,12,0.715,0.025000000000000022,0.09999999999999998,8nwtyda7,fixed_alpha0.470806_german_gender_seed13,FixedAlpha_0.470806,13,
12,13,0.71,0.015000000000000013,0.09499999999999997,8nwtyda7,fixed_alpha0.470806_german_gender_seed13,FixedAlpha_0.470806,13,
13,14,0.715,0.015000000000000013,0.07,8nwtyda7,fixed_alpha0.470806_german_gender_seed13,FixedAlpha_0.470806,13,
14,15,0.725,0.015000000000000013,0.057499999999999996,8nwtyda7,fixed_alpha0.470806_german_gender_seed13,FixedAlpha_0.470806,13,
15,16,0.72,0.039999999999999925,0.06999999999999995,8nwtyda7,fixed_alpha0.470806_german_gender_seed13,FixedAlpha_0.470806,13,
16,17,0.725,0.039999999999999925,0.044999999999999984,8nwtyda7,fixed_alpha0.470806_german_gender_seed13,FixedAlpha_0.470806,13,
17,18,0.725,0.039999999999999925,0.044999999999999984,8nwtyda7,fixed_alpha0.470806_german_gender_seed13,FixedAlpha_0.470806,13,
18,19,0.73,0.039999999999999925,0.057499999999999996,8nwtyda7,fixed_alpha0.470806_german_gender_seed13,FixedAlpha_0.470806,13,
19,20,0.725,0.039999999999999925,0.044999999999999984,8nwtyda7,fixed_alpha0.470806_german_gender_seed13,FixedAlpha_0.470806,13,
20,21,0.73,0.039999999999999925,0.057499999999999996,8nwtyda7,fixed_alpha0.470806_german_gender_seed13,FixedAlpha_0.470806,13,
21,22,0.73,0.039999999999999925,0.057499999999999996,8nwtyda7,fixed_alpha0.470806_german_gender_seed13,FixedAlpha_0.470806,13,
22,23,0.725,0.029999999999999916,0.05249999999999999,8nwtyda7,fixed_alpha0.470806_german_gender_seed13,FixedAlpha_0.470806,13,
23,24,0.725,0.029999999999999916,0.05249999999999999,8nwtyda7,fixed_alpha0.470806_german_gender_seed13,FixedAlpha_0.470806,13,
24,25,0.72,0.05499999999999994,0.065,8nwtyda7,fixed_alpha0.470806_german_gender_seed13,FixedAlpha_0.470806,13,
25,26,0.72,0.05499999999999994,0.065,8nwtyda7,fixed_alpha0.470806_german_gender_seed13,FixedAlpha_0.470806,13,
26,27,0.715,0.05499999999999994,0.05249999999999999,8nwtyda7,fixed_alpha0.470806_german_gender_seed13,FixedAlpha_0.470806,13,
27,28,0.72,0.05499999999999994,0.065,8nwtyda7,fixed_alpha0.470806_german_gender_seed13,FixedAlpha_0.470806,13,
28,29,0.72,0.05499999999999994,0.065,8nwtyda7,fixed_alpha0.470806_german_gender_seed13,FixedAlpha_0.470806,13,
29,30,0.72,0.05499999999999994,0.065,8nwtyda7,fixed_alpha0.470806_german_gender_seed13,FixedAlpha_0.470806,13,
0,1,0.525,0.04500000000000004,0.135,bed1tx58,fixed_alpha0.470806_german_gender_seed10,FixedAlpha_0.470806,10,
1,2,0.63,0.05500000000000005,0.09000000000000002,bed1tx58,fixed_alpha0.470806_german_gender_seed10,FixedAlpha_0.470806,10,
2,3,0.66,0.019999999999999907,0.022499999999999964,bed1tx58,fixed_alpha0.470806_german_gender_seed10,FixedAlpha_0.470806,10,
3,4,0.685,0.040000000000000036,0.03250000000000003,bed1tx58,fixed_alpha0.470806_german_gender_seed10,FixedAlpha_0.470806,10,
4,5,0.685,0.040000000000000036,0.03250000000000003,bed1tx58,fixed_alpha0.470806_german_gender_seed10,FixedAlpha_0.470806,10,
5,6,0.69,0.040000000000000036,0.04500000000000004,bed1tx58,fixed_alpha0.470806_german_gender_seed10,FixedAlpha_0.470806,10,
6,7,0.685,0.06000000000000005,0.0675,bed1tx58,fixed_alpha0.470806_german_gender_seed10,FixedAlpha_0.470806,10,
7,8,0.695,0.06000000000000005,0.05499999999999999,bed1tx58,fixed_alpha0.470806_german_gender_seed10,FixedAlpha_0.470806,10,
8,9,0.695,0.030000000000000027,0.065,bed1tx58,fixed_alpha0.470806_german_gender_seed10,FixedAlpha_0.470806,10,
9,10,0.705,0.09500000000000008,0.06000000000000005,bed1tx58,fixed_alpha0.470806_german_gender_seed10,FixedAlpha_0.470806,10,
10,11,0.72,0.08500000000000008,0.05500000000000005,bed1tx58,fixed_alpha0.470806_german_gender_seed10,FixedAlpha_0.470806,10,
11,12,0.725,0.08500000000000008,0.08000000000000007,bed1tx58,fixed_alpha0.470806_german_gender_seed10,FixedAlpha_0.470806,10,
12,13,0.73,0.10999999999999999,0.0675,bed1tx58,fixed_alpha0.470806_german_gender_seed10,FixedAlpha_0.470806,10,
13,14,0.715,0.15000000000000002,0.08750000000000002,bed1tx58,fixed_alpha0.470806_german_gender_seed10,FixedAlpha_0.470806,10,
14,15,0.72,0.15000000000000002,0.07500000000000001,bed1tx58,fixed_alpha0.470806_german_gender_seed10,FixedAlpha_0.470806,10,
15,16,0.72,0.11499999999999999,0.057499999999999996,bed1tx58,fixed_alpha0.470806_german_gender_seed10,FixedAlpha_0.470806,10,
16,17,0.725,0.11499999999999999,0.07,bed1tx58,fixed_alpha0.470806_german_gender_seed10,FixedAlpha_0.470806,10,
17,18,0.725,0.07999999999999996,0.05249999999999999,bed1tx58,fixed_alpha0.470806_german_gender_seed10,FixedAlpha_0.470806,10,
18,19,0.73,0.07999999999999996,0.052499999999999936,bed1tx58,fixed_alpha0.470806_german_gender_seed10,FixedAlpha_0.470806,10,
19,20,0.72,0.15500000000000003,0.07750000000000001,bed1tx58,fixed_alpha0.470806_german_gender_seed10,FixedAlpha_0.470806,10,
20,21,0.72,0.14500000000000002,0.08500000000000002,bed1tx58,fixed_alpha0.470806_german_gender_seed10,FixedAlpha_0.470806,10,
21,22,0.71,0.125,0.07500000000000001,bed1tx58,fixed_alpha0.470806_german_gender_seed10,FixedAlpha_0.470806,10,
22,23,0.71,0.125,0.07500000000000001,bed1tx58,fixed_alpha0.470806_german_gender_seed10,FixedAlpha_0.470806,10,
23,24,0.71,0.125,0.07500000000000001,bed1tx58,fixed_alpha0.470806_german_gender_seed10,FixedAlpha_0.470806,10,
24,25,0.71,0.125,0.07500000000000001,bed1tx58,fixed_alpha0.470806_german_gender_seed10,FixedAlpha_0.470806,10,
25,26,0.715,0.125,0.08750000000000002,bed1tx58,fixed_alpha0.470806_german_gender_seed10,FixedAlpha_0.470806,10,
26,27,0.715,0.125,0.08750000000000002,bed1tx58,fixed_alpha0.470806_german_gender_seed10,FixedAlpha_0.470806,10,
27,28,0.72,0.125,0.10000000000000003,bed1tx58,fixed_alpha0.470806_german_gender_seed10,FixedAlpha_0.470806,10,
28,29,0.72,0.125,0.10000000000000003,bed1tx58,fixed_alpha0.470806_german_gender_seed10,FixedAlpha_0.470806,10,
29,30,0.715,0.11499999999999999,0.09500000000000003,bed1tx58,fixed_alpha0.470806_german_gender_seed10,FixedAlpha_0.470806,10,
0,1,0.465,0.14,0.08250000000000002,g7x1kwes,fixed_alpha0.470806_german_gender_seed14,FixedAlpha_0.470806,14,
1,2,0.6,0.019999999999999907,0.08499999999999991,g7x1kwes,fixed_alpha0.470806_german_gender_seed14,FixedAlpha_0.470806,14,
2,3,0.65,0.05499999999999994,0.07750000000000001,g7x1kwes,fixed_alpha0.470806_german_gender_seed14,FixedAlpha_0.470806,14,
3,4,0.685,0.09500000000000008,0.04750000000000004,g7x1kwes,fixed_alpha0.470806_german_gender_seed14,FixedAlpha_0.470806,14,
4,5,0.7,0.04999999999999993,0.024999999999999967,g7x1kwes,fixed_alpha0.470806_german_gender_seed14,FixedAlpha_0.470806,14,
5,6,0.73,0.0050000000000000044,0.0025000000000000022,g7x1kwes,fixed_alpha0.470806_german_gender_seed14,FixedAlpha_0.470806,14,
6,7,0.73,0.030000000000000027,0.03999999999999998,g7x1kwes,fixed_alpha0.470806_german_gender_seed14,FixedAlpha_0.470806,14,
7,8,0.73,0.05499999999999994,0.039999999999999925,g7x1kwes,fixed_alpha0.470806_german_gender_seed14,FixedAlpha_0.470806,14,
8,9,0.725,0.02499999999999991,0.024999999999999967,g7x1kwes,fixed_alpha0.470806_german_gender_seed14,FixedAlpha_0.470806,14,
9,10,0.73,0.014999999999999902,0.044999999999999984,g7x1kwes,fixed_alpha0.470806_german_gender_seed14,FixedAlpha_0.470806,14,
10,11,0.73,0.039999999999999925,0.03249999999999997,g7x1kwes,fixed_alpha0.470806_german_gender_seed14,FixedAlpha_0.470806,14,
11,12,0.735,0.13,0.11499999999999999,g7x1kwes,fixed_alpha0.470806_german_gender_seed14,FixedAlpha_0.470806,14,
12,13,0.735,0.14500000000000002,0.11000000000000004,g7x1kwes,fixed_alpha0.470806_german_gender_seed14,FixedAlpha_0.470806,14,
13,14,0.74,0.125,0.0625,g7x1kwes,fixed_alpha0.470806_german_gender_seed14,FixedAlpha_0.470806,14,
14,15,0.74,0.125,0.0625,g7x1kwes,fixed_alpha0.470806_german_gender_seed14,FixedAlpha_0.470806,14,
15,16,0.755,0.09999999999999998,0.07500000000000001,g7x1kwes,fixed_alpha0.470806_german_gender_seed14,FixedAlpha_0.470806,14,
16,17,0.75,0.08999999999999997,0.07,g7x1kwes,fixed_alpha0.470806_german_gender_seed14,FixedAlpha_0.470806,14,
17,18,0.75,0.08999999999999997,0.07,g7x1kwes,fixed_alpha0.470806_german_gender_seed14,FixedAlpha_0.470806,14,
18,19,0.74,0.10499999999999998,0.07750000000000001,g7x1kwes,fixed_alpha0.470806_german_gender_seed14,FixedAlpha_0.470806,14,
19,20,0.74,0.10499999999999998,0.07750000000000001,g7x1kwes,fixed_alpha0.470806_german_gender_seed14,FixedAlpha_0.470806,14,
20,21,0.74,0.10499999999999998,0.07750000000000001,g7x1kwes,fixed_alpha0.470806_german_gender_seed14,FixedAlpha_0.470806,14,
21,22,0.74,0.10499999999999998,0.07750000000000001,g7x1kwes,fixed_alpha0.470806_german_gender_seed14,FixedAlpha_0.470806,14,
22,23,0.73,0.12,0.08500000000000002,g7x1kwes,fixed_alpha0.470806_german_gender_seed14,FixedAlpha_0.470806,14,
23,24,0.725,0.10999999999999999,0.08000000000000002,g7x1kwes,fixed_alpha0.470806_german_gender_seed14,FixedAlpha_0.470806,14,
24,25,0.725,0.10999999999999999,0.08000000000000002,g7x1kwes,fixed_alpha0.470806_german_gender_seed14,FixedAlpha_0.470806,14,
25,26,0.735,0.10999999999999999,0.0675,g7x1kwes,fixed_alpha0.470806_german_gender_seed14,FixedAlpha_0.470806,14,
26,27,0.725,0.135,0.10500000000000004,g7x1kwes,fixed_alpha0.470806_german_gender_seed14,FixedAlpha_0.470806,14,
27,28,0.725,0.135,0.10500000000000004,g7x1kwes,fixed_alpha0.470806_german_gender_seed14,FixedAlpha_0.470806,14,
28,29,0.725,0.135,0.10500000000000004,g7x1kwes,fixed_alpha0.470806_german_gender_seed14,FixedAlpha_0.470806,14,
29,30,0.725,0.135,0.10500000000000004,g7x1kwes,fixed_alpha0.470806_german_gender_seed14,FixedAlpha_0.470806,14,
0,1,0.535,0.015000000000000013,0.020000000000000018,ijfhe3ss,fixed_alpha0.470806_german_gender_seed17,FixedAlpha_0.470806,17,
1,2,0.64,0.04500000000000004,0.03500000000000003,ijfhe3ss,fixed_alpha0.470806_german_gender_seed17,FixedAlpha_0.470806,17,
2,3,0.665,0.06499999999999995,0.05749999999999994,ijfhe3ss,fixed_alpha0.470806_german_gender_seed17,FixedAlpha_0.470806,17,
3,4,0.68,0.05999999999999994,0.05499999999999994,ijfhe3ss,fixed_alpha0.470806_german_gender_seed17,FixedAlpha_0.470806,17,
4,5,0.68,0.03499999999999992,0.05499999999999994,ijfhe3ss,fixed_alpha0.470806_german_gender_seed17,FixedAlpha_0.470806,17,
5,6,0.69,0.04499999999999993,0.04749999999999993,ijfhe3ss,fixed_alpha0.470806_german_gender_seed17,FixedAlpha_0.470806,17,
6,7,0.685,0.03499999999999992,0.04249999999999993,ijfhe3ss,fixed_alpha0.470806_german_gender_seed17,FixedAlpha_0.470806,17,
7,8,0.7,0.039999999999999925,0.04499999999999993,ijfhe3ss,fixed_alpha0.470806_german_gender_seed17,FixedAlpha_0.470806,17,
8,9,0.725,0.06499999999999995,0.044999999999999984,ijfhe3ss,fixed_alpha0.470806_german_gender_seed17,FixedAlpha_0.470806,17,
9,10,0.73,0.04500000000000004,0.034999999999999976,ijfhe3ss,fixed_alpha0.470806_german_gender_seed17,FixedAlpha_0.470806,17,
10,11,0.73,0.06000000000000005,0.030000000000000027,ijfhe3ss,fixed_alpha0.470806_german_gender_seed17,FixedAlpha_0.470806,17,
11,12,0.75,0.06000000000000005,0.05499999999999999,ijfhe3ss,fixed_alpha0.470806_german_gender_seed17,FixedAlpha_0.470806,17,
12,13,0.745,0.050000000000000044,0.04999999999999999,ijfhe3ss,fixed_alpha0.470806_german_gender_seed17,FixedAlpha_0.470806,17,
13,14,0.75,0.10999999999999999,0.05499999999999999,ijfhe3ss,fixed_alpha0.470806_german_gender_seed17,FixedAlpha_0.470806,17,
14,15,0.75,0.10999999999999999,0.05499999999999999,ijfhe3ss,fixed_alpha0.470806_german_gender_seed17,FixedAlpha_0.470806,17,
15,16,0.75,0.125,0.08750000000000002,ijfhe3ss,fixed_alpha0.470806_german_gender_seed17,FixedAlpha_0.470806,17,
16,17,0.755,0.11499999999999999,0.07,ijfhe3ss,fixed_alpha0.470806_german_gender_seed17,FixedAlpha_0.470806,17,
17,18,0.755,0.11499999999999999,0.07,ijfhe3ss,fixed_alpha0.470806_german_gender_seed17,FixedAlpha_0.470806,17,
18,19,0.755,0.10499999999999998,0.07749999999999999,ijfhe3ss,fixed_alpha0.470806_german_gender_seed17,FixedAlpha_0.470806,17,
19,20,0.75,0.10499999999999998,0.10250000000000001,ijfhe3ss,fixed_alpha0.470806_german_gender_seed17,FixedAlpha_0.470806,17,
20,21,0.755,0.10499999999999998,0.11500000000000002,ijfhe3ss,fixed_alpha0.470806_german_gender_seed17,FixedAlpha_0.470806,17,
21,22,0.75,0.10499999999999998,0.13999999999999999,ijfhe3ss,fixed_alpha0.470806_german_gender_seed17,FixedAlpha_0.470806,17,
22,23,0.745,0.09499999999999997,0.13499999999999998,ijfhe3ss,fixed_alpha0.470806_german_gender_seed17,FixedAlpha_0.470806,17,
23,24,0.745,0.09499999999999997,0.13499999999999998,ijfhe3ss,fixed_alpha0.470806_german_gender_seed17,FixedAlpha_0.470806,17,
24,25,0.745,0.08499999999999996,0.14249999999999996,ijfhe3ss,fixed_alpha0.470806_german_gender_seed17,FixedAlpha_0.470806,17,
25,26,0.74,0.07499999999999996,0.13749999999999996,ijfhe3ss,fixed_alpha0.470806_german_gender_seed17,FixedAlpha_0.470806,17,
26,27,0.74,0.07499999999999996,0.13749999999999996,ijfhe3ss,fixed_alpha0.470806_german_gender_seed17,FixedAlpha_0.470806,17,
27,28,0.74,0.08499999999999996,0.12999999999999998,ijfhe3ss,fixed_alpha0.470806_german_gender_seed17,FixedAlpha_0.470806,17,
28,29,0.74,0.08499999999999996,0.12999999999999998,ijfhe3ss,fixed_alpha0.470806_german_gender_seed17,FixedAlpha_0.470806,17,
29,30,0.74,0.07499999999999996,0.1,ijfhe3ss,fixed_alpha0.470806_german_gender_seed17,FixedAlpha_0.470806,17,
0,1,0.475,0.010000000000000009,0.08,oz9qhcm7,fixed_alpha0.470806_german_gender_seed15,FixedAlpha_0.470806,15,
1,2,0.585,0.030000000000000027,0.015000000000000013,oz9qhcm7,fixed_alpha0.470806_german_gender_seed15,FixedAlpha_0.470806,15,
2,3,0.62,0.03499999999999992,0.029999999999999916,oz9qhcm7,fixed_alpha0.470806_german_gender_seed15,FixedAlpha_0.470806,15,
3,4,0.705,0.09999999999999998,0.062499999999999944,oz9qhcm7,fixed_alpha0.470806_german_gender_seed15,FixedAlpha_0.470806,15,
4,5,0.73,0.0050000000000000044,0.05250000000000005,oz9qhcm7,fixed_alpha0.470806_german_gender_seed15,FixedAlpha_0.470806,15,
5,6,0.735,0.04499999999999993,0.034999999999999976,oz9qhcm7,fixed_alpha0.470806_german_gender_seed15,FixedAlpha_0.470806,15,
6,7,0.735,0.030000000000000027,0.02749999999999997,oz9qhcm7,fixed_alpha0.470806_german_gender_seed15,FixedAlpha_0.470806,15,
7,8,0.73,0.05499999999999994,0.039999999999999925,oz9qhcm7,fixed_alpha0.470806_german_gender_seed15,FixedAlpha_0.470806,15,
8,9,0.73,0.03499999999999992,0.04249999999999998,oz9qhcm7,fixed_alpha0.470806_german_gender_seed15,FixedAlpha_0.470806,15,
9,10,0.735,0.05999999999999994,0.0675,oz9qhcm7,fixed_alpha0.470806_german_gender_seed15,FixedAlpha_0.470806,15,
10,11,0.745,0.08499999999999996,0.04249999999999998,oz9qhcm7,fixed_alpha0.470806_german_gender_seed15,FixedAlpha_0.470806,15,
11,12,0.745,0.06499999999999995,0.05749999999999994,oz9qhcm7,fixed_alpha0.470806_german_gender_seed15,FixedAlpha_0.470806,15,
12,13,0.77,0.05500000000000005,0.03999999999999998,oz9qhcm7,fixed_alpha0.470806_german_gender_seed15,FixedAlpha_0.470806,15,
13,14,0.77,0.04500000000000004,0.06,oz9qhcm7,fixed_alpha0.470806_german_gender_seed15,FixedAlpha_0.470806,15,
14,15,0.775,0.04500000000000004,0.04750000000000004,oz9qhcm7,fixed_alpha0.470806_german_gender_seed15,FixedAlpha_0.470806,15,
15,16,0.775,0.050000000000000044,0.05000000000000002,oz9qhcm7,fixed_alpha0.470806_german_gender_seed15,FixedAlpha_0.470806,15,
16,17,0.77,0.040000000000000036,0.04500000000000001,oz9qhcm7,fixed_alpha0.470806_german_gender_seed15,FixedAlpha_0.470806,15,
17,18,0.765,0.06500000000000006,0.05750000000000002,oz9qhcm7,fixed_alpha0.470806_german_gender_seed15,FixedAlpha_0.470806,15,
18,19,0.765,0.06500000000000006,0.05750000000000002,oz9qhcm7,fixed_alpha0.470806_german_gender_seed15,FixedAlpha_0.470806,15,
19,20,0.765,0.06500000000000006,0.05750000000000002,oz9qhcm7,fixed_alpha0.470806_german_gender_seed15,FixedAlpha_0.470806,15,
20,21,0.765,0.06500000000000006,0.05750000000000002,oz9qhcm7,fixed_alpha0.470806_german_gender_seed15,FixedAlpha_0.470806,15,
21,22,0.765,0.06500000000000006,0.05750000000000002,oz9qhcm7,fixed_alpha0.470806_german_gender_seed15,FixedAlpha_0.470806,15,
22,23,0.765,0.06500000000000006,0.05750000000000002,oz9qhcm7,fixed_alpha0.470806_german_gender_seed15,FixedAlpha_0.470806,15,
23,24,0.765,0.06500000000000006,0.05750000000000002,oz9qhcm7,fixed_alpha0.470806_german_gender_seed15,FixedAlpha_0.470806,15,
24,25,0.765,0.06500000000000006,0.05750000000000002,oz9qhcm7,fixed_alpha0.470806_german_gender_seed15,FixedAlpha_0.470806,15,
25,26,0.77,0.06500000000000006,0.08250000000000002,oz9qhcm7,fixed_alpha0.470806_german_gender_seed15,FixedAlpha_0.470806,15,
26,27,0.775,0.05500000000000005,0.05250000000000002,oz9qhcm7,fixed_alpha0.470806_german_gender_seed15,FixedAlpha_0.470806,15,
27,28,0.77,0.05500000000000005,0.065,oz9qhcm7,fixed_alpha0.470806_german_gender_seed15,FixedAlpha_0.470806,15,
28,29,0.76,0.10499999999999998,0.08999999999999997,oz9qhcm7,fixed_alpha0.470806_german_gender_seed15,FixedAlpha_0.470806,15,
29,30,0.76,0.10499999999999998,0.08999999999999997,oz9qhcm7,fixed_alpha0.470806_german_gender_seed15,FixedAlpha_0.470806,15,
0,1,0.635,0.12,0.135,41cv7rwf,fixed_alpha0.470806_german_gender_seed20,FixedAlpha_0.470806,20,
1,2,0.635,0.015000000000000013,0.08250000000000002,41cv7rwf,fixed_alpha0.470806_german_gender_seed20,FixedAlpha_0.470806,20,
2,3,0.645,0.0050000000000000044,0.03999999999999998,41cv7rwf,fixed_alpha0.470806_german_gender_seed20,FixedAlpha_0.470806,20,
3,4,0.655,0.015000000000000013,0.057499999999999996,41cv7rwf,fixed_alpha0.470806_german_gender_seed20,FixedAlpha_0.470806,20,
4,5,0.66,0.0050000000000000044,0.07749999999999996,41cv7rwf,fixed_alpha0.470806_german_gender_seed20,FixedAlpha_0.470806,20,
5,6,0.655,0.06500000000000006,0.10749999999999998,41cv7rwf,fixed_alpha0.470806_german_gender_seed20,FixedAlpha_0.470806,20,
6,7,0.675,0.08999999999999997,0.18249999999999994,41cv7rwf,fixed_alpha0.470806_german_gender_seed20,FixedAlpha_0.470806,20,
7,8,0.675,0.10499999999999998,0.1775,41cv7rwf,fixed_alpha0.470806_german_gender_seed20,FixedAlpha_0.470806,20,
8,9,0.67,0.09499999999999997,0.1725,41cv7rwf,fixed_alpha0.470806_german_gender_seed20,FixedAlpha_0.470806,20,
9,10,0.68,0.09499999999999997,0.15999999999999998,41cv7rwf,fixed_alpha0.470806_german_gender_seed20,FixedAlpha_0.470806,20,
10,11,0.685,0.09499999999999997,0.135,41cv7rwf,fixed_alpha0.470806_german_gender_seed20,FixedAlpha_0.470806,20,
11,12,0.7,0.09499999999999997,0.09749999999999998,41cv7rwf,fixed_alpha0.470806_german_gender_seed20,FixedAlpha_0.470806,20,
12,13,0.71,0.08499999999999996,0.09249999999999997,41cv7rwf,fixed_alpha0.470806_german_gender_seed20,FixedAlpha_0.470806,20,
13,14,0.72,0.08499999999999996,0.1175,41cv7rwf,fixed_alpha0.470806_german_gender_seed20,FixedAlpha_0.470806,20,
14,15,0.725,0.08499999999999996,0.13,41cv7rwf,fixed_alpha0.470806_german_gender_seed20,FixedAlpha_0.470806,20,
15,16,0.705,0.06999999999999995,0.13499999999999998,41cv7rwf,fixed_alpha0.470806_german_gender_seed20,FixedAlpha_0.470806,20,
16,17,0.705,0.06000000000000005,0.10500000000000001,41cv7rwf,fixed_alpha0.470806_german_gender_seed20,FixedAlpha_0.470806,20,
17,18,0.705,0.06000000000000005,0.10500000000000001,41cv7rwf,fixed_alpha0.470806_german_gender_seed20,FixedAlpha_0.470806,20,
18,19,0.71,0.10499999999999998,0.12749999999999997,41cv7rwf,fixed_alpha0.470806_german_gender_seed20,FixedAlpha_0.470806,20,
19,20,0.715,0.11499999999999999,0.13249999999999998,41cv7rwf,fixed_alpha0.470806_german_gender_seed20,FixedAlpha_0.470806,20,
20,21,0.72,0.11499999999999999,0.145,41cv7rwf,fixed_alpha0.470806_german_gender_seed20,FixedAlpha_0.470806,20,
21,22,0.715,0.14,0.1575,41cv7rwf,fixed_alpha0.470806_german_gender_seed20,FixedAlpha_0.470806,20,
22,23,0.7,0.1100000000000001,0.14250000000000004,41cv7rwf,fixed_alpha0.470806_german_gender_seed20,FixedAlpha_0.470806,20,
23,24,0.7,0.12,0.13499999999999998,41cv7rwf,fixed_alpha0.470806_german_gender_seed20,FixedAlpha_0.470806,20,
24,25,0.7,0.12,0.13499999999999998,41cv7rwf,fixed_alpha0.470806_german_gender_seed20,FixedAlpha_0.470806,20,
25,26,0.7,0.12,0.13499999999999998,41cv7rwf,fixed_alpha0.470806_german_gender_seed20,FixedAlpha_0.470806,20,
26,27,0.7,0.12,0.13499999999999998,41cv7rwf,fixed_alpha0.470806_german_gender_seed20,FixedAlpha_0.470806,20,
27,28,0.7,0.12,0.13499999999999998,41cv7rwf,fixed_alpha0.470806_german_gender_seed20,FixedAlpha_0.470806,20,
28,29,0.7,0.12,0.13499999999999998,41cv7rwf,fixed_alpha0.470806_german_gender_seed20,FixedAlpha_0.470806,20,
29,30,0.695,0.1100000000000001,0.13000000000000003,41cv7rwf,fixed_alpha0.470806_german_gender_seed20,FixedAlpha_0.470806,20,
0,1,0.36,0.205,0.24,tepdi4zi,fixed_alpha0.470806_german_gender_seed16,FixedAlpha_0.470806,16,
1,2,0.455,0.04999999999999999,0.17500000000000002,tepdi4zi,fixed_alpha0.470806_german_gender_seed16,FixedAlpha_0.470806,16,
2,3,0.575,0.050000000000000044,0.18750000000000006,tepdi4zi,fixed_alpha0.470806_german_gender_seed16,FixedAlpha_0.470806,16,
3,4,0.645,0.0050000000000000044,0.19,tepdi4zi,fixed_alpha0.470806_german_gender_seed16,FixedAlpha_0.470806,16,
4,5,0.665,0.04500000000000004,0.135,tepdi4zi,fixed_alpha0.470806_german_gender_seed16,FixedAlpha_0.470806,16,
5,6,0.69,0.015000000000000013,0.10750000000000004,tepdi4zi,fixed_alpha0.470806_german_gender_seed16,FixedAlpha_0.470806,16,
6,7,0.695,0.019999999999999907,0.09749999999999998,tepdi4zi,fixed_alpha0.470806_german_gender_seed16,FixedAlpha_0.470806,16,
7,8,0.7,0.010000000000000009,0.09250000000000003,tepdi4zi,fixed_alpha0.470806_german_gender_seed16,FixedAlpha_0.470806,16,
8,9,0.71,0.02499999999999991,0.07499999999999996,tepdi4zi,fixed_alpha0.470806_german_gender_seed16,FixedAlpha_0.470806,16,
9,10,0.715,0.014999999999999902,0.08249999999999996,tepdi4zi,fixed_alpha0.470806_german_gender_seed16,FixedAlpha_0.470806,16,
10,11,0.71,0.030000000000000027,0.11499999999999999,tepdi4zi,fixed_alpha0.470806_german_gender_seed16,FixedAlpha_0.470806,16,
11,12,0.72,0.030000000000000027,0.1275,tepdi4zi,fixed_alpha0.470806_german_gender_seed16,FixedAlpha_0.470806,16,
12,13,0.715,0.03500000000000003,0.10500000000000004,tepdi4zi,fixed_alpha0.470806_german_gender_seed16,FixedAlpha_0.470806,16,
13,14,0.715,0.025000000000000022,0.08750000000000002,tepdi4zi,fixed_alpha0.470806_german_gender_seed16,FixedAlpha_0.470806,16,
14,15,0.71,0.050000000000000044,0.10000000000000003,tepdi4zi,fixed_alpha0.470806_german_gender_seed16,FixedAlpha_0.470806,16,
15,16,0.72,0.050000000000000044,0.15000000000000002,tepdi4zi,fixed_alpha0.470806_german_gender_seed16,FixedAlpha_0.470806,16,
16,17,0.71,0.05500000000000005,0.17750000000000002,tepdi4zi,fixed_alpha0.470806_german_gender_seed16,FixedAlpha_0.470806,16,
17,18,0.71,0.10499999999999998,0.17749999999999996,tepdi4zi,fixed_alpha0.470806_german_gender_seed16,FixedAlpha_0.470806,16,
18,19,0.72,0.10499999999999998,0.1525,tepdi4zi,fixed_alpha0.470806_german_gender_seed16,FixedAlpha_0.470806,16,
19,20,0.725,0.10499999999999998,0.13999999999999999,tepdi4zi,fixed_alpha0.470806_german_gender_seed16,FixedAlpha_0.470806,16,
20,21,0.725,0.10499999999999998,0.13999999999999999,tepdi4zi,fixed_alpha0.470806_german_gender_seed16,FixedAlpha_0.470806,16,
21,22,0.725,0.10499999999999998,0.13999999999999999,tepdi4zi,fixed_alpha0.470806_german_gender_seed16,FixedAlpha_0.470806,16,
22,23,0.715,0.08499999999999996,0.12999999999999998,tepdi4zi,fixed_alpha0.470806_german_gender_seed16,FixedAlpha_0.470806,16,
23,24,0.715,0.08499999999999996,0.12999999999999998,tepdi4zi,fixed_alpha0.470806_german_gender_seed16,FixedAlpha_0.470806,16,
24,25,0.71,0.07499999999999996,0.12499999999999997,tepdi4zi,fixed_alpha0.470806_german_gender_seed16,FixedAlpha_0.470806,16,
25,26,0.725,0.07499999999999996,0.0875,tepdi4zi,fixed_alpha0.470806_german_gender_seed16,FixedAlpha_0.470806,16,
26,27,0.72,0.08999999999999997,0.08249999999999999,tepdi4zi,fixed_alpha0.470806_german_gender_seed16,FixedAlpha_0.470806,16,
27,28,0.725,0.09999999999999998,0.0875,tepdi4zi,fixed_alpha0.470806_german_gender_seed16,FixedAlpha_0.470806,16,
28,29,0.72,0.08999999999999997,0.08249999999999999,tepdi4zi,fixed_alpha0.470806_german_gender_seed16,FixedAlpha_0.470806,16,
29,30,0.72,0.08999999999999997,0.08249999999999999,tepdi4zi,fixed_alpha0.470806_german_gender_seed16,FixedAlpha_0.470806,16,
0,1,0.69,0.1050000000000001,0.05250000000000005,36bub39r,fixed_alpha0.470806_german_gender_seed19,FixedAlpha_0.470806,19,
1,2,0.69,0.08499999999999996,0.05499999999999999,36bub39r,fixed_alpha0.470806_german_gender_seed19,FixedAlpha_0.470806,19,
2,3,0.71,0.0050000000000000044,0.0025000000000000022,36bub39r,fixed_alpha0.470806_german_gender_seed19,FixedAlpha_0.470806,19,
3,4,0.71,0.0050000000000000044,0.0025000000000000022,36bub39r,fixed_alpha0.470806_german_gender_seed19,FixedAlpha_0.470806,19,
4,5,0.72,0.0050000000000000044,0.027500000000000024,36bub39r,fixed_alpha0.470806_german_gender_seed19,FixedAlpha_0.470806,19,
5,6,0.725,0.030000000000000027,0.015000000000000013,36bub39r,fixed_alpha0.470806_german_gender_seed19,FixedAlpha_0.470806,19,
6,7,0.725,0.10499999999999998,0.08999999999999997,36bub39r,fixed_alpha0.470806_german_gender_seed19,FixedAlpha_0.470806,19,
7,8,0.71,0.16999999999999993,0.09749999999999998,36bub39r,fixed_alpha0.470806_german_gender_seed19,FixedAlpha_0.470806,19,
8,9,0.72,0.1399999999999999,0.14499999999999996,36bub39r,fixed_alpha0.470806_german_gender_seed19,FixedAlpha_0.470806,19,
9,10,0.72,0.14500000000000002,0.2225,36bub39r,fixed_alpha0.470806_german_gender_seed19,FixedAlpha_0.470806,19,
10,11,0.735,0.14500000000000002,0.18500000000000003,36bub39r,fixed_alpha0.470806_german_gender_seed19,FixedAlpha_0.470806,19,
11,12,0.72,0.19500000000000006,0.18500000000000005,36bub39r,fixed_alpha0.470806_german_gender_seed19,FixedAlpha_0.470806,19,
12,13,0.72,0.22000000000000008,0.18500000000000005,36bub39r,fixed_alpha0.470806_german_gender_seed19,FixedAlpha_0.470806,19,
13,14,0.73,0.18500000000000005,0.14250000000000002,36bub39r,fixed_alpha0.470806_german_gender_seed19,FixedAlpha_0.470806,19,
14,15,0.73,0.18500000000000005,0.14250000000000002,36bub39r,fixed_alpha0.470806_german_gender_seed19,FixedAlpha_0.470806,19,
15,16,0.73,0.21000000000000008,0.14250000000000002,36bub39r,fixed_alpha0.470806_german_gender_seed19,FixedAlpha_0.470806,19,
16,17,0.72,0.19000000000000006,0.1325,36bub39r,fixed_alpha0.470806_german_gender_seed19,FixedAlpha_0.470806,19,
17,18,0.72,0.18000000000000005,0.11500000000000005,36bub39r,fixed_alpha0.470806_german_gender_seed19,FixedAlpha_0.470806,19,
18,19,0.72,0.18000000000000005,0.11500000000000005,36bub39r,fixed_alpha0.470806_german_gender_seed19,FixedAlpha_0.470806,19,
19,20,0.72,0.18000000000000005,0.10250000000000004,36bub39r,fixed_alpha0.470806_german_gender_seed19,FixedAlpha_0.470806,19,
20,21,0.715,0.17000000000000004,0.09750000000000003,36bub39r,fixed_alpha0.470806_german_gender_seed19,FixedAlpha_0.470806,19,
21,22,0.705,0.19499999999999995,0.09749999999999998,36bub39r,fixed_alpha0.470806_german_gender_seed19,FixedAlpha_0.470806,19,
22,23,0.715,0.19499999999999995,0.1225,36bub39r,fixed_alpha0.470806_german_gender_seed19,FixedAlpha_0.470806,19,
23,24,0.71,0.19499999999999995,0.10999999999999999,36bub39r,fixed_alpha0.470806_german_gender_seed19,FixedAlpha_0.470806,19,
24,25,0.71,0.19499999999999995,0.10999999999999999,36bub39r,fixed_alpha0.470806_german_gender_seed19,FixedAlpha_0.470806,19,
25,26,0.715,0.19499999999999995,0.1225,36bub39r,fixed_alpha0.470806_german_gender_seed19,FixedAlpha_0.470806,19,
26,27,0.725,0.21499999999999997,0.1325,36bub39r,fixed_alpha0.470806_german_gender_seed19,FixedAlpha_0.470806,19,
27,28,0.72,0.20499999999999996,0.1275,36bub39r,fixed_alpha0.470806_german_gender_seed19,FixedAlpha_0.470806,19,
28,29,0.715,0.20499999999999996,0.11499999999999999,36bub39r,fixed_alpha0.470806_german_gender_seed19,FixedAlpha_0.470806,19,
29,30,0.72,0.19499999999999995,0.135,36bub39r,fixed_alpha0.470806_german_gender_seed19,FixedAlpha_0.470806,19,
0,1,0.665,0.09999999999999998,0.08749999999999997,dq8aidse,fixed_alpha0.470806_german_gender_seed18,FixedAlpha_0.470806,18,
1,2,0.68,0.09999999999999998,0.0625,dq8aidse,fixed_alpha0.470806_german_gender_seed18,FixedAlpha_0.470806,18,
2,3,0.705,0.0050000000000000044,0.0025000000000000022,dq8aidse,fixed_alpha0.470806_german_gender_seed18,FixedAlpha_0.470806,18,
3,4,0.705,0.0050000000000000044,0.03999999999999998,dq8aidse,fixed_alpha0.470806_german_gender_seed18,FixedAlpha_0.470806,18,
4,5,0.705,0.0050000000000000044,0.03999999999999998,dq8aidse,fixed_alpha0.470806_german_gender_seed18,FixedAlpha_0.470806,18,
5,6,0.705,0.0050000000000000044,0.03999999999999998,dq8aidse,fixed_alpha0.470806_german_gender_seed18,FixedAlpha_0.470806,18,
6,7,0.71,0.07000000000000006,0.09750000000000003,dq8aidse,fixed_alpha0.470806_german_gender_seed18,FixedAlpha_0.470806,18,
7,8,0.72,0.09500000000000008,0.07250000000000001,dq8aidse,fixed_alpha0.470806_german_gender_seed18,FixedAlpha_0.470806,18,
8,9,0.725,0.12,0.06,dq8aidse,fixed_alpha0.470806_german_gender_seed18,FixedAlpha_0.470806,18,
9,10,0.73,0.14500000000000002,0.09750000000000003,dq8aidse,fixed_alpha0.470806_german_gender_seed18,FixedAlpha_0.470806,18,
10,11,0.74,0.15500000000000003,0.07750000000000001,dq8aidse,fixed_alpha0.470806_german_gender_seed18,FixedAlpha_0.470806,18,
11,12,0.735,0.135,0.08000000000000002,dq8aidse,fixed_alpha0.470806_german_gender_seed18,FixedAlpha_0.470806,18,
12,13,0.73,0.125,0.07500000000000001,dq8aidse,fixed_alpha0.470806_german_gender_seed18,FixedAlpha_0.470806,18,
13,14,0.735,0.16000000000000003,0.09249999999999997,dq8aidse,fixed_alpha0.470806_german_gender_seed18,FixedAlpha_0.470806,18,
14,15,0.735,0.16000000000000003,0.09249999999999997,dq8aidse,fixed_alpha0.470806_german_gender_seed18,FixedAlpha_0.470806,18,
15,16,0.715,0.20000000000000007,0.11250000000000004,dq8aidse,fixed_alpha0.470806_german_gender_seed18,FixedAlpha_0.470806,18,
16,17,0.715,0.18000000000000005,0.1275,dq8aidse,fixed_alpha0.470806_german_gender_seed18,FixedAlpha_0.470806,18,
17,18,0.725,0.18000000000000005,0.15250000000000002,dq8aidse,fixed_alpha0.470806_german_gender_seed18,FixedAlpha_0.470806,18,
18,19,0.725,0.18000000000000005,0.15250000000000002,dq8aidse,fixed_alpha0.470806_german_gender_seed18,FixedAlpha_0.470806,18,
19,20,0.715,0.16000000000000003,0.14250000000000002,dq8aidse,fixed_alpha0.470806_german_gender_seed18,FixedAlpha_0.470806,18,
20,21,0.72,0.17000000000000004,0.14750000000000002,dq8aidse,fixed_alpha0.470806_german_gender_seed18,FixedAlpha_0.470806,18,
21,22,0.72,0.17000000000000004,0.14750000000000002,dq8aidse,fixed_alpha0.470806_german_gender_seed18,FixedAlpha_0.470806,18,
22,23,0.72,0.17000000000000004,0.14750000000000002,dq8aidse,fixed_alpha0.470806_german_gender_seed18,FixedAlpha_0.470806,18,
23,24,0.72,0.17000000000000004,0.14750000000000002,dq8aidse,fixed_alpha0.470806_german_gender_seed18,FixedAlpha_0.470806,18,
24,25,0.725,0.17000000000000004,0.12250000000000005,dq8aidse,fixed_alpha0.470806_german_gender_seed18,FixedAlpha_0.470806,18,
25,26,0.725,0.17000000000000004,0.12250000000000005,dq8aidse,fixed_alpha0.470806_german_gender_seed18,FixedAlpha_0.470806,18,
26,27,0.72,0.16000000000000003,0.11750000000000005,dq8aidse,fixed_alpha0.470806_german_gender_seed18,FixedAlpha_0.470806,18,
27,28,0.71,0.14,0.10750000000000004,dq8aidse,fixed_alpha0.470806_german_gender_seed18,FixedAlpha_0.470806,18,
28,29,0.715,0.11499999999999999,0.09500000000000003,dq8aidse,fixed_alpha0.470806_german_gender_seed18,FixedAlpha_0.470806,18,
29,30,0.715,0.11499999999999999,0.09500000000000003,dq8aidse,fixed_alpha0.470806_german_gender_seed18,FixedAlpha_0.470806,18,
0,1,0.48,0.07,0.085,46cguo21,fixed_alpha0.470806_german_gender_seed25,FixedAlpha_0.470806,25,
1,2,0.59,0.0050000000000000044,0.0025000000000000022,46cguo21,fixed_alpha0.470806_german_gender_seed25,FixedAlpha_0.470806,25,
2,3,0.66,0.015000000000000013,0.04500000000000004,46cguo21,fixed_alpha0.470806_german_gender_seed25,FixedAlpha_0.470806,25,
3,4,0.685,0.029999999999999916,0.02749999999999997,46cguo21,fixed_alpha0.470806_german_gender_seed25,FixedAlpha_0.470806,25,
4,5,0.685,0.0,0.012499999999999956,46cguo21,fixed_alpha0.470806_german_gender_seed25,FixedAlpha_0.470806,25,
5,6,0.69,0.025000000000000022,0.024999999999999967,46cguo21,fixed_alpha0.470806_german_gender_seed25,FixedAlpha_0.470806,25,
6,7,0.69,0.0,0.012500000000000011,46cguo21,fixed_alpha0.470806_german_gender_seed25,FixedAlpha_0.470806,25,
7,8,0.705,0.0,0.012500000000000011,46cguo21,fixed_alpha0.470806_german_gender_seed25,FixedAlpha_0.470806,25,
8,9,0.7,0.039999999999999925,0.04499999999999993,46cguo21,fixed_alpha0.470806_german_gender_seed25,FixedAlpha_0.470806,25,
9,10,0.71,0.08000000000000007,0.040000000000000036,46cguo21,fixed_alpha0.470806_german_gender_seed25,FixedAlpha_0.470806,25,
10,11,0.725,0.050000000000000044,0.025000000000000022,46cguo21,fixed_alpha0.470806_german_gender_seed25,FixedAlpha_0.470806,25,
11,12,0.745,0.050000000000000044,0.03750000000000003,46cguo21,fixed_alpha0.470806_german_gender_seed25,FixedAlpha_0.470806,25,
12,13,0.76,0.050000000000000044,0.03750000000000003,46cguo21,fixed_alpha0.470806_german_gender_seed25,FixedAlpha_0.470806,25,
13,14,0.755,0.030000000000000027,0.040000000000000036,46cguo21,fixed_alpha0.470806_german_gender_seed25,FixedAlpha_0.470806,25,
14,15,0.75,0.05500000000000005,0.05250000000000005,46cguo21,fixed_alpha0.470806_german_gender_seed25,FixedAlpha_0.470806,25,
15,16,0.75,0.04500000000000004,0.02250000000000002,46cguo21,fixed_alpha0.470806_german_gender_seed25,FixedAlpha_0.470806,25,
16,17,0.755,0.06999999999999995,0.04749999999999996,46cguo21,fixed_alpha0.470806_german_gender_seed25,FixedAlpha_0.470806,25,
17,18,0.75,0.06999999999999995,0.04749999999999999,46cguo21,fixed_alpha0.470806_german_gender_seed25,FixedAlpha_0.470806,25,
18,19,0.745,0.06999999999999995,0.07250000000000001,46cguo21,fixed_alpha0.470806_german_gender_seed25,FixedAlpha_0.470806,25,
19,20,0.745,0.06999999999999995,0.10999999999999996,46cguo21,fixed_alpha0.470806_german_gender_seed25,FixedAlpha_0.470806,25,
20,21,0.74,0.06999999999999995,0.09749999999999998,46cguo21,fixed_alpha0.470806_german_gender_seed25,FixedAlpha_0.470806,25,
21,22,0.74,0.06999999999999995,0.09749999999999998,46cguo21,fixed_alpha0.470806_german_gender_seed25,FixedAlpha_0.470806,25,
22,23,0.74,0.06999999999999995,0.09749999999999998,46cguo21,fixed_alpha0.470806_german_gender_seed25,FixedAlpha_0.470806,25,
23,24,0.745,0.06999999999999995,0.07250000000000001,46cguo21,fixed_alpha0.470806_german_gender_seed25,FixedAlpha_0.470806,25,
24,25,0.74,0.05999999999999994,0.0675,46cguo21,fixed_alpha0.470806_german_gender_seed25,FixedAlpha_0.470806,25,
25,26,0.74,0.05999999999999994,0.0675,46cguo21,fixed_alpha0.470806_german_gender_seed25,FixedAlpha_0.470806,25,
26,27,0.73,0.04999999999999993,0.08749999999999997,46cguo21,fixed_alpha0.470806_german_gender_seed25,FixedAlpha_0.470806,25,
27,28,0.73,0.04999999999999993,0.08749999999999997,46cguo21,fixed_alpha0.470806_german_gender_seed25,FixedAlpha_0.470806,25,
28,29,0.73,0.04999999999999993,0.08749999999999997,46cguo21,fixed_alpha0.470806_german_gender_seed25,FixedAlpha_0.470806,25,
29,30,0.73,0.04999999999999993,0.08749999999999997,46cguo21,fixed_alpha0.470806_german_gender_seed25,FixedAlpha_0.470806,25,
0,1,0.605,0.1100000000000001,0.05500000000000005,r3g9u0x6,fixed_alpha0.470806_german_gender_seed22,FixedAlpha_0.470806,22,
1,2,0.645,0.10999999999999999,0.05499999999999999,r3g9u0x6,fixed_alpha0.470806_german_gender_seed22,FixedAlpha_0.470806,22,
2,3,0.685,0.03499999999999992,0.04249999999999993,r3g9u0x6,fixed_alpha0.470806_german_gender_seed22,FixedAlpha_0.470806,22,
3,4,0.705,0.015000000000000013,0.007500000000000007,r3g9u0x6,fixed_alpha0.470806_german_gender_seed22,FixedAlpha_0.470806,22,
4,5,0.715,0.0,0.0,r3g9u0x6,fixed_alpha0.470806_german_gender_seed22,FixedAlpha_0.470806,22,
5,6,0.715,0.0,0.0,r3g9u0x6,fixed_alpha0.470806_german_gender_seed22,FixedAlpha_0.470806,22,
6,7,0.705,0.050000000000000044,0.025000000000000022,r3g9u0x6,fixed_alpha0.470806_german_gender_seed22,FixedAlpha_0.470806,22,
7,8,0.72,0.050000000000000044,0.0625,r3g9u0x6,fixed_alpha0.470806_german_gender_seed22,FixedAlpha_0.470806,22,
8,9,0.725,0.07499999999999996,0.0625,r3g9u0x6,fixed_alpha0.470806_german_gender_seed22,FixedAlpha_0.470806,22,
9,10,0.735,0.09999999999999998,0.07499999999999996,r3g9u0x6,fixed_alpha0.470806_german_gender_seed22,FixedAlpha_0.470806,22,
10,11,0.74,0.09999999999999998,0.04999999999999999,r3g9u0x6,fixed_alpha0.470806_german_gender_seed22,FixedAlpha_0.470806,22,
11,12,0.725,0.09499999999999997,0.07250000000000001,r3g9u0x6,fixed_alpha0.470806_german_gender_seed22,FixedAlpha_0.470806,22,
12,13,0.725,0.08499999999999996,0.05499999999999999,r3g9u0x6,fixed_alpha0.470806_german_gender_seed22,FixedAlpha_0.470806,22,
13,14,0.74,0.09999999999999998,0.07499999999999996,r3g9u0x6,fixed_alpha0.470806_german_gender_seed22,FixedAlpha_0.470806,22,
14,15,0.74,0.11499999999999999,0.057499999999999996,r3g9u0x6,fixed_alpha0.470806_german_gender_seed22,FixedAlpha_0.470806,22,
15,16,0.73,0.13,0.065,r3g9u0x6,fixed_alpha0.470806_german_gender_seed22,FixedAlpha_0.470806,22,
16,17,0.74,0.12,0.09750000000000003,r3g9u0x6,fixed_alpha0.470806_german_gender_seed22,FixedAlpha_0.470806,22,
17,18,0.74,0.14500000000000002,0.1225,r3g9u0x6,fixed_alpha0.470806_german_gender_seed22,FixedAlpha_0.470806,22,
18,19,0.73,0.11499999999999999,0.12,r3g9u0x6,fixed_alpha0.470806_german_gender_seed22,FixedAlpha_0.470806,22,
19,20,0.735,0.11499999999999999,0.1325,r3g9u0x6,fixed_alpha0.470806_german_gender_seed22,FixedAlpha_0.470806,22,
20,21,0.735,0.10499999999999998,0.10249999999999998,r3g9u0x6,fixed_alpha0.470806_german_gender_seed22,FixedAlpha_0.470806,22,
21,22,0.73,0.09499999999999997,0.09749999999999998,r3g9u0x6,fixed_alpha0.470806_german_gender_seed22,FixedAlpha_0.470806,22,
22,23,0.73,0.09499999999999997,0.09749999999999998,r3g9u0x6,fixed_alpha0.470806_german_gender_seed22,FixedAlpha_0.470806,22,
23,24,0.73,0.13,0.11499999999999999,r3g9u0x6,fixed_alpha0.470806_german_gender_seed22,FixedAlpha_0.470806,22,
24,25,0.725,0.12,0.10999999999999999,r3g9u0x6,fixed_alpha0.470806_german_gender_seed22,FixedAlpha_0.470806,22,
25,26,0.725,0.12,0.10999999999999999,r3g9u0x6,fixed_alpha0.470806_german_gender_seed22,FixedAlpha_0.470806,22,
26,27,0.715,0.135,0.1175,r3g9u0x6,fixed_alpha0.470806_german_gender_seed22,FixedAlpha_0.470806,22,
27,28,0.705,0.15000000000000002,0.125,r3g9u0x6,fixed_alpha0.470806_german_gender_seed22,FixedAlpha_0.470806,22,
28,29,0.69,0.15499999999999992,0.12749999999999995,r3g9u0x6,fixed_alpha0.470806_german_gender_seed22,FixedAlpha_0.470806,22,
29,30,0.69,0.15499999999999992,0.12749999999999995,r3g9u0x6,fixed_alpha0.470806_german_gender_seed22,FixedAlpha_0.470806,22,
0,1,0.5,0.0,0.12500000000000003,sgcglxrj,fixed_alpha0.470806_german_gender_seed21,FixedAlpha_0.470806,21,
1,2,0.585,0.010000000000000009,0.10500000000000004,sgcglxrj,fixed_alpha0.470806_german_gender_seed21,FixedAlpha_0.470806,21,
2,3,0.65,0.0050000000000000044,0.13999999999999996,sgcglxrj,fixed_alpha0.470806_german_gender_seed21,FixedAlpha_0.470806,21,
3,4,0.7,0.020000000000000018,0.1225,sgcglxrj,fixed_alpha0.470806_german_gender_seed21,FixedAlpha_0.470806,21,
4,5,0.715,0.015000000000000013,0.10749999999999998,sgcglxrj,fixed_alpha0.470806_german_gender_seed21,FixedAlpha_0.470806,21,
5,6,0.695,0.015000000000000013,0.057499999999999996,sgcglxrj,fixed_alpha0.470806_german_gender_seed21,FixedAlpha_0.470806,21,
6,7,0.695,0.03499999999999992,0.09249999999999997,sgcglxrj,fixed_alpha0.470806_german_gender_seed21,FixedAlpha_0.470806,21,
7,8,0.7,0.039999999999999925,0.06999999999999995,sgcglxrj,fixed_alpha0.470806_german_gender_seed21,FixedAlpha_0.470806,21,
8,9,0.705,0.020000000000000018,0.06,sgcglxrj,fixed_alpha0.470806_german_gender_seed21,FixedAlpha_0.470806,21,
9,10,0.725,0.010000000000000009,0.08000000000000002,sgcglxrj,fixed_alpha0.470806_german_gender_seed21,FixedAlpha_0.470806,21,
10,11,0.72,0.020000000000000018,0.11000000000000004,sgcglxrj,fixed_alpha0.470806_german_gender_seed21,FixedAlpha_0.470806,21,
11,12,0.73,0.030000000000000027,0.11499999999999999,sgcglxrj,fixed_alpha0.470806_german_gender_seed21,FixedAlpha_0.470806,21,
12,13,0.725,0.020000000000000018,0.08499999999999996,sgcglxrj,fixed_alpha0.470806_german_gender_seed21,FixedAlpha_0.470806,21,
13,14,0.72,0.06999999999999995,0.12249999999999994,sgcglxrj,fixed_alpha0.470806_german_gender_seed21,FixedAlpha_0.470806,21,
14,15,0.72,0.06999999999999995,0.12249999999999994,sgcglxrj,fixed_alpha0.470806_german_gender_seed21,FixedAlpha_0.470806,21,
15,16,0.73,0.06999999999999995,0.10999999999999999,sgcglxrj,fixed_alpha0.470806_german_gender_seed21,FixedAlpha_0.470806,21,
16,17,0.73,0.06999999999999995,0.10999999999999999,sgcglxrj,fixed_alpha0.470806_german_gender_seed21,FixedAlpha_0.470806,21,
17,18,0.735,0.06999999999999995,0.1225,sgcglxrj,fixed_alpha0.470806_german_gender_seed21,FixedAlpha_0.470806,21,
18,19,0.74,0.06999999999999995,0.13499999999999998,sgcglxrj,fixed_alpha0.470806_german_gender_seed21,FixedAlpha_0.470806,21,
19,20,0.735,0.05999999999999994,0.12999999999999998,sgcglxrj,fixed_alpha0.470806_german_gender_seed21,FixedAlpha_0.470806,21,
20,21,0.73,0.04999999999999993,0.12499999999999997,sgcglxrj,fixed_alpha0.470806_german_gender_seed21,FixedAlpha_0.470806,21,
21,22,0.73,0.04999999999999993,0.12499999999999997,sgcglxrj,fixed_alpha0.470806_german_gender_seed21,FixedAlpha_0.470806,21,
22,23,0.725,0.029999999999999916,0.08999999999999994,sgcglxrj,fixed_alpha0.470806_german_gender_seed21,FixedAlpha_0.470806,21,
23,24,0.725,0.029999999999999916,0.08999999999999994,sgcglxrj,fixed_alpha0.470806_german_gender_seed21,FixedAlpha_0.470806,21,
24,25,0.725,0.05499999999999994,0.07749999999999999,sgcglxrj,fixed_alpha0.470806_german_gender_seed21,FixedAlpha_0.470806,21,
25,26,0.72,0.05499999999999994,0.065,sgcglxrj,fixed_alpha0.470806_german_gender_seed21,FixedAlpha_0.470806,21,
26,27,0.72,0.05499999999999994,0.065,sgcglxrj,fixed_alpha0.470806_german_gender_seed21,FixedAlpha_0.470806,21,
27,28,0.72,0.05499999999999994,0.065,sgcglxrj,fixed_alpha0.470806_german_gender_seed21,FixedAlpha_0.470806,21,
28,29,0.715,0.07999999999999996,0.07750000000000001,sgcglxrj,fixed_alpha0.470806_german_gender_seed21,FixedAlpha_0.470806,21,
29,30,0.715,0.07999999999999996,0.07750000000000001,sgcglxrj,fixed_alpha0.470806_german_gender_seed21,FixedAlpha_0.470806,21,
0,1,0.67,0.03500000000000003,0.13,3cyn3uzf,fixed_alpha0.470806_german_gender_seed23,FixedAlpha_0.470806,23,
1,2,0.695,0.010000000000000009,0.10500000000000004,3cyn3uzf,fixed_alpha0.470806_german_gender_seed23,FixedAlpha_0.470806,23,
2,3,0.72,0.030000000000000027,0.1275,3cyn3uzf,fixed_alpha0.470806_german_gender_seed23,FixedAlpha_0.470806,23,
3,4,0.73,0.030000000000000027,0.11499999999999999,3cyn3uzf,fixed_alpha0.470806_german_gender_seed23,FixedAlpha_0.470806,23,
4,5,0.71,0.025000000000000022,0.11249999999999999,3cyn3uzf,fixed_alpha0.470806_german_gender_seed23,FixedAlpha_0.470806,23,
5,6,0.705,0.040000000000000036,0.1325,3cyn3uzf,fixed_alpha0.470806_german_gender_seed23,FixedAlpha_0.470806,23,
6,7,0.71,0.030000000000000027,0.11500000000000005,3cyn3uzf,fixed_alpha0.470806_german_gender_seed23,FixedAlpha_0.470806,23,
7,8,0.71,0.04500000000000004,0.11000000000000004,3cyn3uzf,fixed_alpha0.470806_german_gender_seed23,FixedAlpha_0.470806,23,
8,9,0.705,0.03500000000000003,0.10500000000000004,3cyn3uzf,fixed_alpha0.470806_german_gender_seed23,FixedAlpha_0.470806,23,
9,10,0.71,0.03500000000000003,0.1175,3cyn3uzf,fixed_alpha0.470806_german_gender_seed23,FixedAlpha_0.470806,23,
10,11,0.715,0.025000000000000022,0.1375,3cyn3uzf,fixed_alpha0.470806_german_gender_seed23,FixedAlpha_0.470806,23,
11,12,0.725,0.010000000000000009,0.13,3cyn3uzf,fixed_alpha0.470806_german_gender_seed23,FixedAlpha_0.470806,23,
12,13,0.715,0.025000000000000022,0.1375,3cyn3uzf,fixed_alpha0.470806_german_gender_seed23,FixedAlpha_0.470806,23,
13,14,0.71,0.015000000000000013,0.1325,3cyn3uzf,fixed_alpha0.470806_german_gender_seed23,FixedAlpha_0.470806,23,
14,15,0.71,0.015000000000000013,0.1325,3cyn3uzf,fixed_alpha0.470806_german_gender_seed23,FixedAlpha_0.470806,23,
15,16,0.71,0.039999999999999925,0.15749999999999997,3cyn3uzf,fixed_alpha0.470806_german_gender_seed23,FixedAlpha_0.470806,23,
16,17,0.695,0.04499999999999993,0.15999999999999998,3cyn3uzf,fixed_alpha0.470806_german_gender_seed23,FixedAlpha_0.470806,23,
17,18,0.7,0.06999999999999995,0.15999999999999995,3cyn3uzf,fixed_alpha0.470806_german_gender_seed23,FixedAlpha_0.470806,23,
18,19,0.695,0.06000000000000005,0.155,3cyn3uzf,fixed_alpha0.470806_german_gender_seed23,FixedAlpha_0.470806,23,
19,20,0.7,0.06000000000000005,0.1675,3cyn3uzf,fixed_alpha0.470806_german_gender_seed23,FixedAlpha_0.470806,23,
20,21,0.7,0.06000000000000005,0.1675,3cyn3uzf,fixed_alpha0.470806_german_gender_seed23,FixedAlpha_0.470806,23,
21,22,0.69,0.040000000000000036,0.1575,3cyn3uzf,fixed_alpha0.470806_german_gender_seed23,FixedAlpha_0.470806,23,
22,23,0.69,0.040000000000000036,0.1575,3cyn3uzf,fixed_alpha0.470806_german_gender_seed23,FixedAlpha_0.470806,23,
23,24,0.695,0.040000000000000036,0.13250000000000003,3cyn3uzf,fixed_alpha0.470806_german_gender_seed23,FixedAlpha_0.470806,23,
24,25,0.705,0.040000000000000036,0.12,3cyn3uzf,fixed_alpha0.470806_german_gender_seed23,FixedAlpha_0.470806,23,
25,26,0.705,0.040000000000000036,0.12,3cyn3uzf,fixed_alpha0.470806_german_gender_seed23,FixedAlpha_0.470806,23,
26,27,0.7,0.06500000000000006,0.1325,3cyn3uzf,fixed_alpha0.470806_german_gender_seed23,FixedAlpha_0.470806,23,
27,28,0.7,0.06500000000000006,0.1325,3cyn3uzf,fixed_alpha0.470806_german_gender_seed23,FixedAlpha_0.470806,23,
28,29,0.705,0.040000000000000036,0.12,3cyn3uzf,fixed_alpha0.470806_german_gender_seed23,FixedAlpha_0.470806,23,
29,30,0.705,0.040000000000000036,0.12,3cyn3uzf,fixed_alpha0.470806_german_gender_seed23,FixedAlpha_0.470806,23,
0,1,0.475,0.13,0.09,rgnn1p7w,fixed_alpha0.470806_german_gender_seed24,FixedAlpha_0.470806,24,
1,2,0.535,0.21000000000000002,0.1675,rgnn1p7w,fixed_alpha0.470806_german_gender_seed24,FixedAlpha_0.470806,24,
2,3,0.595,0.125,0.0625,rgnn1p7w,fixed_alpha0.470806_german_gender_seed24,FixedAlpha_0.470806,24,
3,4,0.655,0.16499999999999992,0.08249999999999996,rgnn1p7w,fixed_alpha0.470806_german_gender_seed24,FixedAlpha_0.470806,24,
4,5,0.67,0.16999999999999993,0.09749999999999998,rgnn1p7w,fixed_alpha0.470806_german_gender_seed24,FixedAlpha_0.470806,24,
5,6,0.665,0.14500000000000002,0.10999999999999999,rgnn1p7w,fixed_alpha0.470806_german_gender_seed24,FixedAlpha_0.470806,24,
6,7,0.66,0.14500000000000002,0.08500000000000002,rgnn1p7w,fixed_alpha0.470806_german_gender_seed24,FixedAlpha_0.470806,24,
7,8,0.67,0.15500000000000003,0.07750000000000001,rgnn1p7w,fixed_alpha0.470806_german_gender_seed24,FixedAlpha_0.470806,24,
8,9,0.685,0.14500000000000002,0.09750000000000003,rgnn1p7w,fixed_alpha0.470806_german_gender_seed24,FixedAlpha_0.470806,24,
9,10,0.695,0.135,0.08000000000000002,rgnn1p7w,fixed_alpha0.470806_german_gender_seed24,FixedAlpha_0.470806,24,
10,11,0.69,0.09500000000000008,0.06000000000000005,rgnn1p7w,fixed_alpha0.470806_german_gender_seed24,FixedAlpha_0.470806,24,
11,12,0.705,0.12,0.1225,rgnn1p7w,fixed_alpha0.470806_german_gender_seed24,FixedAlpha_0.470806,24,
12,13,0.71,0.12,0.135,rgnn1p7w,fixed_alpha0.470806_german_gender_seed24,FixedAlpha_0.470806,24,
13,14,0.705,0.08999999999999997,0.06999999999999995,rgnn1p7w,fixed_alpha0.470806_german_gender_seed24,FixedAlpha_0.470806,24,
14,15,0.705,0.07999999999999996,0.03999999999999998,rgnn1p7w,fixed_alpha0.470806_german_gender_seed24,FixedAlpha_0.470806,24,
15,16,0.705,0.07999999999999996,0.03999999999999998,rgnn1p7w,fixed_alpha0.470806_german_gender_seed24,FixedAlpha_0.470806,24,
16,17,0.705,0.06999999999999995,0.06,rgnn1p7w,fixed_alpha0.470806_german_gender_seed24,FixedAlpha_0.470806,24,
17,18,0.71,0.06999999999999995,0.04749999999999999,rgnn1p7w,fixed_alpha0.470806_german_gender_seed24,FixedAlpha_0.470806,24,
18,19,0.71,0.06999999999999995,0.04749999999999999,rgnn1p7w,fixed_alpha0.470806_german_gender_seed24,FixedAlpha_0.470806,24,
19,20,0.715,0.06999999999999995,0.034999999999999976,rgnn1p7w,fixed_alpha0.470806_german_gender_seed24,FixedAlpha_0.470806,24,
20,21,0.715,0.06999999999999995,0.034999999999999976,rgnn1p7w,fixed_alpha0.470806_german_gender_seed24,FixedAlpha_0.470806,24,
21,22,0.715,0.06999999999999995,0.034999999999999976,rgnn1p7w,fixed_alpha0.470806_german_gender_seed24,FixedAlpha_0.470806,24,
22,23,0.72,0.06999999999999995,0.04749999999999999,rgnn1p7w,fixed_alpha0.470806_german_gender_seed24,FixedAlpha_0.470806,24,
23,24,0.72,0.05999999999999994,0.05499999999999994,rgnn1p7w,fixed_alpha0.470806_german_gender_seed24,FixedAlpha_0.470806,24,
24,25,0.715,0.04999999999999993,0.04999999999999993,rgnn1p7w,fixed_alpha0.470806_german_gender_seed24,FixedAlpha_0.470806,24,
25,26,0.705,0.029999999999999916,0.039999999999999925,rgnn1p7w,fixed_alpha0.470806_german_gender_seed24,FixedAlpha_0.470806,24,
26,27,0.705,0.029999999999999916,0.039999999999999925,rgnn1p7w,fixed_alpha0.470806_german_gender_seed24,FixedAlpha_0.470806,24,
27,28,0.715,0.029999999999999916,0.02749999999999997,rgnn1p7w,fixed_alpha0.470806_german_gender_seed24,FixedAlpha_0.470806,24,
28,29,0.72,0.029999999999999916,0.02749999999999997,rgnn1p7w,fixed_alpha0.470806_german_gender_seed24,FixedAlpha_0.470806,24,
29,30,0.72,0.029999999999999916,0.02749999999999997,rgnn1p7w,fixed_alpha0.470806_german_gender_seed24,FixedAlpha_0.470806,24,
0,1,0.595,0.17000000000000004,0.16000000000000003,2uzse47i,fixed_alpha0.470806_german_gender_seed27,FixedAlpha_0.470806,27,
1,2,0.655,0.010000000000000009,0.02999999999999997,2uzse47i,fixed_alpha0.470806_german_gender_seed27,FixedAlpha_0.470806,27,
2,3,0.695,0.06499999999999995,0.044999999999999984,2uzse47i,fixed_alpha0.470806_german_gender_seed27,FixedAlpha_0.470806,27,
3,4,0.695,0.039999999999999925,0.057499999999999996,2uzse47i,fixed_alpha0.470806_german_gender_seed27,FixedAlpha_0.470806,27,
4,5,0.7,0.039999999999999925,0.03249999999999997,2uzse47i,fixed_alpha0.470806_german_gender_seed27,FixedAlpha_0.470806,27,
5,6,0.73,0.05999999999999994,0.05499999999999999,2uzse47i,fixed_alpha0.470806_german_gender_seed27,FixedAlpha_0.470806,27,
6,7,0.74,0.06999999999999995,0.10999999999999999,2uzse47i,fixed_alpha0.470806_german_gender_seed27,FixedAlpha_0.470806,27,
7,8,0.755,0.08499999999999996,0.10499999999999998,2uzse47i,fixed_alpha0.470806_german_gender_seed27,FixedAlpha_0.470806,27,
8,9,0.76,0.135,0.09250000000000003,2uzse47i,fixed_alpha0.470806_german_gender_seed27,FixedAlpha_0.470806,27,
9,10,0.755,0.1050000000000001,0.07750000000000001,2uzse47i,fixed_alpha0.470806_german_gender_seed27,FixedAlpha_0.470806,27,
10,11,0.755,0.12,0.06,2uzse47i,fixed_alpha0.470806_german_gender_seed27,FixedAlpha_0.470806,27,
11,12,0.74,0.08999999999999997,0.044999999999999984,2uzse47i,fixed_alpha0.470806_german_gender_seed27,FixedAlpha_0.470806,27,
12,13,0.74,0.04500000000000004,0.03500000000000003,2uzse47i,fixed_alpha0.470806_german_gender_seed27,FixedAlpha_0.470806,27,
13,14,0.735,0.06999999999999995,0.04749999999999999,2uzse47i,fixed_alpha0.470806_german_gender_seed27,FixedAlpha_0.470806,27,
14,15,0.73,0.09499999999999997,0.06,2uzse47i,fixed_alpha0.470806_german_gender_seed27,FixedAlpha_0.470806,27,
15,16,0.735,0.09499999999999997,0.07250000000000001,2uzse47i,fixed_alpha0.470806_german_gender_seed27,FixedAlpha_0.470806,27,
16,17,0.735,0.09499999999999997,0.07250000000000001,2uzse47i,fixed_alpha0.470806_german_gender_seed27,FixedAlpha_0.470806,27,
17,18,0.735,0.09499999999999997,0.07250000000000001,2uzse47i,fixed_alpha0.470806_german_gender_seed27,FixedAlpha_0.470806,27,
18,19,0.735,0.08499999999999996,0.08000000000000002,2uzse47i,fixed_alpha0.470806_german_gender_seed27,FixedAlpha_0.470806,27,
19,20,0.735,0.08499999999999996,0.08000000000000002,2uzse47i,fixed_alpha0.470806_german_gender_seed27,FixedAlpha_0.470806,27,
20,21,0.74,0.08499999999999996,0.05499999999999999,2uzse47i,fixed_alpha0.470806_german_gender_seed27,FixedAlpha_0.470806,27,
21,22,0.735,0.07499999999999996,0.04999999999999999,2uzse47i,fixed_alpha0.470806_german_gender_seed27,FixedAlpha_0.470806,27,
22,23,0.735,0.07499999999999996,0.04999999999999999,2uzse47i,fixed_alpha0.470806_german_gender_seed27,FixedAlpha_0.470806,27,
23,24,0.735,0.07499999999999996,0.04999999999999999,2uzse47i,fixed_alpha0.470806_german_gender_seed27,FixedAlpha_0.470806,27,
24,25,0.735,0.07499999999999996,0.04999999999999999,2uzse47i,fixed_alpha0.470806_german_gender_seed27,FixedAlpha_0.470806,27,
25,26,0.735,0.07499999999999996,0.04999999999999999,2uzse47i,fixed_alpha0.470806_german_gender_seed27,FixedAlpha_0.470806,27,
26,27,0.735,0.07499999999999996,0.04999999999999999,2uzse47i,fixed_alpha0.470806_german_gender_seed27,FixedAlpha_0.470806,27,
27,28,0.735,0.07499999999999996,0.04999999999999999,2uzse47i,fixed_alpha0.470806_german_gender_seed27,FixedAlpha_0.470806,27,
28,29,0.735,0.07499999999999996,0.04999999999999999,2uzse47i,fixed_alpha0.470806_german_gender_seed27,FixedAlpha_0.470806,27,
29,30,0.735,0.07499999999999996,0.04999999999999999,2uzse47i,fixed_alpha0.470806_german_gender_seed27,FixedAlpha_0.470806,27,
0,1,0.575,0.025000000000000022,0.08750000000000002,8emoesgq,fixed_alpha0.470806_german_gender_seed26,FixedAlpha_0.470806,26,
1,2,0.65,0.06999999999999995,0.07249999999999995,8emoesgq,fixed_alpha0.470806_german_gender_seed26,FixedAlpha_0.470806,26,
2,3,0.675,0.04500000000000004,0.12250000000000005,8emoesgq,fixed_alpha0.470806_german_gender_seed26,FixedAlpha_0.470806,26,
3,4,0.685,0.019999999999999907,0.12249999999999994,8emoesgq,fixed_alpha0.470806_german_gender_seed26,FixedAlpha_0.470806,26,
4,5,0.69,0.025000000000000022,0.07500000000000001,8emoesgq,fixed_alpha0.470806_german_gender_seed26,FixedAlpha_0.470806,26,
5,6,0.705,0.0050000000000000044,0.065,8emoesgq,fixed_alpha0.470806_german_gender_seed26,FixedAlpha_0.470806,26,
6,7,0.7,0.0050000000000000044,0.03999999999999998,8emoesgq,fixed_alpha0.470806_german_gender_seed26,FixedAlpha_0.470806,26,
7,8,0.705,0.0050000000000000044,0.02749999999999997,8emoesgq,fixed_alpha0.470806_german_gender_seed26,FixedAlpha_0.470806,26,
8,9,0.7,0.0,0.012500000000000011,8emoesgq,fixed_alpha0.470806_german_gender_seed26,FixedAlpha_0.470806,26,
9,10,0.705,0.014999999999999902,0.019999999999999962,8emoesgq,fixed_alpha0.470806_german_gender_seed26,FixedAlpha_0.470806,26,
10,11,0.705,0.039999999999999925,0.04499999999999993,8emoesgq,fixed_alpha0.470806_german_gender_seed26,FixedAlpha_0.470806,26,
11,12,0.715,0.07000000000000006,0.06000000000000005,8emoesgq,fixed_alpha0.470806_german_gender_seed26,FixedAlpha_0.470806,26,
12,13,0.725,0.050000000000000044,0.0625,8emoesgq,fixed_alpha0.470806_german_gender_seed26,FixedAlpha_0.470806,26,
13,14,0.735,0.07500000000000007,0.07500000000000007,8emoesgq,fixed_alpha0.470806_german_gender_seed26,FixedAlpha_0.470806,26,
14,15,0.73,0.06500000000000006,0.07000000000000006,8emoesgq,fixed_alpha0.470806_german_gender_seed26,FixedAlpha_0.470806,26,
15,16,0.725,0.05500000000000005,0.06500000000000006,8emoesgq,fixed_alpha0.470806_german_gender_seed26,FixedAlpha_0.470806,26,
16,17,0.735,0.04500000000000004,0.02250000000000002,8emoesgq,fixed_alpha0.470806_german_gender_seed26,FixedAlpha_0.470806,26,
17,18,0.735,0.04500000000000004,0.02250000000000002,8emoesgq,fixed_alpha0.470806_german_gender_seed26,FixedAlpha_0.470806,26,
18,19,0.72,0.025000000000000022,0.03749999999999998,8emoesgq,fixed_alpha0.470806_german_gender_seed26,FixedAlpha_0.470806,26,
19,20,0.72,0.039999999999999925,0.03249999999999997,8emoesgq,fixed_alpha0.470806_german_gender_seed26,FixedAlpha_0.470806,26,
20,21,0.725,0.039999999999999925,0.044999999999999984,8emoesgq,fixed_alpha0.470806_german_gender_seed26,FixedAlpha_0.470806,26,
21,22,0.725,0.039999999999999925,0.044999999999999984,8emoesgq,fixed_alpha0.470806_german_gender_seed26,FixedAlpha_0.470806,26,
22,23,0.725,0.06499999999999995,0.07,8emoesgq,fixed_alpha0.470806_german_gender_seed26,FixedAlpha_0.470806,26,
23,24,0.73,0.06499999999999995,0.08249999999999999,8emoesgq,fixed_alpha0.470806_german_gender_seed26,FixedAlpha_0.470806,26,
24,25,0.725,0.05499999999999994,0.07749999999999999,8emoesgq,fixed_alpha0.470806_german_gender_seed26,FixedAlpha_0.470806,26,
25,26,0.725,0.05499999999999994,0.07749999999999999,8emoesgq,fixed_alpha0.470806_german_gender_seed26,FixedAlpha_0.470806,26,
26,27,0.725,0.05499999999999994,0.07749999999999999,8emoesgq,fixed_alpha0.470806_german_gender_seed26,FixedAlpha_0.470806,26,
27,28,0.72,0.07999999999999996,0.09,8emoesgq,fixed_alpha0.470806_german_gender_seed26,FixedAlpha_0.470806,26,
28,29,0.72,0.07999999999999996,0.09,8emoesgq,fixed_alpha0.470806_german_gender_seed26,FixedAlpha_0.470806,26,
29,30,0.72,0.07999999999999996,0.09,8emoesgq,fixed_alpha0.470806_german_gender_seed26,FixedAlpha_0.470806,26,
0,1,0.6,0.030000000000000027,0.065,vhjd9dxb,fixed_alpha0.470806_german_gender_seed28,FixedAlpha_0.470806,28,
1,2,0.695,0.015000000000000013,0.019999999999999962,vhjd9dxb,fixed_alpha0.470806_german_gender_seed28,FixedAlpha_0.470806,28,
2,3,0.695,0.020000000000000018,0.03500000000000003,vhjd9dxb,fixed_alpha0.470806_german_gender_seed28,FixedAlpha_0.470806,28,
3,4,0.695,0.010000000000000009,0.0050000000000000044,vhjd9dxb,fixed_alpha0.470806_german_gender_seed28,FixedAlpha_0.470806,28,
4,5,0.695,0.010000000000000009,0.0050000000000000044,vhjd9dxb,fixed_alpha0.470806_german_gender_seed28,FixedAlpha_0.470806,28,
5,6,0.705,0.020000000000000018,0.04749999999999999,vhjd9dxb,fixed_alpha0.470806_german_gender_seed28,FixedAlpha_0.470806,28,
6,7,0.69,0.0,0.0625,vhjd9dxb,fixed_alpha0.470806_german_gender_seed28,FixedAlpha_0.470806,28,
7,8,0.695,0.0,0.07500000000000001,vhjd9dxb,fixed_alpha0.470806_german_gender_seed28,FixedAlpha_0.470806,28,
8,9,0.705,0.02499999999999991,0.12499999999999994,vhjd9dxb,fixed_alpha0.470806_german_gender_seed28,FixedAlpha_0.470806,28,
9,10,0.72,0.014999999999999902,0.13249999999999995,vhjd9dxb,fixed_alpha0.470806_german_gender_seed28,FixedAlpha_0.470806,28,
10,11,0.725,0.039999999999999925,0.16999999999999993,vhjd9dxb,fixed_alpha0.470806_german_gender_seed28,FixedAlpha_0.470806,28,
11,12,0.735,0.039999999999999925,0.19499999999999995,vhjd9dxb,fixed_alpha0.470806_german_gender_seed28,FixedAlpha_0.470806,28,
12,13,0.745,0.05500000000000005,0.1775,vhjd9dxb,fixed_alpha0.470806_german_gender_seed28,FixedAlpha_0.470806,28,
13,14,0.755,0.04500000000000004,0.09749999999999998,vhjd9dxb,fixed_alpha0.470806_german_gender_seed28,FixedAlpha_0.470806,28,
14,15,0.75,0.06000000000000005,0.1175,vhjd9dxb,fixed_alpha0.470806_german_gender_seed28,FixedAlpha_0.470806,28,
15,16,0.735,0.06500000000000006,0.12,vhjd9dxb,fixed_alpha0.470806_german_gender_seed28,FixedAlpha_0.470806,28,
16,17,0.75,0.07500000000000007,0.11250000000000004,vhjd9dxb,fixed_alpha0.470806_german_gender_seed28,FixedAlpha_0.470806,28,
17,18,0.745,0.08999999999999997,0.1325,vhjd9dxb,fixed_alpha0.470806_german_gender_seed28,FixedAlpha_0.470806,28,
18,19,0.75,0.08999999999999997,0.145,vhjd9dxb,fixed_alpha0.470806_german_gender_seed28,FixedAlpha_0.470806,28,
19,20,0.745,0.08999999999999997,0.1325,vhjd9dxb,fixed_alpha0.470806_german_gender_seed28,FixedAlpha_0.470806,28,
20,21,0.745,0.07999999999999996,0.10249999999999998,vhjd9dxb,fixed_alpha0.470806_german_gender_seed28,FixedAlpha_0.470806,28,
21,22,0.735,0.09499999999999997,0.10999999999999999,vhjd9dxb,fixed_alpha0.470806_german_gender_seed28,FixedAlpha_0.470806,28,
22,23,0.725,0.07499999999999996,0.09999999999999998,vhjd9dxb,fixed_alpha0.470806_german_gender_seed28,FixedAlpha_0.470806,28,
23,24,0.71,0.07999999999999996,0.10249999999999998,vhjd9dxb,fixed_alpha0.470806_german_gender_seed28,FixedAlpha_0.470806,28,
24,25,0.715,0.05499999999999994,0.08999999999999997,vhjd9dxb,fixed_alpha0.470806_german_gender_seed28,FixedAlpha_0.470806,28,
25,26,0.72,0.05499999999999994,0.065,vhjd9dxb,fixed_alpha0.470806_german_gender_seed28,FixedAlpha_0.470806,28,
26,27,0.725,0.029999999999999916,0.05249999999999999,vhjd9dxb,fixed_alpha0.470806_german_gender_seed28,FixedAlpha_0.470806,28,
27,28,0.72,0.05499999999999994,0.065,vhjd9dxb,fixed_alpha0.470806_german_gender_seed28,FixedAlpha_0.470806,28,
28,29,0.72,0.04499999999999993,0.034999999999999976,vhjd9dxb,fixed_alpha0.470806_german_gender_seed28,FixedAlpha_0.470806,28,
29,30,0.715,0.025000000000000022,0.037500000000000006,vhjd9dxb,fixed_alpha0.470806_german_gender_seed28,FixedAlpha_0.470806,28,
0,1,0.425,0.040000000000000036,0.04500000000000001,28syrd9q,fixed_alpha0.7_german_gender_seed2,FixedAlpha_0.7,2,
1,2,0.51,0.09499999999999997,0.09749999999999998,28syrd9q,fixed_alpha0.7_german_gender_seed2,FixedAlpha_0.7,2,
2,3,0.615,0.13,0.1775,28syrd9q,fixed_alpha0.7_german_gender_seed2,FixedAlpha_0.7,2,
3,4,0.67,0.06000000000000005,0.14250000000000002,28syrd9q,fixed_alpha0.7_german_gender_seed2,FixedAlpha_0.7,2,
4,5,0.705,0.05999999999999994,0.14249999999999996,28syrd9q,fixed_alpha0.7_german_gender_seed2,FixedAlpha_0.7,2,
5,6,0.71,0.04499999999999993,0.12249999999999994,28syrd9q,fixed_alpha0.7_german_gender_seed2,FixedAlpha_0.7,2,
6,7,0.705,0.04499999999999993,0.10999999999999999,28syrd9q,fixed_alpha0.7_german_gender_seed2,FixedAlpha_0.7,2,
7,8,0.695,0.02499999999999991,0.09999999999999998,28syrd9q,fixed_alpha0.7_german_gender_seed2,FixedAlpha_0.7,2,
8,9,0.71,0.014999999999999902,0.06999999999999995,28syrd9q,fixed_alpha0.7_german_gender_seed2,FixedAlpha_0.7,2,
9,10,0.71,0.05500000000000005,0.09000000000000002,28syrd9q,fixed_alpha0.7_german_gender_seed2,FixedAlpha_0.7,2,
10,11,0.72,0.06000000000000005,0.08000000000000002,28syrd9q,fixed_alpha0.7_german_gender_seed2,FixedAlpha_0.7,2,
11,12,0.725,0.050000000000000044,0.025000000000000022,28syrd9q,fixed_alpha0.7_german_gender_seed2,FixedAlpha_0.7,2,
12,13,0.73,0.07500000000000007,0.050000000000000044,28syrd9q,fixed_alpha0.7_german_gender_seed2,FixedAlpha_0.7,2,
13,14,0.715,0.10499999999999998,0.05249999999999999,28syrd9q,fixed_alpha0.7_german_gender_seed2,FixedAlpha_0.7,2,
14,15,0.71,0.13,0.065,28syrd9q,fixed_alpha0.7_german_gender_seed2,FixedAlpha_0.7,2,
15,16,0.71,0.13,0.065,28syrd9q,fixed_alpha0.7_german_gender_seed2,FixedAlpha_0.7,2,
16,17,0.715,0.13,0.07750000000000001,28syrd9q,fixed_alpha0.7_german_gender_seed2,FixedAlpha_0.7,2,
17,18,0.725,0.10499999999999998,0.07749999999999996,28syrd9q,fixed_alpha0.7_german_gender_seed2,FixedAlpha_0.7,2,
18,19,0.725,0.10499999999999998,0.07749999999999996,28syrd9q,fixed_alpha0.7_german_gender_seed2,FixedAlpha_0.7,2,
19,20,0.74,0.10499999999999998,0.07750000000000001,28syrd9q,fixed_alpha0.7_german_gender_seed2,FixedAlpha_0.7,2,
20,21,0.735,0.09499999999999997,0.07250000000000001,28syrd9q,fixed_alpha0.7_german_gender_seed2,FixedAlpha_0.7,2,
21,22,0.735,0.09499999999999997,0.07250000000000001,28syrd9q,fixed_alpha0.7_german_gender_seed2,FixedAlpha_0.7,2,
22,23,0.735,0.09499999999999997,0.07250000000000001,28syrd9q,fixed_alpha0.7_german_gender_seed2,FixedAlpha_0.7,2,
23,24,0.73,0.12,0.08500000000000002,28syrd9q,fixed_alpha0.7_german_gender_seed2,FixedAlpha_0.7,2,
24,25,0.73,0.12,0.08500000000000002,28syrd9q,fixed_alpha0.7_german_gender_seed2,FixedAlpha_0.7,2,
25,26,0.735,0.09499999999999997,0.07250000000000001,28syrd9q,fixed_alpha0.7_german_gender_seed2,FixedAlpha_0.7,2,
26,27,0.735,0.09499999999999997,0.07250000000000001,28syrd9q,fixed_alpha0.7_german_gender_seed2,FixedAlpha_0.7,2,
27,28,0.73,0.08499999999999996,0.0675,28syrd9q,fixed_alpha0.7_german_gender_seed2,FixedAlpha_0.7,2,
28,29,0.73,0.08499999999999996,0.0675,28syrd9q,fixed_alpha0.7_german_gender_seed2,FixedAlpha_0.7,2,
29,30,0.725,0.08499999999999996,0.05499999999999999,28syrd9q,fixed_alpha0.7_german_gender_seed2,FixedAlpha_0.7,2,
0,1,0.7,0.019999999999999907,0.1225,fn7eghrz,fixed_alpha0.7_german_gender_seed1,FixedAlpha_0.7,1,
1,2,0.705,0.010000000000000009,0.08000000000000002,fn7eghrz,fixed_alpha0.7_german_gender_seed1,FixedAlpha_0.7,1,
2,3,0.705,0.014999999999999902,0.10749999999999998,fn7eghrz,fixed_alpha0.7_german_gender_seed1,FixedAlpha_0.7,1,
3,4,0.715,0.014999999999999902,0.08249999999999996,fn7eghrz,fixed_alpha0.7_german_gender_seed1,FixedAlpha_0.7,1,
4,5,0.715,0.015000000000000013,0.08250000000000002,fn7eghrz,fixed_alpha0.7_german_gender_seed1,FixedAlpha_0.7,1,
5,6,0.72,0.010000000000000009,0.05499999999999999,fn7eghrz,fixed_alpha0.7_german_gender_seed1,FixedAlpha_0.7,1,
6,7,0.72,0.0,0.03749999999999998,fn7eghrz,fixed_alpha0.7_german_gender_seed1,FixedAlpha_0.7,1,
7,8,0.73,0.0,0.04999999999999999,fn7eghrz,fixed_alpha0.7_german_gender_seed1,FixedAlpha_0.7,1,
8,9,0.725,0.040000000000000036,0.08250000000000002,fn7eghrz,fixed_alpha0.7_german_gender_seed1,FixedAlpha_0.7,1,
9,10,0.725,0.030000000000000027,0.065,fn7eghrz,fixed_alpha0.7_german_gender_seed1,FixedAlpha_0.7,1,
10,11,0.73,0.030000000000000027,0.05249999999999999,fn7eghrz,fixed_alpha0.7_german_gender_seed1,FixedAlpha_0.7,1,
11,12,0.735,0.030000000000000027,0.03999999999999998,fn7eghrz,fixed_alpha0.7_german_gender_seed1,FixedAlpha_0.7,1,
12,13,0.72,0.06999999999999995,0.05999999999999994,fn7eghrz,fixed_alpha0.7_german_gender_seed1,FixedAlpha_0.7,1,
13,14,0.73,0.06999999999999995,0.07249999999999995,fn7eghrz,fixed_alpha0.7_german_gender_seed1,FixedAlpha_0.7,1,
14,15,0.74,0.06999999999999995,0.04749999999999999,fn7eghrz,fixed_alpha0.7_german_gender_seed1,FixedAlpha_0.7,1,
15,16,0.74,0.06999999999999995,0.04749999999999999,fn7eghrz,fixed_alpha0.7_german_gender_seed1,FixedAlpha_0.7,1,
16,17,0.735,0.12,0.06,fn7eghrz,fixed_alpha0.7_german_gender_seed1,FixedAlpha_0.7,1,
17,18,0.73,0.10999999999999999,0.05499999999999999,fn7eghrz,fixed_alpha0.7_german_gender_seed1,FixedAlpha_0.7,1,
18,19,0.72,0.16000000000000003,0.08000000000000002,fn7eghrz,fixed_alpha0.7_german_gender_seed1,FixedAlpha_0.7,1,
19,20,0.715,0.15000000000000002,0.07500000000000001,fn7eghrz,fixed_alpha0.7_german_gender_seed1,FixedAlpha_0.7,1,
20,21,0.715,0.15000000000000002,0.07500000000000001,fn7eghrz,fixed_alpha0.7_german_gender_seed1,FixedAlpha_0.7,1,
21,22,0.72,0.15000000000000002,0.08750000000000002,fn7eghrz,fixed_alpha0.7_german_gender_seed1,FixedAlpha_0.7,1,
22,23,0.72,0.15000000000000002,0.08750000000000002,fn7eghrz,fixed_alpha0.7_german_gender_seed1,FixedAlpha_0.7,1,
23,24,0.72,0.15000000000000002,0.08750000000000002,fn7eghrz,fixed_alpha0.7_german_gender_seed1,FixedAlpha_0.7,1,
24,25,0.725,0.15000000000000002,0.1,fn7eghrz,fixed_alpha0.7_german_gender_seed1,FixedAlpha_0.7,1,
25,26,0.73,0.15000000000000002,0.07500000000000001,fn7eghrz,fixed_alpha0.7_german_gender_seed1,FixedAlpha_0.7,1,
26,27,0.73,0.15000000000000002,0.07500000000000001,fn7eghrz,fixed_alpha0.7_german_gender_seed1,FixedAlpha_0.7,1,
27,28,0.73,0.15000000000000002,0.07500000000000001,fn7eghrz,fixed_alpha0.7_german_gender_seed1,FixedAlpha_0.7,1,
28,29,0.725,0.17499999999999993,0.08749999999999997,fn7eghrz,fixed_alpha0.7_german_gender_seed1,FixedAlpha_0.7,1,
29,30,0.715,0.15499999999999992,0.07749999999999996,fn7eghrz,fixed_alpha0.7_german_gender_seed1,FixedAlpha_0.7,1,
0,1,0.56,0.18499999999999994,0.17999999999999994,p30f5we3,fixed_alpha0.7_german_gender_seed3,FixedAlpha_0.7,3,
1,2,0.63,0.18000000000000005,0.11499999999999999,p30f5we3,fixed_alpha0.7_german_gender_seed3,FixedAlpha_0.7,3,
2,3,0.67,0.135,0.09249999999999997,p30f5we3,fixed_alpha0.7_german_gender_seed3,FixedAlpha_0.7,3,
3,4,0.705,0.06499999999999995,0.05749999999999994,p30f5we3,fixed_alpha0.7_german_gender_seed3,FixedAlpha_0.7,3,
4,5,0.7,0.040000000000000036,0.020000000000000018,p30f5we3,fixed_alpha0.7_german_gender_seed3,FixedAlpha_0.7,3,
5,6,0.7,0.040000000000000036,0.020000000000000018,p30f5we3,fixed_alpha0.7_german_gender_seed3,FixedAlpha_0.7,3,
6,7,0.705,0.040000000000000036,0.03249999999999997,p30f5we3,fixed_alpha0.7_german_gender_seed3,FixedAlpha_0.7,3,
7,8,0.7,0.08999999999999997,0.057499999999999996,p30f5we3,fixed_alpha0.7_german_gender_seed3,FixedAlpha_0.7,3,
8,9,0.72,0.08999999999999997,0.08249999999999996,p30f5we3,fixed_alpha0.7_german_gender_seed3,FixedAlpha_0.7,3,
9,10,0.71,0.13,0.08999999999999997,p30f5we3,fixed_alpha0.7_german_gender_seed3,FixedAlpha_0.7,3,
10,11,0.7,0.125,0.0625,p30f5we3,fixed_alpha0.7_german_gender_seed3,FixedAlpha_0.7,3,
11,12,0.7,0.1399999999999999,0.09499999999999997,p30f5we3,fixed_alpha0.7_german_gender_seed3,FixedAlpha_0.7,3,
12,13,0.695,0.135,0.13,p30f5we3,fixed_alpha0.7_german_gender_seed3,FixedAlpha_0.7,3,
13,14,0.695,0.135,0.13,p30f5we3,fixed_alpha0.7_german_gender_seed3,FixedAlpha_0.7,3,
14,15,0.715,0.10999999999999999,0.1175,p30f5we3,fixed_alpha0.7_german_gender_seed3,FixedAlpha_0.7,3,
15,16,0.725,0.10999999999999999,0.10499999999999998,p30f5we3,fixed_alpha0.7_german_gender_seed3,FixedAlpha_0.7,3,
16,17,0.73,0.08500000000000008,0.09250000000000003,p30f5we3,fixed_alpha0.7_german_gender_seed3,FixedAlpha_0.7,3,
17,18,0.725,0.07500000000000007,0.08750000000000002,p30f5we3,fixed_alpha0.7_german_gender_seed3,FixedAlpha_0.7,3,
18,19,0.725,0.05500000000000005,0.027500000000000024,p30f5we3,fixed_alpha0.7_german_gender_seed3,FixedAlpha_0.7,3,
19,20,0.725,0.09499999999999997,0.08499999999999996,p30f5we3,fixed_alpha0.7_german_gender_seed3,FixedAlpha_0.7,3,
20,21,0.715,0.10999999999999999,0.09249999999999997,p30f5we3,fixed_alpha0.7_german_gender_seed3,FixedAlpha_0.7,3,
21,22,0.705,0.125,0.09999999999999998,p30f5we3,fixed_alpha0.7_german_gender_seed3,FixedAlpha_0.7,3,
22,23,0.7,0.13,0.09000000000000002,p30f5we3,fixed_alpha0.7_german_gender_seed3,FixedAlpha_0.7,3,
23,24,0.71,0.11499999999999999,0.08250000000000002,p30f5we3,fixed_alpha0.7_german_gender_seed3,FixedAlpha_0.7,3,
24,25,0.71,0.11499999999999999,0.08250000000000002,p30f5we3,fixed_alpha0.7_german_gender_seed3,FixedAlpha_0.7,3,
25,26,0.71,0.11499999999999999,0.08250000000000002,p30f5we3,fixed_alpha0.7_german_gender_seed3,FixedAlpha_0.7,3,
26,27,0.705,0.10499999999999998,0.07750000000000001,p30f5we3,fixed_alpha0.7_german_gender_seed3,FixedAlpha_0.7,3,
27,28,0.705,0.10499999999999998,0.07750000000000001,p30f5we3,fixed_alpha0.7_german_gender_seed3,FixedAlpha_0.7,3,
28,29,0.71,0.07999999999999996,0.065,p30f5we3,fixed_alpha0.7_german_gender_seed3,FixedAlpha_0.7,3,
29,30,0.71,0.07999999999999996,0.065,p30f5we3,fixed_alpha0.7_german_gender_seed3,FixedAlpha_0.7,3,
0,1,0.5,0.040000000000000036,0.020000000000000018,te3vadm8,fixed_alpha0.7_german_gender_seed5,FixedAlpha_0.7,5,
1,2,0.615,0.030000000000000027,0.027500000000000024,te3vadm8,fixed_alpha0.7_german_gender_seed5,FixedAlpha_0.7,5,
2,3,0.66,0.06000000000000005,0.04250000000000004,te3vadm8,fixed_alpha0.7_german_gender_seed5,FixedAlpha_0.7,5,
3,4,0.68,0.04999999999999993,0.04999999999999993,te3vadm8,fixed_alpha0.7_german_gender_seed5,FixedAlpha_0.7,5,
4,5,0.675,0.06999999999999995,0.06,te3vadm8,fixed_alpha0.7_german_gender_seed5,FixedAlpha_0.7,5,
5,6,0.675,0.04499999999999993,0.034999999999999976,te3vadm8,fixed_alpha0.7_german_gender_seed5,FixedAlpha_0.7,5,
6,7,0.68,0.04499999999999993,0.04749999999999999,te3vadm8,fixed_alpha0.7_german_gender_seed5,FixedAlpha_0.7,5,
7,8,0.68,0.03499999999999992,0.05499999999999994,te3vadm8,fixed_alpha0.7_german_gender_seed5,FixedAlpha_0.7,5,
8,9,0.69,0.05999999999999994,0.06749999999999995,te3vadm8,fixed_alpha0.7_german_gender_seed5,FixedAlpha_0.7,5,
9,10,0.685,0.039999999999999925,0.06999999999999995,te3vadm8,fixed_alpha0.7_german_gender_seed5,FixedAlpha_0.7,5,
10,11,0.685,0.07000000000000006,0.09750000000000003,te3vadm8,fixed_alpha0.7_german_gender_seed5,FixedAlpha_0.7,5,
11,12,0.685,0.06000000000000005,0.10500000000000004,te3vadm8,fixed_alpha0.7_german_gender_seed5,FixedAlpha_0.7,5,
12,13,0.7,0.050000000000000044,0.07500000000000007,te3vadm8,fixed_alpha0.7_german_gender_seed5,FixedAlpha_0.7,5,
13,14,0.71,0.050000000000000044,0.0625,te3vadm8,fixed_alpha0.7_german_gender_seed5,FixedAlpha_0.7,5,
14,15,0.705,0.09999999999999998,0.062499999999999944,te3vadm8,fixed_alpha0.7_german_gender_seed5,FixedAlpha_0.7,5,
15,16,0.7,0.125,0.07499999999999996,te3vadm8,fixed_alpha0.7_german_gender_seed5,FixedAlpha_0.7,5,
16,17,0.7,0.125,0.07499999999999996,te3vadm8,fixed_alpha0.7_german_gender_seed5,FixedAlpha_0.7,5,
17,18,0.705,0.15000000000000002,0.07500000000000001,te3vadm8,fixed_alpha0.7_german_gender_seed5,FixedAlpha_0.7,5,
18,19,0.715,0.125,0.07500000000000001,te3vadm8,fixed_alpha0.7_german_gender_seed5,FixedAlpha_0.7,5,
19,20,0.71,0.15000000000000002,0.08750000000000002,te3vadm8,fixed_alpha0.7_german_gender_seed5,FixedAlpha_0.7,5,
20,21,0.71,0.15000000000000002,0.08750000000000002,te3vadm8,fixed_alpha0.7_german_gender_seed5,FixedAlpha_0.7,5,
21,22,0.72,0.15000000000000002,0.11250000000000004,te3vadm8,fixed_alpha0.7_german_gender_seed5,FixedAlpha_0.7,5,
22,23,0.715,0.14,0.10750000000000004,te3vadm8,fixed_alpha0.7_german_gender_seed5,FixedAlpha_0.7,5,
23,24,0.715,0.13,0.11499999999999999,te3vadm8,fixed_alpha0.7_german_gender_seed5,FixedAlpha_0.7,5,
24,25,0.725,0.13,0.10249999999999998,te3vadm8,fixed_alpha0.7_german_gender_seed5,FixedAlpha_0.7,5,
25,26,0.725,0.13,0.10249999999999998,te3vadm8,fixed_alpha0.7_german_gender_seed5,FixedAlpha_0.7,5,
26,27,0.725,0.13,0.10249999999999998,te3vadm8,fixed_alpha0.7_german_gender_seed5,FixedAlpha_0.7,5,
27,28,0.73,0.10499999999999998,0.08999999999999997,te3vadm8,fixed_alpha0.7_german_gender_seed5,FixedAlpha_0.7,5,
28,29,0.725,0.09499999999999997,0.08499999999999996,te3vadm8,fixed_alpha0.7_german_gender_seed5,FixedAlpha_0.7,5,
29,30,0.73,0.09499999999999997,0.09749999999999998,te3vadm8,fixed_alpha0.7_german_gender_seed5,FixedAlpha_0.7,5,
0,1,0.49,0.030000000000000027,0.07750000000000001,pjpqb3pr,fixed_alpha0.470806_german_gender_seed29,FixedAlpha_0.470806,29,
1,2,0.58,0.07499999999999996,0.04999999999999999,pjpqb3pr,fixed_alpha0.470806_german_gender_seed29,FixedAlpha_0.470806,29,
2,3,0.675,0.08500000000000008,0.14250000000000007,pjpqb3pr,fixed_alpha0.470806_german_gender_seed29,FixedAlpha_0.470806,29,
3,4,0.705,0.07499999999999996,0.14999999999999997,pjpqb3pr,fixed_alpha0.470806_german_gender_seed29,FixedAlpha_0.470806,29,
4,5,0.73,0.015000000000000013,0.10749999999999998,pjpqb3pr,fixed_alpha0.470806_german_gender_seed29,FixedAlpha_0.470806,29,
5,6,0.74,0.0050000000000000044,0.11499999999999999,pjpqb3pr,fixed_alpha0.470806_german_gender_seed29,FixedAlpha_0.470806,29,
6,7,0.74,0.0050000000000000044,0.11499999999999999,pjpqb3pr,fixed_alpha0.470806_german_gender_seed29,FixedAlpha_0.470806,29,
7,8,0.75,0.020000000000000018,0.04750000000000004,pjpqb3pr,fixed_alpha0.470806_german_gender_seed29,FixedAlpha_0.470806,29,
8,9,0.735,0.039999999999999925,0.044999999999999984,pjpqb3pr,fixed_alpha0.470806_german_gender_seed29,FixedAlpha_0.470806,29,
9,10,0.745,0.03500000000000003,0.04250000000000004,pjpqb3pr,fixed_alpha0.470806_german_gender_seed29,FixedAlpha_0.470806,29,
10,11,0.75,0.050000000000000044,0.03749999999999998,pjpqb3pr,fixed_alpha0.470806_german_gender_seed29,FixedAlpha_0.470806,29,
11,12,0.74,0.05500000000000005,0.027500000000000024,pjpqb3pr,fixed_alpha0.470806_german_gender_seed29,FixedAlpha_0.470806,29,
12,13,0.73,0.06999999999999995,0.034999999999999976,pjpqb3pr,fixed_alpha0.470806_german_gender_seed29,FixedAlpha_0.470806,29,
13,14,0.725,0.09499999999999997,0.04749999999999999,pjpqb3pr,fixed_alpha0.470806_german_gender_seed29,FixedAlpha_0.470806,29,
14,15,0.73,0.09499999999999997,0.06,pjpqb3pr,fixed_alpha0.470806_german_gender_seed29,FixedAlpha_0.470806,29,
15,16,0.72,0.12,0.09749999999999998,pjpqb3pr,fixed_alpha0.470806_german_gender_seed29,FixedAlpha_0.470806,29,
16,17,0.72,0.12,0.09749999999999998,pjpqb3pr,fixed_alpha0.470806_german_gender_seed29,FixedAlpha_0.470806,29,
17,18,0.73,0.10499999999999998,0.08999999999999997,pjpqb3pr,fixed_alpha0.470806_german_gender_seed29,FixedAlpha_0.470806,29,
18,19,0.73,0.10499999999999998,0.08999999999999997,pjpqb3pr,fixed_alpha0.470806_german_gender_seed29,FixedAlpha_0.470806,29,
19,20,0.725,0.12,0.10999999999999999,pjpqb3pr,fixed_alpha0.470806_german_gender_seed29,FixedAlpha_0.470806,29,
20,21,0.725,0.12,0.10999999999999999,pjpqb3pr,fixed_alpha0.470806_german_gender_seed29,FixedAlpha_0.470806,29,
21,22,0.715,0.09999999999999998,0.09999999999999998,pjpqb3pr,fixed_alpha0.470806_german_gender_seed29,FixedAlpha_0.470806,29,
22,23,0.71,0.125,0.11249999999999999,pjpqb3pr,fixed_alpha0.470806_german_gender_seed29,FixedAlpha_0.470806,29,
23,24,0.705,0.11499999999999999,0.10749999999999998,pjpqb3pr,fixed_alpha0.470806_german_gender_seed29,FixedAlpha_0.470806,29,
24,25,0.705,0.11499999999999999,0.10749999999999998,pjpqb3pr,fixed_alpha0.470806_german_gender_seed29,FixedAlpha_0.470806,29,
25,26,0.71,0.125,0.11249999999999999,pjpqb3pr,fixed_alpha0.470806_german_gender_seed29,FixedAlpha_0.470806,29,
26,27,0.71,0.125,0.11249999999999999,pjpqb3pr,fixed_alpha0.470806_german_gender_seed29,FixedAlpha_0.470806,29,
27,28,0.71,0.135,0.10499999999999998,pjpqb3pr,fixed_alpha0.470806_german_gender_seed29,FixedAlpha_0.470806,29,
28,29,0.71,0.135,0.10499999999999998,pjpqb3pr,fixed_alpha0.470806_german_gender_seed29,FixedAlpha_0.470806,29,
29,30,0.71,0.135,0.10499999999999998,pjpqb3pr,fixed_alpha0.470806_german_gender_seed29,FixedAlpha_0.470806,29,
0,1,0.685,0.020000000000000018,0.08500000000000002,shp4vzoc,fixed_alpha0.7_german_gender_seed0,FixedAlpha_0.7,0,
1,2,0.69,0.025000000000000022,0.03749999999999998,shp4vzoc,fixed_alpha0.7_german_gender_seed0,FixedAlpha_0.7,0,
2,3,0.7,0.015000000000000013,0.020000000000000018,shp4vzoc,fixed_alpha0.7_german_gender_seed0,FixedAlpha_0.7,0,
3,4,0.7,0.0050000000000000044,0.0025000000000000022,shp4vzoc,fixed_alpha0.7_german_gender_seed0,FixedAlpha_0.7,0,
4,5,0.7,0.015000000000000013,0.03249999999999997,shp4vzoc,fixed_alpha0.7_german_gender_seed0,FixedAlpha_0.7,0,
5,6,0.7,0.0,0.012500000000000011,shp4vzoc,fixed_alpha0.7_german_gender_seed0,FixedAlpha_0.7,0,
6,7,0.7,0.014999999999999902,0.007499999999999951,shp4vzoc,fixed_alpha0.7_german_gender_seed0,FixedAlpha_0.7,0,
7,8,0.715,0.039999999999999925,0.03249999999999997,shp4vzoc,fixed_alpha0.7_german_gender_seed0,FixedAlpha_0.7,0,
8,9,0.73,0.04500000000000004,0.034999999999999976,shp4vzoc,fixed_alpha0.7_german_gender_seed0,FixedAlpha_0.7,0,
9,10,0.72,0.06000000000000005,0.04249999999999998,shp4vzoc,fixed_alpha0.7_german_gender_seed0,FixedAlpha_0.7,0,
10,11,0.725,0.050000000000000044,0.0625,shp4vzoc,fixed_alpha0.7_german_gender_seed0,FixedAlpha_0.7,0,
11,12,0.725,0.07500000000000007,0.08750000000000002,shp4vzoc,fixed_alpha0.7_german_gender_seed0,FixedAlpha_0.7,0,
12,13,0.73,0.07500000000000007,0.06250000000000006,shp4vzoc,fixed_alpha0.7_german_gender_seed0,FixedAlpha_0.7,0,
13,14,0.735,0.07500000000000007,0.03750000000000003,shp4vzoc,fixed_alpha0.7_german_gender_seed0,FixedAlpha_0.7,0,
14,15,0.735,0.07500000000000007,0.03750000000000003,shp4vzoc,fixed_alpha0.7_german_gender_seed0,FixedAlpha_0.7,0,
15,16,0.73,0.06500000000000006,0.03250000000000003,shp4vzoc,fixed_alpha0.7_german_gender_seed0,FixedAlpha_0.7,0,
16,17,0.74,0.08999999999999997,0.044999999999999984,shp4vzoc,fixed_alpha0.7_german_gender_seed0,FixedAlpha_0.7,0,
17,18,0.74,0.07999999999999996,0.065,shp4vzoc,fixed_alpha0.7_german_gender_seed0,FixedAlpha_0.7,0,
18,19,0.735,0.05999999999999994,0.04249999999999998,shp4vzoc,fixed_alpha0.7_german_gender_seed0,FixedAlpha_0.7,0,
19,20,0.73,0.04999999999999993,0.03749999999999998,shp4vzoc,fixed_alpha0.7_german_gender_seed0,FixedAlpha_0.7,0,
20,21,0.735,0.05999999999999994,0.04249999999999998,shp4vzoc,fixed_alpha0.7_german_gender_seed0,FixedAlpha_0.7,0,
21,22,0.74,0.05999999999999994,0.02999999999999997,shp4vzoc,fixed_alpha0.7_german_gender_seed0,FixedAlpha_0.7,0,
22,23,0.74,0.05999999999999994,0.02999999999999997,shp4vzoc,fixed_alpha0.7_german_gender_seed0,FixedAlpha_0.7,0,
23,24,0.74,0.05999999999999994,0.02999999999999997,shp4vzoc,fixed_alpha0.7_german_gender_seed0,FixedAlpha_0.7,0,
24,25,0.74,0.05999999999999994,0.02999999999999997,shp4vzoc,fixed_alpha0.7_german_gender_seed0,FixedAlpha_0.7,0,
25,26,0.745,0.09499999999999997,0.06,shp4vzoc,fixed_alpha0.7_german_gender_seed0,FixedAlpha_0.7,0,
26,27,0.75,0.06999999999999995,0.04749999999999999,shp4vzoc,fixed_alpha0.7_german_gender_seed0,FixedAlpha_0.7,0,
27,28,0.745,0.06999999999999995,0.07250000000000001,shp4vzoc,fixed_alpha0.7_german_gender_seed0,FixedAlpha_0.7,0,
28,29,0.745,0.06999999999999995,0.07250000000000001,shp4vzoc,fixed_alpha0.7_german_gender_seed0,FixedAlpha_0.7,0,
29,30,0.75,0.06999999999999995,0.04749999999999999,shp4vzoc,fixed_alpha0.7_german_gender_seed0,FixedAlpha_0.7,0,
0,1,0.65,0.030000000000000027,0.10250000000000004,vu8ftzvj,fixed_alpha0.7_german_gender_seed4,FixedAlpha_0.7,4,
1,2,0.675,0.030000000000000027,0.08999999999999997,vu8ftzvj,fixed_alpha0.7_german_gender_seed4,FixedAlpha_0.7,4,
2,3,0.69,0.04999999999999993,0.12499999999999994,vu8ftzvj,fixed_alpha0.7_german_gender_seed4,FixedAlpha_0.7,4,
3,4,0.695,0.05999999999999994,0.12999999999999995,vu8ftzvj,fixed_alpha0.7_german_gender_seed4,FixedAlpha_0.7,4,
4,5,0.7,0.039999999999999925,0.04499999999999993,vu8ftzvj,fixed_alpha0.7_german_gender_seed4,FixedAlpha_0.7,4,
5,6,0.69,0.03500000000000003,0.05499999999999999,vu8ftzvj,fixed_alpha0.7_german_gender_seed4,FixedAlpha_0.7,4,
6,7,0.685,0.050000000000000044,0.050000000000000044,vu8ftzvj,fixed_alpha0.7_german_gender_seed4,FixedAlpha_0.7,4,
7,8,0.69,0.025000000000000022,0.025000000000000022,vu8ftzvj,fixed_alpha0.7_german_gender_seed4,FixedAlpha_0.7,4,
8,9,0.685,0.040000000000000036,0.04500000000000004,vu8ftzvj,fixed_alpha0.7_german_gender_seed4,FixedAlpha_0.7,4,
9,10,0.675,0.04500000000000004,0.06000000000000005,vu8ftzvj,fixed_alpha0.7_german_gender_seed4,FixedAlpha_0.7,4,
10,11,0.685,0.04500000000000004,0.08500000000000002,vu8ftzvj,fixed_alpha0.7_german_gender_seed4,FixedAlpha_0.7,4,
11,12,0.68,0.05999999999999994,0.10499999999999998,vu8ftzvj,fixed_alpha0.7_german_gender_seed4,FixedAlpha_0.7,4,
12,13,0.69,0.08499999999999996,0.07999999999999996,vu8ftzvj,fixed_alpha0.7_german_gender_seed4,FixedAlpha_0.7,4,
13,14,0.7,0.09499999999999997,0.06,vu8ftzvj,fixed_alpha0.7_german_gender_seed4,FixedAlpha_0.7,4,
14,15,0.715,0.07999999999999996,0.065,vu8ftzvj,fixed_alpha0.7_german_gender_seed4,FixedAlpha_0.7,4,
15,16,0.72,0.06999999999999995,0.04749999999999999,vu8ftzvj,fixed_alpha0.7_german_gender_seed4,FixedAlpha_0.7,4,
16,17,0.715,0.05999999999999994,0.04249999999999998,vu8ftzvj,fixed_alpha0.7_german_gender_seed4,FixedAlpha_0.7,4,
17,18,0.715,0.05999999999999994,0.04249999999999998,vu8ftzvj,fixed_alpha0.7_german_gender_seed4,FixedAlpha_0.7,4,
18,19,0.715,0.05999999999999994,0.04249999999999998,vu8ftzvj,fixed_alpha0.7_german_gender_seed4,FixedAlpha_0.7,4,
19,20,0.705,0.07499999999999996,0.04999999999999999,vu8ftzvj,fixed_alpha0.7_german_gender_seed4,FixedAlpha_0.7,4,
20,21,0.705,0.07499999999999996,0.04999999999999999,vu8ftzvj,fixed_alpha0.7_german_gender_seed4,FixedAlpha_0.7,4,
21,22,0.715,0.025000000000000022,0.025000000000000022,vu8ftzvj,fixed_alpha0.7_german_gender_seed4,FixedAlpha_0.7,4,
22,23,0.72,0.04999999999999993,0.062499999999999944,vu8ftzvj,fixed_alpha0.7_german_gender_seed4,FixedAlpha_0.7,4,
23,24,0.705,0.05499999999999994,0.06499999999999995,vu8ftzvj,fixed_alpha0.7_german_gender_seed4,FixedAlpha_0.7,4,
24,25,0.705,0.05499999999999994,0.06499999999999995,vu8ftzvj,fixed_alpha0.7_german_gender_seed4,FixedAlpha_0.7,4,
25,26,0.705,0.05499999999999994,0.06499999999999995,vu8ftzvj,fixed_alpha0.7_german_gender_seed4,FixedAlpha_0.7,4,
26,27,0.705,0.05499999999999994,0.06499999999999995,vu8ftzvj,fixed_alpha0.7_german_gender_seed4,FixedAlpha_0.7,4,
27,28,0.71,0.06499999999999995,0.06999999999999995,vu8ftzvj,fixed_alpha0.7_german_gender_seed4,FixedAlpha_0.7,4,
28,29,0.71,0.06499999999999995,0.06999999999999995,vu8ftzvj,fixed_alpha0.7_german_gender_seed4,FixedAlpha_0.7,4,
29,30,0.71,0.06499999999999995,0.06999999999999995,vu8ftzvj,fixed_alpha0.7_german_gender_seed4,FixedAlpha_0.7,4,
0,1,0.57,0.020000000000000018,0.03500000000000003,onfmyjly,fixed_alpha0.7_german_gender_seed6,FixedAlpha_0.7,6,
1,2,0.665,0.05499999999999994,0.08999999999999997,onfmyjly,fixed_alpha0.7_german_gender_seed6,FixedAlpha_0.7,6,
2,3,0.675,0.05500000000000005,0.11499999999999999,onfmyjly,fixed_alpha0.7_german_gender_seed6,FixedAlpha_0.7,6,
3,4,0.695,0.030000000000000027,0.03999999999999998,onfmyjly,fixed_alpha0.7_german_gender_seed6,FixedAlpha_0.7,6,
4,5,0.71,0.04999999999999993,0.07499999999999996,onfmyjly,fixed_alpha0.7_german_gender_seed6,FixedAlpha_0.7,6,
5,6,0.71,0.04999999999999993,0.07499999999999996,onfmyjly,fixed_alpha0.7_german_gender_seed6,FixedAlpha_0.7,6,
6,7,0.715,0.07499999999999996,0.0625,onfmyjly,fixed_alpha0.7_german_gender_seed6,FixedAlpha_0.7,6,
7,8,0.715,0.050000000000000044,0.08750000000000002,onfmyjly,fixed_alpha0.7_german_gender_seed6,FixedAlpha_0.7,6,
8,9,0.71,0.08999999999999997,0.08250000000000002,onfmyjly,fixed_alpha0.7_german_gender_seed6,FixedAlpha_0.7,6,
9,10,0.705,0.14500000000000002,0.135,onfmyjly,fixed_alpha0.7_german_gender_seed6,FixedAlpha_0.7,6,
10,11,0.71,0.16000000000000003,0.10500000000000004,onfmyjly,fixed_alpha0.7_german_gender_seed6,FixedAlpha_0.7,6,
11,12,0.72,0.16000000000000003,0.11750000000000002,onfmyjly,fixed_alpha0.7_german_gender_seed6,FixedAlpha_0.7,6,
12,13,0.725,0.16000000000000003,0.14250000000000002,onfmyjly,fixed_alpha0.7_german_gender_seed6,FixedAlpha_0.7,6,
13,14,0.73,0.16000000000000003,0.16750000000000004,onfmyjly,fixed_alpha0.7_german_gender_seed6,FixedAlpha_0.7,6,
14,15,0.725,0.16000000000000003,0.14250000000000002,onfmyjly,fixed_alpha0.7_german_gender_seed6,FixedAlpha_0.7,6,
15,16,0.73,0.14500000000000002,0.11000000000000001,onfmyjly,fixed_alpha0.7_german_gender_seed6,FixedAlpha_0.7,6,
16,17,0.72,0.14500000000000002,0.08500000000000002,onfmyjly,fixed_alpha0.7_german_gender_seed6,FixedAlpha_0.7,6,
17,18,0.715,0.14500000000000002,0.07250000000000001,onfmyjly,fixed_alpha0.7_german_gender_seed6,FixedAlpha_0.7,6,
18,19,0.72,0.14500000000000002,0.09750000000000003,onfmyjly,fixed_alpha0.7_german_gender_seed6,FixedAlpha_0.7,6,
19,20,0.715,0.135,0.09250000000000003,onfmyjly,fixed_alpha0.7_german_gender_seed6,FixedAlpha_0.7,6,
20,21,0.72,0.135,0.08000000000000002,onfmyjly,fixed_alpha0.7_german_gender_seed6,FixedAlpha_0.7,6,
21,22,0.725,0.135,0.10500000000000001,onfmyjly,fixed_alpha0.7_german_gender_seed6,FixedAlpha_0.7,6,
22,23,0.72,0.125,0.1,onfmyjly,fixed_alpha0.7_german_gender_seed6,FixedAlpha_0.7,6,
23,24,0.72,0.125,0.1,onfmyjly,fixed_alpha0.7_german_gender_seed6,FixedAlpha_0.7,6,
24,25,0.72,0.125,0.1,onfmyjly,fixed_alpha0.7_german_gender_seed6,FixedAlpha_0.7,6,
25,26,0.72,0.125,0.1,onfmyjly,fixed_alpha0.7_german_gender_seed6,FixedAlpha_0.7,6,
26,27,0.72,0.125,0.1,onfmyjly,fixed_alpha0.7_german_gender_seed6,FixedAlpha_0.7,6,
27,28,0.72,0.125,0.1,onfmyjly,fixed_alpha0.7_german_gender_seed6,FixedAlpha_0.7,6,
28,29,0.72,0.125,0.1,onfmyjly,fixed_alpha0.7_german_gender_seed6,FixedAlpha_0.7,6,
29,30,0.715,0.11499999999999999,0.095,onfmyjly,fixed_alpha0.7_german_gender_seed6,FixedAlpha_0.7,6,
0,1,0.68,0.050000000000000044,0.15000000000000002,t7m9s2sg,fixed_alpha0.7_german_gender_seed7,FixedAlpha_0.7,7,
1,2,0.7,0.03500000000000003,0.14250000000000002,t7m9s2sg,fixed_alpha0.7_german_gender_seed7,FixedAlpha_0.7,7,
2,3,0.72,0.030000000000000027,0.10250000000000004,t7m9s2sg,fixed_alpha0.7_german_gender_seed7,FixedAlpha_0.7,7,
3,4,0.72,0.015000000000000013,0.04500000000000004,t7m9s2sg,fixed_alpha0.7_german_gender_seed7,FixedAlpha_0.7,7,
4,5,0.71,0.015000000000000013,0.03249999999999997,t7m9s2sg,fixed_alpha0.7_german_gender_seed7,FixedAlpha_0.7,7,
5,6,0.72,0.015000000000000013,0.08249999999999996,t7m9s2sg,fixed_alpha0.7_german_gender_seed7,FixedAlpha_0.7,7,
6,7,0.715,0.030000000000000027,0.07750000000000001,t7m9s2sg,fixed_alpha0.7_german_gender_seed7,FixedAlpha_0.7,7,
7,8,0.725,0.04499999999999993,0.03499999999999992,t7m9s2sg,fixed_alpha0.7_german_gender_seed7,FixedAlpha_0.7,7,
8,9,0.73,0.039999999999999925,0.044999999999999984,t7m9s2sg,fixed_alpha0.7_german_gender_seed7,FixedAlpha_0.7,7,
9,10,0.73,0.030000000000000027,0.027500000000000024,t7m9s2sg,fixed_alpha0.7_german_gender_seed7,FixedAlpha_0.7,7,
10,11,0.73,0.0,0.012500000000000011,t7m9s2sg,fixed_alpha0.7_german_gender_seed7,FixedAlpha_0.7,7,
11,12,0.73,0.050000000000000044,0.03750000000000003,t7m9s2sg,fixed_alpha0.7_german_gender_seed7,FixedAlpha_0.7,7,
12,13,0.74,0.06500000000000006,0.09500000000000003,t7m9s2sg,fixed_alpha0.7_german_gender_seed7,FixedAlpha_0.7,7,
13,14,0.72,0.03500000000000003,0.0675,t7m9s2sg,fixed_alpha0.7_german_gender_seed7,FixedAlpha_0.7,7,
14,15,0.715,0.04999999999999993,0.08749999999999997,t7m9s2sg,fixed_alpha0.7_german_gender_seed7,FixedAlpha_0.7,7,
15,16,0.71,0.05999999999999994,0.0675,t7m9s2sg,fixed_alpha0.7_german_gender_seed7,FixedAlpha_0.7,7,
16,17,0.71,0.05999999999999994,0.10499999999999993,t7m9s2sg,fixed_alpha0.7_german_gender_seed7,FixedAlpha_0.7,7,
17,18,0.715,0.05999999999999994,0.11749999999999994,t7m9s2sg,fixed_alpha0.7_german_gender_seed7,FixedAlpha_0.7,7,
18,19,0.715,0.04999999999999993,0.12499999999999994,t7m9s2sg,fixed_alpha0.7_german_gender_seed7,FixedAlpha_0.7,7,
19,20,0.72,0.07499999999999996,0.08749999999999997,t7m9s2sg,fixed_alpha0.7_german_gender_seed7,FixedAlpha_0.7,7,
20,21,0.715,0.09999999999999998,0.09999999999999998,t7m9s2sg,fixed_alpha0.7_german_gender_seed7,FixedAlpha_0.7,7,
21,22,0.715,0.09999999999999998,0.09999999999999998,t7m9s2sg,fixed_alpha0.7_german_gender_seed7,FixedAlpha_0.7,7,
22,23,0.715,0.125,0.125,t7m9s2sg,fixed_alpha0.7_german_gender_seed7,FixedAlpha_0.7,7,
23,24,0.715,0.125,0.125,t7m9s2sg,fixed_alpha0.7_german_gender_seed7,FixedAlpha_0.7,7,
24,25,0.72,0.125,0.10000000000000003,t7m9s2sg,fixed_alpha0.7_german_gender_seed7,FixedAlpha_0.7,7,
25,26,0.71,0.125,0.11249999999999999,t7m9s2sg,fixed_alpha0.7_german_gender_seed7,FixedAlpha_0.7,7,
26,27,0.715,0.125,0.125,t7m9s2sg,fixed_alpha0.7_german_gender_seed7,FixedAlpha_0.7,7,
27,28,0.715,0.125,0.125,t7m9s2sg,fixed_alpha0.7_german_gender_seed7,FixedAlpha_0.7,7,
28,29,0.72,0.125,0.13749999999999998,t7m9s2sg,fixed_alpha0.7_german_gender_seed7,FixedAlpha_0.7,7,
29,30,0.72,0.125,0.13749999999999998,t7m9s2sg,fixed_alpha0.7_german_gender_seed7,FixedAlpha_0.7,7,
0,1,0.66,0.07499999999999996,0.03749999999999998,639iichh,fixed_alpha0.7_german_gender_seed9,FixedAlpha_0.7,9,
1,2,0.68,0.03500000000000003,0.05499999999999999,639iichh,fixed_alpha0.7_german_gender_seed9,FixedAlpha_0.7,9,
2,3,0.68,0.03500000000000003,0.05499999999999999,639iichh,fixed_alpha0.7_german_gender_seed9,FixedAlpha_0.7,9,
3,4,0.685,0.025000000000000022,0.04999999999999999,639iichh,fixed_alpha0.7_german_gender_seed9,FixedAlpha_0.7,9,
4,5,0.68,0.04499999999999993,0.04749999999999993,639iichh,fixed_alpha0.7_german_gender_seed9,FixedAlpha_0.7,9,
5,6,0.71,0.04499999999999993,0.07249999999999995,639iichh,fixed_alpha0.7_german_gender_seed9,FixedAlpha_0.7,9,
6,7,0.705,0.06499999999999995,0.05749999999999994,639iichh,fixed_alpha0.7_german_gender_seed9,FixedAlpha_0.7,9,
7,8,0.705,0.039999999999999925,0.019999999999999962,639iichh,fixed_alpha0.7_german_gender_seed9,FixedAlpha_0.7,9,
8,9,0.71,0.04999999999999993,0.07500000000000001,639iichh,fixed_alpha0.7_german_gender_seed9,FixedAlpha_0.7,9,
9,10,0.71,0.0,0.025000000000000022,639iichh,fixed_alpha0.7_german_gender_seed9,FixedAlpha_0.7,9,
10,11,0.715,0.0,0.04999999999999999,639iichh,fixed_alpha0.7_german_gender_seed9,FixedAlpha_0.7,9,
11,12,0.725,0.010000000000000009,0.04249999999999998,639iichh,fixed_alpha0.7_german_gender_seed9,FixedAlpha_0.7,9,
12,13,0.705,0.030000000000000027,0.03999999999999998,639iichh,fixed_alpha0.7_german_gender_seed9,FixedAlpha_0.7,9,
13,14,0.725,0.040000000000000036,0.04500000000000004,639iichh,fixed_alpha0.7_german_gender_seed9,FixedAlpha_0.7,9,
14,15,0.72,0.030000000000000027,0.040000000000000036,639iichh,fixed_alpha0.7_german_gender_seed9,FixedAlpha_0.7,9,
15,16,0.72,0.020000000000000018,0.06,639iichh,fixed_alpha0.7_german_gender_seed9,FixedAlpha_0.7,9,
16,17,0.715,0.04500000000000004,0.07250000000000001,639iichh,fixed_alpha0.7_german_gender_seed9,FixedAlpha_0.7,9,
17,18,0.725,0.04500000000000004,0.04749999999999999,639iichh,fixed_alpha0.7_german_gender_seed9,FixedAlpha_0.7,9,
18,19,0.725,0.04500000000000004,0.04749999999999999,639iichh,fixed_alpha0.7_german_gender_seed9,FixedAlpha_0.7,9,
19,20,0.73,0.05500000000000005,0.05249999999999999,639iichh,fixed_alpha0.7_german_gender_seed9,FixedAlpha_0.7,9,
20,21,0.715,0.06999999999999995,0.034999999999999976,639iichh,fixed_alpha0.7_german_gender_seed9,FixedAlpha_0.7,9,
21,22,0.715,0.05999999999999994,0.04249999999999998,639iichh,fixed_alpha0.7_german_gender_seed9,FixedAlpha_0.7,9,
22,23,0.715,0.04999999999999993,0.04999999999999993,639iichh,fixed_alpha0.7_german_gender_seed9,FixedAlpha_0.7,9,
23,24,0.715,0.04999999999999993,0.04999999999999993,639iichh,fixed_alpha0.7_german_gender_seed9,FixedAlpha_0.7,9,
24,25,0.72,0.04999999999999993,0.062499999999999944,639iichh,fixed_alpha0.7_german_gender_seed9,FixedAlpha_0.7,9,
25,26,0.72,0.04999999999999993,0.062499999999999944,639iichh,fixed_alpha0.7_german_gender_seed9,FixedAlpha_0.7,9,
26,27,0.72,0.04999999999999993,0.062499999999999944,639iichh,fixed_alpha0.7_german_gender_seed9,FixedAlpha_0.7,9,
27,28,0.715,0.039999999999999925,0.05749999999999994,639iichh,fixed_alpha0.7_german_gender_seed9,FixedAlpha_0.7,9,
28,29,0.71,0.029999999999999916,0.052499999999999936,639iichh,fixed_alpha0.7_german_gender_seed9,FixedAlpha_0.7,9,
29,30,0.71,0.029999999999999916,0.052499999999999936,639iichh,fixed_alpha0.7_german_gender_seed9,FixedAlpha_0.7,9,
0,1,0.665,0.04500000000000004,0.07250000000000001,w4poz7qv,fixed_alpha0.7_german_gender_seed10,FixedAlpha_0.7,10,
1,2,0.695,0.03499999999999992,0.01749999999999996,w4poz7qv,fixed_alpha0.7_german_gender_seed10,FixedAlpha_0.7,10,
2,3,0.695,0.03499999999999992,0.01749999999999996,w4poz7qv,fixed_alpha0.7_german_gender_seed10,FixedAlpha_0.7,10,
3,4,0.705,0.010000000000000009,0.017500000000000016,w4poz7qv,fixed_alpha0.7_german_gender_seed10,FixedAlpha_0.7,10,
4,5,0.73,0.010000000000000009,0.0050000000000000044,w4poz7qv,fixed_alpha0.7_german_gender_seed10,FixedAlpha_0.7,10,
5,6,0.725,0.014999999999999902,0.03249999999999997,w4poz7qv,fixed_alpha0.7_german_gender_seed10,FixedAlpha_0.7,10,
6,7,0.72,0.029999999999999916,0.03999999999999998,w4poz7qv,fixed_alpha0.7_german_gender_seed10,FixedAlpha_0.7,10,
7,8,0.71,0.015000000000000013,0.03250000000000003,w4poz7qv,fixed_alpha0.7_german_gender_seed10,FixedAlpha_0.7,10,
8,9,0.71,0.0,0.012500000000000011,w4poz7qv,fixed_alpha0.7_german_gender_seed10,FixedAlpha_0.7,10,
9,10,0.705,0.010000000000000009,0.017500000000000016,w4poz7qv,fixed_alpha0.7_german_gender_seed10,FixedAlpha_0.7,10,
10,11,0.725,0.010000000000000009,0.02999999999999997,w4poz7qv,fixed_alpha0.7_german_gender_seed10,FixedAlpha_0.7,10,
11,12,0.72,0.030000000000000027,0.015000000000000013,w4poz7qv,fixed_alpha0.7_german_gender_seed10,FixedAlpha_0.7,10,
12,13,0.725,0.015000000000000013,0.007500000000000007,w4poz7qv,fixed_alpha0.7_german_gender_seed10,FixedAlpha_0.7,10,
13,14,0.72,0.025000000000000022,0.012500000000000011,w4poz7qv,fixed_alpha0.7_german_gender_seed10,FixedAlpha_0.7,10,
14,15,0.71,0.020000000000000018,0.02250000000000002,w4poz7qv,fixed_alpha0.7_german_gender_seed10,FixedAlpha_0.7,10,
15,16,0.71,0.0050000000000000044,0.03999999999999998,w4poz7qv,fixed_alpha0.7_german_gender_seed10,FixedAlpha_0.7,10,
16,17,0.71,0.0050000000000000044,0.03999999999999998,w4poz7qv,fixed_alpha0.7_german_gender_seed10,FixedAlpha_0.7,10,
17,18,0.71,0.0050000000000000044,0.03999999999999998,w4poz7qv,fixed_alpha0.7_german_gender_seed10,FixedAlpha_0.7,10,
18,19,0.7,0.02499999999999991,0.04999999999999993,w4poz7qv,fixed_alpha0.7_german_gender_seed10,FixedAlpha_0.7,10,
19,20,0.7,0.03499999999999992,0.06749999999999995,w4poz7qv,fixed_alpha0.7_german_gender_seed10,FixedAlpha_0.7,10,
20,21,0.705,0.02499999999999991,0.062499999999999944,w4poz7qv,fixed_alpha0.7_german_gender_seed10,FixedAlpha_0.7,10,
21,22,0.715,0.02499999999999991,0.04999999999999999,w4poz7qv,fixed_alpha0.7_german_gender_seed10,FixedAlpha_0.7,10,
22,23,0.715,0.02499999999999991,0.04999999999999999,w4poz7qv,fixed_alpha0.7_german_gender_seed10,FixedAlpha_0.7,10,
23,24,0.72,0.014999999999999902,0.044999999999999984,w4poz7qv,fixed_alpha0.7_german_gender_seed10,FixedAlpha_0.7,10,
24,25,0.72,0.0050000000000000044,0.027500000000000024,w4poz7qv,fixed_alpha0.7_german_gender_seed10,FixedAlpha_0.7,10,
25,26,0.72,0.0050000000000000044,0.027500000000000024,w4poz7qv,fixed_alpha0.7_german_gender_seed10,FixedAlpha_0.7,10,
26,27,0.725,0.0050000000000000044,0.0025000000000000022,w4poz7qv,fixed_alpha0.7_german_gender_seed10,FixedAlpha_0.7,10,
27,28,0.72,0.014999999999999902,0.007499999999999951,w4poz7qv,fixed_alpha0.7_german_gender_seed10,FixedAlpha_0.7,10,
28,29,0.72,0.014999999999999902,0.007499999999999951,w4poz7qv,fixed_alpha0.7_german_gender_seed10,FixedAlpha_0.7,10,
29,30,0.72,0.014999999999999902,0.007499999999999951,w4poz7qv,fixed_alpha0.7_german_gender_seed10,FixedAlpha_0.7,10,
0,1,0.42,0.010000000000000009,0.017500000000000016,c2sbm07o,fixed_alpha0.7_german_gender_seed11,FixedAlpha_0.7,11,
1,2,0.55,0.010000000000000009,0.0675,c2sbm07o,fixed_alpha0.7_german_gender_seed11,FixedAlpha_0.7,11,
2,3,0.645,0.010000000000000009,0.01749999999999996,c2sbm07o,fixed_alpha0.7_german_gender_seed11,FixedAlpha_0.7,11,
3,4,0.69,0.020000000000000018,0.010000000000000009,c2sbm07o,fixed_alpha0.7_german_gender_seed11,FixedAlpha_0.7,11,
4,5,0.69,0.0050000000000000044,0.015000000000000013,c2sbm07o,fixed_alpha0.7_german_gender_seed11,FixedAlpha_0.7,11,
5,6,0.69,0.0050000000000000044,0.015000000000000013,c2sbm07o,fixed_alpha0.7_german_gender_seed11,FixedAlpha_0.7,11,
6,7,0.695,0.0050000000000000044,0.0025000000000000022,c2sbm07o,fixed_alpha0.7_german_gender_seed11,FixedAlpha_0.7,11,
7,8,0.7,0.0050000000000000044,0.014999999999999958,c2sbm07o,fixed_alpha0.7_german_gender_seed11,FixedAlpha_0.7,11,
8,9,0.72,0.0050000000000000044,0.015000000000000013,c2sbm07o,fixed_alpha0.7_german_gender_seed11,FixedAlpha_0.7,11,
9,10,0.695,0.039999999999999925,0.019999999999999962,c2sbm07o,fixed_alpha0.7_german_gender_seed11,FixedAlpha_0.7,11,
10,11,0.705,0.030000000000000027,0.05249999999999999,c2sbm07o,fixed_alpha0.7_german_gender_seed11,FixedAlpha_0.7,11,
11,12,0.705,0.04500000000000004,0.07250000000000006,c2sbm07o,fixed_alpha0.7_german_gender_seed11,FixedAlpha_0.7,11,
12,13,0.7,0.08500000000000008,0.10500000000000004,c2sbm07o,fixed_alpha0.7_german_gender_seed11,FixedAlpha_0.7,11,
13,14,0.72,0.08500000000000008,0.05500000000000005,c2sbm07o,fixed_alpha0.7_german_gender_seed11,FixedAlpha_0.7,11,
14,15,0.725,0.06000000000000005,0.04250000000000004,c2sbm07o,fixed_alpha0.7_german_gender_seed11,FixedAlpha_0.7,11,
15,16,0.74,0.06000000000000005,0.04250000000000004,c2sbm07o,fixed_alpha0.7_german_gender_seed11,FixedAlpha_0.7,11,
16,17,0.74,0.06000000000000005,0.04250000000000004,c2sbm07o,fixed_alpha0.7_german_gender_seed11,FixedAlpha_0.7,11,
17,18,0.745,0.06000000000000005,0.06750000000000006,c2sbm07o,fixed_alpha0.7_german_gender_seed11,FixedAlpha_0.7,11,
18,19,0.745,0.06000000000000005,0.06750000000000006,c2sbm07o,fixed_alpha0.7_german_gender_seed11,FixedAlpha_0.7,11,
19,20,0.745,0.050000000000000044,0.03750000000000003,c2sbm07o,fixed_alpha0.7_german_gender_seed11,FixedAlpha_0.7,11,
20,21,0.735,0.030000000000000027,0.027500000000000024,c2sbm07o,fixed_alpha0.7_german_gender_seed11,FixedAlpha_0.7,11,
21,22,0.73,0.020000000000000018,0.02250000000000002,c2sbm07o,fixed_alpha0.7_german_gender_seed11,FixedAlpha_0.7,11,
22,23,0.74,0.020000000000000018,0.010000000000000009,c2sbm07o,fixed_alpha0.7_german_gender_seed11,FixedAlpha_0.7,11,
23,24,0.75,0.020000000000000018,0.03500000000000003,c2sbm07o,fixed_alpha0.7_german_gender_seed11,FixedAlpha_0.7,11,
24,25,0.745,0.04500000000000004,0.04750000000000004,c2sbm07o,fixed_alpha0.7_german_gender_seed11,FixedAlpha_0.7,11,
25,26,0.745,0.04500000000000004,0.04750000000000004,c2sbm07o,fixed_alpha0.7_german_gender_seed11,FixedAlpha_0.7,11,
26,27,0.755,0.04500000000000004,0.07250000000000004,c2sbm07o,fixed_alpha0.7_german_gender_seed11,FixedAlpha_0.7,11,
27,28,0.75,0.06999999999999995,0.08499999999999999,c2sbm07o,fixed_alpha0.7_german_gender_seed11,FixedAlpha_0.7,11,
28,29,0.75,0.06999999999999995,0.08499999999999999,c2sbm07o,fixed_alpha0.7_german_gender_seed11,FixedAlpha_0.7,11,
29,30,0.75,0.06999999999999995,0.08499999999999999,c2sbm07o,fixed_alpha0.7_german_gender_seed11,FixedAlpha_0.7,11,
0,1,0.625,0.020000000000000018,0.034999999999999976,zdwgz3cb,fixed_alpha0.7_german_gender_seed8,FixedAlpha_0.7,8,
1,2,0.655,0.08999999999999997,0.044999999999999984,zdwgz3cb,fixed_alpha0.7_german_gender_seed8,FixedAlpha_0.7,8,
2,3,0.695,0.03499999999999992,0.01749999999999996,zdwgz3cb,fixed_alpha0.7_german_gender_seed8,FixedAlpha_0.7,8,
3,4,0.685,0.08499999999999996,0.04249999999999998,zdwgz3cb,fixed_alpha0.7_german_gender_seed8,FixedAlpha_0.7,8,
4,5,0.695,0.08499999999999996,0.05499999999999999,zdwgz3cb,fixed_alpha0.7_german_gender_seed8,FixedAlpha_0.7,8,
5,6,0.695,0.10999999999999999,0.05499999999999999,zdwgz3cb,fixed_alpha0.7_german_gender_seed8,FixedAlpha_0.7,8,
6,7,0.7,0.125,0.0625,zdwgz3cb,fixed_alpha0.7_german_gender_seed8,FixedAlpha_0.7,8,
7,8,0.71,0.1499999999999999,0.11249999999999999,zdwgz3cb,fixed_alpha0.7_german_gender_seed8,FixedAlpha_0.7,8,
8,9,0.71,0.1499999999999999,0.11249999999999999,zdwgz3cb,fixed_alpha0.7_german_gender_seed8,FixedAlpha_0.7,8,
9,10,0.72,0.13,0.11499999999999999,zdwgz3cb,fixed_alpha0.7_german_gender_seed8,FixedAlpha_0.7,8,
10,11,0.72,0.14500000000000002,0.10999999999999999,zdwgz3cb,fixed_alpha0.7_german_gender_seed8,FixedAlpha_0.7,8,
11,12,0.715,0.17000000000000004,0.1225,zdwgz3cb,fixed_alpha0.7_german_gender_seed8,FixedAlpha_0.7,8,
12,13,0.705,0.18500000000000005,0.13,zdwgz3cb,fixed_alpha0.7_german_gender_seed8,FixedAlpha_0.7,8,
13,14,0.695,0.16500000000000004,0.12,zdwgz3cb,fixed_alpha0.7_german_gender_seed8,FixedAlpha_0.7,8,
14,15,0.7,0.16500000000000004,0.1325,zdwgz3cb,fixed_alpha0.7_german_gender_seed8,FixedAlpha_0.7,8,
15,16,0.705,0.16500000000000004,0.14500000000000002,zdwgz3cb,fixed_alpha0.7_german_gender_seed8,FixedAlpha_0.7,8,
16,17,0.705,0.16500000000000004,0.14500000000000002,zdwgz3cb,fixed_alpha0.7_german_gender_seed8,FixedAlpha_0.7,8,
17,18,0.71,0.16500000000000004,0.15749999999999997,zdwgz3cb,fixed_alpha0.7_german_gender_seed8,FixedAlpha_0.7,8,
18,19,0.7,0.18000000000000005,0.16499999999999998,zdwgz3cb,fixed_alpha0.7_german_gender_seed8,FixedAlpha_0.7,8,
19,20,0.71,0.18000000000000005,0.11499999999999999,zdwgz3cb,fixed_alpha0.7_german_gender_seed8,FixedAlpha_0.7,8,
20,21,0.71,0.18000000000000005,0.11499999999999999,zdwgz3cb,fixed_alpha0.7_german_gender_seed8,FixedAlpha_0.7,8,
21,22,0.71,0.18000000000000005,0.11499999999999999,zdwgz3cb,fixed_alpha0.7_german_gender_seed8,FixedAlpha_0.7,8,
22,23,0.705,0.17000000000000004,0.10999999999999999,zdwgz3cb,fixed_alpha0.7_german_gender_seed8,FixedAlpha_0.7,8,
23,24,0.71,0.18000000000000005,0.11499999999999999,zdwgz3cb,fixed_alpha0.7_german_gender_seed8,FixedAlpha_0.7,8,
24,25,0.71,0.17000000000000004,0.1225,zdwgz3cb,fixed_alpha0.7_german_gender_seed8,FixedAlpha_0.7,8,
25,26,0.71,0.17000000000000004,0.1225,zdwgz3cb,fixed_alpha0.7_german_gender_seed8,FixedAlpha_0.7,8,
26,27,0.71,0.17000000000000004,0.1225,zdwgz3cb,fixed_alpha0.7_german_gender_seed8,FixedAlpha_0.7,8,
27,28,0.715,0.17000000000000004,0.09750000000000003,zdwgz3cb,fixed_alpha0.7_german_gender_seed8,FixedAlpha_0.7,8,
28,29,0.715,0.17000000000000004,0.09750000000000003,zdwgz3cb,fixed_alpha0.7_german_gender_seed8,FixedAlpha_0.7,8,
29,30,0.715,0.17000000000000004,0.09750000000000003,zdwgz3cb,fixed_alpha0.7_german_gender_seed8,FixedAlpha_0.7,8,
0,1,0.555,0.16000000000000003,0.10499999999999998,mvvnb7gf,fixed_alpha0.7_german_gender_seed13,FixedAlpha_0.7,13,
1,2,0.635,0.03500000000000003,0.05500000000000005,mvvnb7gf,fixed_alpha0.7_german_gender_seed13,FixedAlpha_0.7,13,
2,3,0.695,0.010000000000000009,0.04249999999999998,mvvnb7gf,fixed_alpha0.7_german_gender_seed13,FixedAlpha_0.7,13,
3,4,0.715,0.025000000000000022,0.050000000000000044,mvvnb7gf,fixed_alpha0.7_german_gender_seed13,FixedAlpha_0.7,13,
4,5,0.725,0.040000000000000036,0.05750000000000005,mvvnb7gf,fixed_alpha0.7_german_gender_seed13,FixedAlpha_0.7,13,
5,6,0.725,0.0050000000000000044,0.040000000000000036,mvvnb7gf,fixed_alpha0.7_german_gender_seed13,FixedAlpha_0.7,13,
6,7,0.715,0.020000000000000018,0.03500000000000003,mvvnb7gf,fixed_alpha0.7_german_gender_seed13,FixedAlpha_0.7,13,
7,8,0.735,0.0,0.012500000000000011,mvvnb7gf,fixed_alpha0.7_german_gender_seed13,FixedAlpha_0.7,13,
8,9,0.745,0.039999999999999925,0.08249999999999996,mvvnb7gf,fixed_alpha0.7_german_gender_seed13,FixedAlpha_0.7,13,
9,10,0.725,0.06000000000000005,0.08000000000000002,mvvnb7gf,fixed_alpha0.7_german_gender_seed13,FixedAlpha_0.7,13,
10,11,0.74,0.050000000000000044,0.0625,mvvnb7gf,fixed_alpha0.7_german_gender_seed13,FixedAlpha_0.7,13,
11,12,0.745,0.050000000000000044,0.08750000000000002,mvvnb7gf,fixed_alpha0.7_german_gender_seed13,FixedAlpha_0.7,13,
12,13,0.74,0.07500000000000007,0.10000000000000003,mvvnb7gf,fixed_alpha0.7_german_gender_seed13,FixedAlpha_0.7,13,
13,14,0.735,0.06500000000000006,0.09500000000000003,mvvnb7gf,fixed_alpha0.7_german_gender_seed13,FixedAlpha_0.7,13,
14,15,0.74,0.06500000000000006,0.08250000000000002,mvvnb7gf,fixed_alpha0.7_german_gender_seed13,FixedAlpha_0.7,13,
15,16,0.735,0.05500000000000005,0.07750000000000001,mvvnb7gf,fixed_alpha0.7_german_gender_seed13,FixedAlpha_0.7,13,
16,17,0.75,0.05500000000000005,0.040000000000000036,mvvnb7gf,fixed_alpha0.7_german_gender_seed13,FixedAlpha_0.7,13,
17,18,0.75,0.05500000000000005,0.040000000000000036,mvvnb7gf,fixed_alpha0.7_german_gender_seed13,FixedAlpha_0.7,13,
18,19,0.755,0.05500000000000005,0.027500000000000024,mvvnb7gf,fixed_alpha0.7_german_gender_seed13,FixedAlpha_0.7,13,
19,20,0.755,0.05500000000000005,0.027500000000000024,mvvnb7gf,fixed_alpha0.7_german_gender_seed13,FixedAlpha_0.7,13,
20,21,0.76,0.030000000000000027,0.015000000000000013,mvvnb7gf,fixed_alpha0.7_german_gender_seed13,FixedAlpha_0.7,13,
21,22,0.76,0.05500000000000005,0.05250000000000002,mvvnb7gf,fixed_alpha0.7_german_gender_seed13,FixedAlpha_0.7,13,
22,23,0.76,0.05500000000000005,0.05250000000000002,mvvnb7gf,fixed_alpha0.7_german_gender_seed13,FixedAlpha_0.7,13,
23,24,0.755,0.04500000000000004,0.047500000000000014,mvvnb7gf,fixed_alpha0.7_german_gender_seed13,FixedAlpha_0.7,13,
24,25,0.755,0.04500000000000004,0.047500000000000014,mvvnb7gf,fixed_alpha0.7_german_gender_seed13,FixedAlpha_0.7,13,
25,26,0.755,0.04500000000000004,0.047500000000000014,mvvnb7gf,fixed_alpha0.7_german_gender_seed13,FixedAlpha_0.7,13,
26,27,0.76,0.04500000000000004,0.035,mvvnb7gf,fixed_alpha0.7_german_gender_seed13,FixedAlpha_0.7,13,
27,28,0.755,0.04500000000000004,0.03500000000000003,mvvnb7gf,fixed_alpha0.7_german_gender_seed13,FixedAlpha_0.7,13,
28,29,0.75,0.06999999999999995,0.04749999999999999,mvvnb7gf,fixed_alpha0.7_german_gender_seed13,FixedAlpha_0.7,13,
29,30,0.755,0.04500000000000004,0.03500000000000003,mvvnb7gf,fixed_alpha0.7_german_gender_seed13,FixedAlpha_0.7,13,
0,1,0.39,0.06,0.1675,4dv3r60m,fixed_alpha0.7_german_gender_seed12,FixedAlpha_0.7,12,
1,2,0.445,0.135,0.24250000000000002,4dv3r60m,fixed_alpha0.7_german_gender_seed12,FixedAlpha_0.7,12,
2,3,0.545,0.07999999999999996,0.19,4dv3r60m,fixed_alpha0.7_german_gender_seed12,FixedAlpha_0.7,12,
3,4,0.61,0.025000000000000022,0.175,4dv3r60m,fixed_alpha0.7_german_gender_seed12,FixedAlpha_0.7,12,
4,5,0.635,0.0050000000000000044,0.03999999999999998,4dv3r60m,fixed_alpha0.7_german_gender_seed12,FixedAlpha_0.7,12,
5,6,0.67,0.03500000000000003,0.0675,4dv3r60m,fixed_alpha0.7_german_gender_seed12,FixedAlpha_0.7,12,
6,7,0.685,0.014999999999999902,0.044999999999999984,4dv3r60m,fixed_alpha0.7_german_gender_seed12,FixedAlpha_0.7,12,
7,8,0.685,0.010000000000000009,0.05499999999999999,4dv3r60m,fixed_alpha0.7_german_gender_seed12,FixedAlpha_0.7,12,
8,9,0.685,0.0,0.024999999999999967,4dv3r60m,fixed_alpha0.7_german_gender_seed12,FixedAlpha_0.7,12,
9,10,0.705,0.015000000000000013,0.04500000000000004,4dv3r60m,fixed_alpha0.7_german_gender_seed12,FixedAlpha_0.7,12,
10,11,0.71,0.010000000000000009,0.05499999999999999,4dv3r60m,fixed_alpha0.7_german_gender_seed12,FixedAlpha_0.7,12,
11,12,0.715,0.010000000000000009,0.04249999999999998,4dv3r60m,fixed_alpha0.7_german_gender_seed12,FixedAlpha_0.7,12,
12,13,0.715,0.010000000000000009,0.01749999999999996,4dv3r60m,fixed_alpha0.7_german_gender_seed12,FixedAlpha_0.7,12,
13,14,0.73,0.014999999999999902,0.044999999999999984,4dv3r60m,fixed_alpha0.7_german_gender_seed12,FixedAlpha_0.7,12,
14,15,0.735,0.039999999999999925,0.06999999999999995,4dv3r60m,fixed_alpha0.7_german_gender_seed12,FixedAlpha_0.7,12,
15,16,0.725,0.07000000000000006,0.09750000000000003,4dv3r60m,fixed_alpha0.7_german_gender_seed12,FixedAlpha_0.7,12,
16,17,0.7,0.04500000000000004,0.10999999999999999,4dv3r60m,fixed_alpha0.7_german_gender_seed12,FixedAlpha_0.7,12,
17,18,0.71,0.06999999999999995,0.1225,4dv3r60m,fixed_alpha0.7_german_gender_seed12,FixedAlpha_0.7,12,
18,19,0.71,0.09499999999999997,0.1225,4dv3r60m,fixed_alpha0.7_german_gender_seed12,FixedAlpha_0.7,12,
19,20,0.71,0.05999999999999994,0.10499999999999998,4dv3r60m,fixed_alpha0.7_german_gender_seed12,FixedAlpha_0.7,12,
20,21,0.705,0.039999999999999925,0.04499999999999993,4dv3r60m,fixed_alpha0.7_german_gender_seed12,FixedAlpha_0.7,12,
21,22,0.705,0.039999999999999925,0.04499999999999993,4dv3r60m,fixed_alpha0.7_german_gender_seed12,FixedAlpha_0.7,12,
22,23,0.705,0.029999999999999916,0.027499999999999913,4dv3r60m,fixed_alpha0.7_german_gender_seed12,FixedAlpha_0.7,12,
23,24,0.71,0.039999999999999925,0.03249999999999992,4dv3r60m,fixed_alpha0.7_german_gender_seed12,FixedAlpha_0.7,12,
24,25,0.705,0.039999999999999925,0.03249999999999997,4dv3r60m,fixed_alpha0.7_german_gender_seed12,FixedAlpha_0.7,12,
25,26,0.71,0.039999999999999925,0.03249999999999992,4dv3r60m,fixed_alpha0.7_german_gender_seed12,FixedAlpha_0.7,12,
26,27,0.71,0.039999999999999925,0.03249999999999992,4dv3r60m,fixed_alpha0.7_german_gender_seed12,FixedAlpha_0.7,12,
27,28,0.71,0.07499999999999996,0.04999999999999993,4dv3r60m,fixed_alpha0.7_german_gender_seed12,FixedAlpha_0.7,12,
28,29,0.715,0.07499999999999996,0.03749999999999998,4dv3r60m,fixed_alpha0.7_german_gender_seed12,FixedAlpha_0.7,12,
29,30,0.715,0.07499999999999996,0.03749999999999998,4dv3r60m,fixed_alpha0.7_german_gender_seed12,FixedAlpha_0.7,12,
0,1,0.605,0.04999999999999993,0.07499999999999996,22u5zo81,fixed_alpha0.7_german_gender_seed17,FixedAlpha_0.7,17,
1,2,0.655,0.025000000000000022,0.03749999999999998,22u5zo81,fixed_alpha0.7_german_gender_seed17,FixedAlpha_0.7,17,
2,3,0.68,0.039999999999999925,0.03249999999999997,22u5zo81,fixed_alpha0.7_german_gender_seed17,FixedAlpha_0.7,17,
3,4,0.67,0.029999999999999916,0.06499999999999995,22u5zo81,fixed_alpha0.7_german_gender_seed17,FixedAlpha_0.7,17,
4,5,0.68,0.010000000000000009,0.05499999999999999,22u5zo81,fixed_alpha0.7_german_gender_seed17,FixedAlpha_0.7,17,
5,6,0.69,0.02499999999999991,0.012499999999999956,22u5zo81,fixed_alpha0.7_german_gender_seed17,FixedAlpha_0.7,17,
6,7,0.72,0.04999999999999993,0.11249999999999999,22u5zo81,fixed_alpha0.7_german_gender_seed17,FixedAlpha_0.7,17,
7,8,0.715,0.08999999999999997,0.15749999999999997,22u5zo81,fixed_alpha0.7_german_gender_seed17,FixedAlpha_0.7,17,
8,9,0.72,0.08500000000000008,0.10500000000000004,22u5zo81,fixed_alpha0.7_german_gender_seed17,FixedAlpha_0.7,17,
9,10,0.74,0.05500000000000005,0.027500000000000024,22u5zo81,fixed_alpha0.7_german_gender_seed17,FixedAlpha_0.7,17,
10,11,0.73,0.025000000000000022,0.025000000000000022,22u5zo81,fixed_alpha0.7_german_gender_seed17,FixedAlpha_0.7,17,
11,12,0.725,0.015000000000000013,0.020000000000000018,22u5zo81,fixed_alpha0.7_german_gender_seed17,FixedAlpha_0.7,17,
12,13,0.74,0.0,0.025000000000000022,22u5zo81,fixed_alpha0.7_german_gender_seed17,FixedAlpha_0.7,17,
13,14,0.75,0.015000000000000013,0.03250000000000003,22u5zo81,fixed_alpha0.7_german_gender_seed17,FixedAlpha_0.7,17,
14,15,0.745,0.015000000000000013,0.057499999999999996,22u5zo81,fixed_alpha0.7_german_gender_seed17,FixedAlpha_0.7,17,
15,16,0.745,0.0050000000000000044,0.03999999999999998,22u5zo81,fixed_alpha0.7_german_gender_seed17,FixedAlpha_0.7,17,
16,17,0.745,0.0050000000000000044,0.03999999999999998,22u5zo81,fixed_alpha0.7_german_gender_seed17,FixedAlpha_0.7,17,
17,18,0.745,0.0050000000000000044,0.03999999999999998,22u5zo81,fixed_alpha0.7_german_gender_seed17,FixedAlpha_0.7,17,
18,19,0.74,0.0,0.0625,22u5zo81,fixed_alpha0.7_german_gender_seed17,FixedAlpha_0.7,17,
19,20,0.74,0.0,0.0625,22u5zo81,fixed_alpha0.7_german_gender_seed17,FixedAlpha_0.7,17,
20,21,0.74,0.0,0.0625,22u5zo81,fixed_alpha0.7_german_gender_seed17,FixedAlpha_0.7,17,
21,22,0.745,0.0,0.03750000000000003,22u5zo81,fixed_alpha0.7_german_gender_seed17,FixedAlpha_0.7,17,
22,23,0.745,0.0,0.03750000000000003,22u5zo81,fixed_alpha0.7_german_gender_seed17,FixedAlpha_0.7,17,
23,24,0.74,0.010000000000000009,0.04250000000000004,22u5zo81,fixed_alpha0.7_german_gender_seed17,FixedAlpha_0.7,17,
24,25,0.74,0.010000000000000009,0.04250000000000004,22u5zo81,fixed_alpha0.7_german_gender_seed17,FixedAlpha_0.7,17,
25,26,0.745,0.0,0.03750000000000003,22u5zo81,fixed_alpha0.7_german_gender_seed17,FixedAlpha_0.7,17,
26,27,0.745,0.0,0.03750000000000003,22u5zo81,fixed_alpha0.7_german_gender_seed17,FixedAlpha_0.7,17,
27,28,0.74,0.0,0.025000000000000022,22u5zo81,fixed_alpha0.7_german_gender_seed17,FixedAlpha_0.7,17,
28,29,0.74,0.0,0.025000000000000022,22u5zo81,fixed_alpha0.7_german_gender_seed17,FixedAlpha_0.7,17,
29,30,0.74,0.0,0.025000000000000022,22u5zo81,fixed_alpha0.7_german_gender_seed17,FixedAlpha_0.7,17,
0,1,0.68,0.050000000000000044,0.10000000000000003,em6ye7f9,fixed_alpha0.7_german_gender_seed14,FixedAlpha_0.7,14,
1,2,0.69,0.025000000000000022,0.024999999999999967,em6ye7f9,fixed_alpha0.7_german_gender_seed14,FixedAlpha_0.7,14,
2,3,0.7,0.030000000000000027,0.015000000000000013,em6ye7f9,fixed_alpha0.7_german_gender_seed14,FixedAlpha_0.7,14,
3,4,0.7,0.020000000000000018,0.02250000000000002,em6ye7f9,fixed_alpha0.7_german_gender_seed14,FixedAlpha_0.7,14,
4,5,0.71,0.020000000000000018,0.034999999999999976,em6ye7f9,fixed_alpha0.7_german_gender_seed14,FixedAlpha_0.7,14,
5,6,0.715,0.020000000000000018,0.02250000000000002,em6ye7f9,fixed_alpha0.7_german_gender_seed14,FixedAlpha_0.7,14,
6,7,0.705,0.0050000000000000044,0.015000000000000013,em6ye7f9,fixed_alpha0.7_german_gender_seed14,FixedAlpha_0.7,14,
7,8,0.725,0.0050000000000000044,0.040000000000000036,em6ye7f9,fixed_alpha0.7_german_gender_seed14,FixedAlpha_0.7,14,
8,9,0.755,0.0050000000000000044,0.07750000000000001,em6ye7f9,fixed_alpha0.7_german_gender_seed14,FixedAlpha_0.7,14,
9,10,0.755,0.0,0.03749999999999998,em6ye7f9,fixed_alpha0.7_german_gender_seed14,FixedAlpha_0.7,14,
10,11,0.755,0.010000000000000009,0.05499999999999999,em6ye7f9,fixed_alpha0.7_german_gender_seed14,FixedAlpha_0.7,14,
11,12,0.755,0.010000000000000009,0.05499999999999999,em6ye7f9,fixed_alpha0.7_german_gender_seed14,FixedAlpha_0.7,14,
12,13,0.765,0.010000000000000009,0.08000000000000002,em6ye7f9,fixed_alpha0.7_german_gender_seed14,FixedAlpha_0.7,14,
13,14,0.765,0.014999999999999902,0.09499999999999997,em6ye7f9,fixed_alpha0.7_german_gender_seed14,FixedAlpha_0.7,14,
14,15,0.755,0.0050000000000000044,0.09000000000000002,em6ye7f9,fixed_alpha0.7_german_gender_seed14,FixedAlpha_0.7,14,
15,16,0.75,0.010000000000000009,0.10499999999999998,em6ye7f9,fixed_alpha0.7_german_gender_seed14,FixedAlpha_0.7,14,
16,17,0.755,0.03500000000000003,0.10499999999999998,em6ye7f9,fixed_alpha0.7_german_gender_seed14,FixedAlpha_0.7,14,
17,18,0.735,0.09999999999999998,0.13749999999999996,em6ye7f9,fixed_alpha0.7_german_gender_seed14,FixedAlpha_0.7,14,
18,19,0.74,0.08999999999999997,0.08249999999999996,em6ye7f9,fixed_alpha0.7_german_gender_seed14,FixedAlpha_0.7,14,
19,20,0.74,0.08999999999999997,0.08249999999999996,em6ye7f9,fixed_alpha0.7_german_gender_seed14,FixedAlpha_0.7,14,
20,21,0.73,0.10499999999999998,0.08999999999999997,em6ye7f9,fixed_alpha0.7_german_gender_seed14,FixedAlpha_0.7,14,
21,22,0.725,0.13,0.10249999999999998,em6ye7f9,fixed_alpha0.7_german_gender_seed14,FixedAlpha_0.7,14,
22,23,0.71,0.09999999999999998,0.08749999999999997,em6ye7f9,fixed_alpha0.7_german_gender_seed14,FixedAlpha_0.7,14,
23,24,0.705,0.08999999999999997,0.08249999999999996,em6ye7f9,fixed_alpha0.7_german_gender_seed14,FixedAlpha_0.7,14,
24,25,0.7,0.07999999999999996,0.07749999999999996,em6ye7f9,fixed_alpha0.7_german_gender_seed14,FixedAlpha_0.7,14,
25,26,0.705,0.07999999999999996,0.08999999999999997,em6ye7f9,fixed_alpha0.7_german_gender_seed14,FixedAlpha_0.7,14,
26,27,0.7,0.06999999999999995,0.08499999999999996,em6ye7f9,fixed_alpha0.7_german_gender_seed14,FixedAlpha_0.7,14,
27,28,0.7,0.06999999999999995,0.08499999999999996,em6ye7f9,fixed_alpha0.7_german_gender_seed14,FixedAlpha_0.7,14,
28,29,0.7,0.06999999999999995,0.08499999999999996,em6ye7f9,fixed_alpha0.7_german_gender_seed14,FixedAlpha_0.7,14,
29,30,0.7,0.06999999999999995,0.08499999999999996,em6ye7f9,fixed_alpha0.7_german_gender_seed14,FixedAlpha_0.7,14,
0,1,0.575,0.030000000000000027,0.09,sxu4oigg,fixed_alpha0.7_german_gender_seed18,FixedAlpha_0.7,18,
1,2,0.615,0.040000000000000036,0.07000000000000006,sxu4oigg,fixed_alpha0.7_german_gender_seed18,FixedAlpha_0.7,18,
2,3,0.665,0.07500000000000007,0.050000000000000044,sxu4oigg,fixed_alpha0.7_german_gender_seed18,FixedAlpha_0.7,18,
3,4,0.67,0.030000000000000027,0.027500000000000024,sxu4oigg,fixed_alpha0.7_german_gender_seed18,FixedAlpha_0.7,18,
4,5,0.695,0.010000000000000009,0.017500000000000016,sxu4oigg,fixed_alpha0.7_german_gender_seed18,FixedAlpha_0.7,18,
5,6,0.705,0.0050000000000000044,0.015000000000000013,sxu4oigg,fixed_alpha0.7_german_gender_seed18,FixedAlpha_0.7,18,
6,7,0.705,0.015000000000000013,0.007500000000000007,sxu4oigg,fixed_alpha0.7_german_gender_seed18,FixedAlpha_0.7,18,
7,8,0.71,0.0,0.03750000000000003,sxu4oigg,fixed_alpha0.7_german_gender_seed18,FixedAlpha_0.7,18,
8,9,0.725,0.014999999999999902,0.03249999999999997,sxu4oigg,fixed_alpha0.7_german_gender_seed18,FixedAlpha_0.7,18,
9,10,0.745,0.039999999999999925,0.06999999999999995,sxu4oigg,fixed_alpha0.7_german_gender_seed18,FixedAlpha_0.7,18,
10,11,0.735,0.07000000000000006,0.03500000000000003,sxu4oigg,fixed_alpha0.7_german_gender_seed18,FixedAlpha_0.7,18,
11,12,0.745,0.050000000000000044,0.07500000000000001,sxu4oigg,fixed_alpha0.7_german_gender_seed18,FixedAlpha_0.7,18,
12,13,0.755,0.06000000000000005,0.09250000000000003,sxu4oigg,fixed_alpha0.7_german_gender_seed18,FixedAlpha_0.7,18,
13,14,0.755,0.06000000000000005,0.09250000000000003,sxu4oigg,fixed_alpha0.7_german_gender_seed18,FixedAlpha_0.7,18,
14,15,0.755,0.06000000000000005,0.09250000000000003,sxu4oigg,fixed_alpha0.7_german_gender_seed18,FixedAlpha_0.7,18,
15,16,0.755,0.06000000000000005,0.09250000000000003,sxu4oigg,fixed_alpha0.7_german_gender_seed18,FixedAlpha_0.7,18,
16,17,0.745,0.10999999999999999,0.1175,sxu4oigg,fixed_alpha0.7_german_gender_seed18,FixedAlpha_0.7,18,
17,18,0.735,0.08999999999999997,0.10749999999999998,sxu4oigg,fixed_alpha0.7_german_gender_seed18,FixedAlpha_0.7,18,
18,19,0.725,0.14,0.1325,sxu4oigg,fixed_alpha0.7_german_gender_seed18,FixedAlpha_0.7,18,
19,20,0.73,0.14,0.14500000000000002,sxu4oigg,fixed_alpha0.7_german_gender_seed18,FixedAlpha_0.7,18,
20,21,0.73,0.16500000000000004,0.17000000000000004,sxu4oigg,fixed_alpha0.7_german_gender_seed18,FixedAlpha_0.7,18,
21,22,0.725,0.14500000000000002,0.135,sxu4oigg,fixed_alpha0.7_german_gender_seed18,FixedAlpha_0.7,18,
22,23,0.73,0.18000000000000005,0.12750000000000006,sxu4oigg,fixed_alpha0.7_german_gender_seed18,FixedAlpha_0.7,18,
23,24,0.73,0.18000000000000005,0.12750000000000006,sxu4oigg,fixed_alpha0.7_german_gender_seed18,FixedAlpha_0.7,18,
24,25,0.725,0.17000000000000004,0.12250000000000005,sxu4oigg,fixed_alpha0.7_german_gender_seed18,FixedAlpha_0.7,18,
25,26,0.73,0.14500000000000002,0.11000000000000004,sxu4oigg,fixed_alpha0.7_german_gender_seed18,FixedAlpha_0.7,18,
26,27,0.735,0.15500000000000003,0.11500000000000005,sxu4oigg,fixed_alpha0.7_german_gender_seed18,FixedAlpha_0.7,18,
27,28,0.735,0.15500000000000003,0.11500000000000005,sxu4oigg,fixed_alpha0.7_german_gender_seed18,FixedAlpha_0.7,18,
28,29,0.73,0.14500000000000002,0.11000000000000004,sxu4oigg,fixed_alpha0.7_german_gender_seed18,FixedAlpha_0.7,18,
29,30,0.735,0.14500000000000002,0.12250000000000003,sxu4oigg,fixed_alpha0.7_german_gender_seed18,FixedAlpha_0.7,18,
0,1,0.425,0.04500000000000001,0.047500000000000014,3v7zrk6w,fixed_alpha0.7_german_gender_seed19,FixedAlpha_0.7,19,
1,2,0.505,0.0,0.0625,3v7zrk6w,fixed_alpha0.7_german_gender_seed19,FixedAlpha_0.7,19,
2,3,0.555,0.025000000000000022,0.024999999999999967,3v7zrk6w,fixed_alpha0.7_german_gender_seed19,FixedAlpha_0.7,19,
3,4,0.64,0.05999999999999994,0.02999999999999997,3v7zrk6w,fixed_alpha0.7_german_gender_seed19,FixedAlpha_0.7,19,
4,5,0.675,0.06499999999999995,0.03249999999999997,3v7zrk6w,fixed_alpha0.7_german_gender_seed19,FixedAlpha_0.7,19,
5,6,0.695,0.0050000000000000044,0.03999999999999998,3v7zrk6w,fixed_alpha0.7_german_gender_seed19,FixedAlpha_0.7,19,
6,7,0.7,0.0050000000000000044,0.03999999999999998,3v7zrk6w,fixed_alpha0.7_german_gender_seed19,FixedAlpha_0.7,19,
7,8,0.7,0.015000000000000013,0.057499999999999996,3v7zrk6w,fixed_alpha0.7_german_gender_seed19,FixedAlpha_0.7,19,
8,9,0.7,0.015000000000000013,0.057499999999999996,3v7zrk6w,fixed_alpha0.7_german_gender_seed19,FixedAlpha_0.7,19,
9,10,0.705,0.015000000000000013,0.044999999999999984,3v7zrk6w,fixed_alpha0.7_german_gender_seed19,FixedAlpha_0.7,19,
10,11,0.705,0.0050000000000000044,0.015000000000000013,3v7zrk6w,fixed_alpha0.7_german_gender_seed19,FixedAlpha_0.7,19,
11,12,0.695,0.0,0.0,3v7zrk6w,fixed_alpha0.7_german_gender_seed19,FixedAlpha_0.7,19,
12,13,0.71,0.02499999999999991,0.024999999999999967,3v7zrk6w,fixed_alpha0.7_german_gender_seed19,FixedAlpha_0.7,19,
13,14,0.715,0.039999999999999925,0.044999999999999984,3v7zrk6w,fixed_alpha0.7_german_gender_seed19,FixedAlpha_0.7,19,
14,15,0.715,0.04500000000000004,0.03500000000000003,3v7zrk6w,fixed_alpha0.7_german_gender_seed19,FixedAlpha_0.7,19,
15,16,0.71,0.07000000000000006,0.04750000000000004,3v7zrk6w,fixed_alpha0.7_german_gender_seed19,FixedAlpha_0.7,19,
16,17,0.71,0.07500000000000007,0.04999999999999999,3v7zrk6w,fixed_alpha0.7_german_gender_seed19,FixedAlpha_0.7,19,
17,18,0.71,0.09999999999999998,0.07499999999999996,3v7zrk6w,fixed_alpha0.7_german_gender_seed19,FixedAlpha_0.7,19,
18,19,0.715,0.09999999999999998,0.08749999999999997,3v7zrk6w,fixed_alpha0.7_german_gender_seed19,FixedAlpha_0.7,19,
19,20,0.715,0.08999999999999997,0.057499999999999996,3v7zrk6w,fixed_alpha0.7_german_gender_seed19,FixedAlpha_0.7,19,
20,21,0.725,0.08999999999999997,0.044999999999999984,3v7zrk6w,fixed_alpha0.7_german_gender_seed19,FixedAlpha_0.7,19,
21,22,0.71,0.09499999999999997,0.04749999999999999,3v7zrk6w,fixed_alpha0.7_german_gender_seed19,FixedAlpha_0.7,19,
22,23,0.71,0.09499999999999997,0.04749999999999999,3v7zrk6w,fixed_alpha0.7_german_gender_seed19,FixedAlpha_0.7,19,
23,24,0.71,0.08499999999999996,0.06749999999999995,3v7zrk6w,fixed_alpha0.7_german_gender_seed19,FixedAlpha_0.7,19,
24,25,0.71,0.07499999999999996,0.04999999999999993,3v7zrk6w,fixed_alpha0.7_german_gender_seed19,FixedAlpha_0.7,19,
25,26,0.71,0.07499999999999996,0.04999999999999993,3v7zrk6w,fixed_alpha0.7_german_gender_seed19,FixedAlpha_0.7,19,
26,27,0.71,0.07499999999999996,0.04999999999999993,3v7zrk6w,fixed_alpha0.7_german_gender_seed19,FixedAlpha_0.7,19,
27,28,0.715,0.07499999999999996,0.03749999999999998,3v7zrk6w,fixed_alpha0.7_german_gender_seed19,FixedAlpha_0.7,19,
28,29,0.715,0.07499999999999996,0.03749999999999998,3v7zrk6w,fixed_alpha0.7_german_gender_seed19,FixedAlpha_0.7,19,
29,30,0.715,0.07499999999999996,0.03749999999999998,3v7zrk6w,fixed_alpha0.7_german_gender_seed19,FixedAlpha_0.7,19,
0,1,0.635,0.040000000000000036,0.12000000000000002,ropd6gd4,fixed_alpha0.7_german_gender_seed16,FixedAlpha_0.7,16,
1,2,0.69,0.020000000000000018,0.135,ropd6gd4,fixed_alpha0.7_german_gender_seed16,FixedAlpha_0.7,16,
2,3,0.695,0.025000000000000022,0.08750000000000002,ropd6gd4,fixed_alpha0.7_german_gender_seed16,FixedAlpha_0.7,16,
3,4,0.7,0.0050000000000000044,0.10250000000000004,ropd6gd4,fixed_alpha0.7_german_gender_seed16,FixedAlpha_0.7,16,
4,5,0.69,0.0050000000000000044,0.09000000000000002,ropd6gd4,fixed_alpha0.7_german_gender_seed16,FixedAlpha_0.7,16,
5,6,0.7,0.039999999999999925,0.10749999999999998,ropd6gd4,fixed_alpha0.7_german_gender_seed16,FixedAlpha_0.7,16,
6,7,0.705,0.015000000000000013,0.07,ropd6gd4,fixed_alpha0.7_german_gender_seed16,FixedAlpha_0.7,16,
7,8,0.705,0.025000000000000022,0.09999999999999998,ropd6gd4,fixed_alpha0.7_german_gender_seed16,FixedAlpha_0.7,16,
8,9,0.695,0.030000000000000027,0.10250000000000004,ropd6gd4,fixed_alpha0.7_german_gender_seed16,FixedAlpha_0.7,16,
9,10,0.695,0.05500000000000005,0.10250000000000004,ropd6gd4,fixed_alpha0.7_german_gender_seed16,FixedAlpha_0.7,16,
10,11,0.7,0.04500000000000004,0.10999999999999999,ropd6gd4,fixed_alpha0.7_german_gender_seed16,FixedAlpha_0.7,16,
11,12,0.685,0.015000000000000013,0.09499999999999997,ropd6gd4,fixed_alpha0.7_german_gender_seed16,FixedAlpha_0.7,16,
12,13,0.695,0.05499999999999994,0.12749999999999997,ropd6gd4,fixed_alpha0.7_german_gender_seed16,FixedAlpha_0.7,16,
13,14,0.695,0.04499999999999993,0.10999999999999996,ropd6gd4,fixed_alpha0.7_german_gender_seed16,FixedAlpha_0.7,16,
14,15,0.705,0.05499999999999994,0.10249999999999995,ropd6gd4,fixed_alpha0.7_german_gender_seed16,FixedAlpha_0.7,16,
15,16,0.715,0.06499999999999995,0.09499999999999995,ropd6gd4,fixed_alpha0.7_german_gender_seed16,FixedAlpha_0.7,16,
16,17,0.72,0.06499999999999995,0.044999999999999984,ropd6gd4,fixed_alpha0.7_german_gender_seed16,FixedAlpha_0.7,16,
17,18,0.72,0.09999999999999998,0.0625,ropd6gd4,fixed_alpha0.7_german_gender_seed16,FixedAlpha_0.7,16,
18,19,0.71,0.125,0.07500000000000001,ropd6gd4,fixed_alpha0.7_german_gender_seed16,FixedAlpha_0.7,16,
19,20,0.705,0.125,0.09999999999999998,ropd6gd4,fixed_alpha0.7_german_gender_seed16,FixedAlpha_0.7,16,
20,21,0.705,0.15000000000000002,0.125,ropd6gd4,fixed_alpha0.7_german_gender_seed16,FixedAlpha_0.7,16,
21,22,0.705,0.125,0.09999999999999998,ropd6gd4,fixed_alpha0.7_german_gender_seed16,FixedAlpha_0.7,16,
22,23,0.71,0.125,0.11249999999999999,ropd6gd4,fixed_alpha0.7_german_gender_seed16,FixedAlpha_0.7,16,
23,24,0.715,0.16000000000000003,0.14250000000000002,ropd6gd4,fixed_alpha0.7_german_gender_seed16,FixedAlpha_0.7,16,
24,25,0.715,0.16000000000000003,0.14250000000000002,ropd6gd4,fixed_alpha0.7_german_gender_seed16,FixedAlpha_0.7,16,
25,26,0.71,0.17499999999999993,0.16249999999999995,ropd6gd4,fixed_alpha0.7_german_gender_seed16,FixedAlpha_0.7,16,
26,27,0.715,0.18499999999999994,0.16749999999999995,ropd6gd4,fixed_alpha0.7_german_gender_seed16,FixedAlpha_0.7,16,
27,28,0.72,0.19499999999999995,0.17249999999999996,ropd6gd4,fixed_alpha0.7_german_gender_seed16,FixedAlpha_0.7,16,
28,29,0.725,0.19499999999999995,0.1475,ropd6gd4,fixed_alpha0.7_german_gender_seed16,FixedAlpha_0.7,16,
29,30,0.725,0.19499999999999995,0.1475,ropd6gd4,fixed_alpha0.7_german_gender_seed16,FixedAlpha_0.7,16,
0,1,0.605,0.07999999999999996,0.13999999999999996,xfw9z414,fixed_alpha0.7_german_gender_seed15,FixedAlpha_0.7,15,
1,2,0.66,0.020000000000000018,0.06,xfw9z414,fixed_alpha0.7_german_gender_seed15,FixedAlpha_0.7,15,
2,3,0.7,0.030000000000000027,0.065,xfw9z414,fixed_alpha0.7_german_gender_seed15,FixedAlpha_0.7,15,
3,4,0.715,0.025000000000000022,0.0625,xfw9z414,fixed_alpha0.7_german_gender_seed15,FixedAlpha_0.7,15,
4,5,0.715,0.025000000000000022,0.0625,xfw9z414,fixed_alpha0.7_german_gender_seed15,FixedAlpha_0.7,15,
5,6,0.72,0.025000000000000022,0.07500000000000001,xfw9z414,fixed_alpha0.7_german_gender_seed15,FixedAlpha_0.7,15,
6,7,0.72,0.025000000000000022,0.07500000000000001,xfw9z414,fixed_alpha0.7_german_gender_seed15,FixedAlpha_0.7,15,
7,8,0.73,0.0050000000000000044,0.040000000000000036,xfw9z414,fixed_alpha0.7_german_gender_seed15,FixedAlpha_0.7,15,
8,9,0.75,0.0050000000000000044,0.027500000000000024,xfw9z414,fixed_alpha0.7_german_gender_seed15,FixedAlpha_0.7,15,
9,10,0.75,0.025000000000000022,0.06250000000000006,xfw9z414,fixed_alpha0.7_german_gender_seed15,FixedAlpha_0.7,15,
10,11,0.745,0.0050000000000000044,0.10250000000000004,xfw9z414,fixed_alpha0.7_german_gender_seed15,FixedAlpha_0.7,15,
11,12,0.74,0.010000000000000009,0.08000000000000002,xfw9z414,fixed_alpha0.7_german_gender_seed15,FixedAlpha_0.7,15,
12,13,0.735,0.020000000000000018,0.10999999999999999,xfw9z414,fixed_alpha0.7_german_gender_seed15,FixedAlpha_0.7,15,
13,14,0.735,0.0050000000000000044,0.11499999999999999,xfw9z414,fixed_alpha0.7_german_gender_seed15,FixedAlpha_0.7,15,
14,15,0.735,0.0050000000000000044,0.11499999999999999,xfw9z414,fixed_alpha0.7_german_gender_seed15,FixedAlpha_0.7,15,
15,16,0.735,0.030000000000000027,0.10249999999999998,xfw9z414,fixed_alpha0.7_german_gender_seed15,FixedAlpha_0.7,15,
16,17,0.73,0.020000000000000018,0.09749999999999998,xfw9z414,fixed_alpha0.7_german_gender_seed15,FixedAlpha_0.7,15,
17,18,0.73,0.020000000000000018,0.09749999999999998,xfw9z414,fixed_alpha0.7_german_gender_seed15,FixedAlpha_0.7,15,
18,19,0.745,0.020000000000000018,0.06,xfw9z414,fixed_alpha0.7_german_gender_seed15,FixedAlpha_0.7,15,
19,20,0.745,0.020000000000000018,0.06,xfw9z414,fixed_alpha0.7_german_gender_seed15,FixedAlpha_0.7,15,
20,21,0.74,0.04500000000000004,0.07250000000000001,xfw9z414,fixed_alpha0.7_german_gender_seed15,FixedAlpha_0.7,15,
21,22,0.745,0.04500000000000004,0.04750000000000004,xfw9z414,fixed_alpha0.7_german_gender_seed15,FixedAlpha_0.7,15,
22,23,0.745,0.04500000000000004,0.04750000000000004,xfw9z414,fixed_alpha0.7_german_gender_seed15,FixedAlpha_0.7,15,
23,24,0.74,0.06999999999999995,0.06,xfw9z414,fixed_alpha0.7_german_gender_seed15,FixedAlpha_0.7,15,
24,25,0.745,0.07999999999999996,0.065,xfw9z414,fixed_alpha0.7_german_gender_seed15,FixedAlpha_0.7,15,
25,26,0.745,0.11499999999999999,0.08250000000000002,xfw9z414,fixed_alpha0.7_german_gender_seed15,FixedAlpha_0.7,15,
26,27,0.74,0.10499999999999998,0.07750000000000001,xfw9z414,fixed_alpha0.7_german_gender_seed15,FixedAlpha_0.7,15,
27,28,0.735,0.09499999999999997,0.07250000000000001,xfw9z414,fixed_alpha0.7_german_gender_seed15,FixedAlpha_0.7,15,
28,29,0.73,0.08499999999999996,0.0675,xfw9z414,fixed_alpha0.7_german_gender_seed15,FixedAlpha_0.7,15,
29,30,0.735,0.08499999999999996,0.08000000000000002,xfw9z414,fixed_alpha0.7_german_gender_seed15,FixedAlpha_0.7,15,
0,1,0.655,0.05499999999999994,0.08999999999999997,sjoznhdi,fixed_alpha0.7_german_gender_seed21,FixedAlpha_0.7,21,
1,2,0.7,0.06999999999999995,0.1225,sjoznhdi,fixed_alpha0.7_german_gender_seed21,FixedAlpha_0.7,21,
2,3,0.71,0.040000000000000036,0.08250000000000002,sjoznhdi,fixed_alpha0.7_german_gender_seed21,FixedAlpha_0.7,21,
3,4,0.72,0.025000000000000022,0.07500000000000001,sjoznhdi,fixed_alpha0.7_german_gender_seed21,FixedAlpha_0.7,21,
4,5,0.725,0.025000000000000022,0.04999999999999999,sjoznhdi,fixed_alpha0.7_german_gender_seed21,FixedAlpha_0.7,21,
5,6,0.725,0.040000000000000036,0.08250000000000002,sjoznhdi,fixed_alpha0.7_german_gender_seed21,FixedAlpha_0.7,21,
6,7,0.74,0.06499999999999995,0.06999999999999995,sjoznhdi,fixed_alpha0.7_german_gender_seed21,FixedAlpha_0.7,21,
7,8,0.745,0.06999999999999995,0.04749999999999999,sjoznhdi,fixed_alpha0.7_german_gender_seed21,FixedAlpha_0.7,21,
8,9,0.76,0.08499999999999996,0.1175,sjoznhdi,fixed_alpha0.7_german_gender_seed21,FixedAlpha_0.7,21,
9,10,0.77,0.125,0.16249999999999998,sjoznhdi,fixed_alpha0.7_german_gender_seed21,FixedAlpha_0.7,21,
10,11,0.775,0.11499999999999999,0.18249999999999997,sjoznhdi,fixed_alpha0.7_german_gender_seed21,FixedAlpha_0.7,21,
11,12,0.77,0.1050000000000001,0.17750000000000002,sjoznhdi,fixed_alpha0.7_german_gender_seed21,FixedAlpha_0.7,21,
12,13,0.765,0.09500000000000008,0.17250000000000001,sjoznhdi,fixed_alpha0.7_german_gender_seed21,FixedAlpha_0.7,21,
13,14,0.76,0.09500000000000008,0.16000000000000003,sjoznhdi,fixed_alpha0.7_german_gender_seed21,FixedAlpha_0.7,21,
14,15,0.765,0.09500000000000008,0.13500000000000006,sjoznhdi,fixed_alpha0.7_german_gender_seed21,FixedAlpha_0.7,21,
15,16,0.765,0.09500000000000008,0.13500000000000006,sjoznhdi,fixed_alpha0.7_german_gender_seed21,FixedAlpha_0.7,21,
16,17,0.755,0.135,0.13,sjoznhdi,fixed_alpha0.7_german_gender_seed21,FixedAlpha_0.7,21,
17,18,0.745,0.11499999999999999,0.12,sjoznhdi,fixed_alpha0.7_german_gender_seed21,FixedAlpha_0.7,21,
18,19,0.75,0.14,0.1575,sjoznhdi,fixed_alpha0.7_german_gender_seed21,FixedAlpha_0.7,21,
19,20,0.755,0.14,0.16999999999999998,sjoznhdi,fixed_alpha0.7_german_gender_seed21,FixedAlpha_0.7,21,
20,21,0.755,0.14,0.16999999999999998,sjoznhdi,fixed_alpha0.7_german_gender_seed21,FixedAlpha_0.7,21,
21,22,0.755,0.13,0.14,sjoznhdi,fixed_alpha0.7_german_gender_seed21,FixedAlpha_0.7,21,
22,23,0.76,0.13,0.15250000000000002,sjoznhdi,fixed_alpha0.7_german_gender_seed21,FixedAlpha_0.7,21,
23,24,0.755,0.12,0.14750000000000002,sjoznhdi,fixed_alpha0.7_german_gender_seed21,FixedAlpha_0.7,21,
24,25,0.755,0.12,0.14750000000000002,sjoznhdi,fixed_alpha0.7_german_gender_seed21,FixedAlpha_0.7,21,
25,26,0.755,0.12,0.14750000000000002,sjoznhdi,fixed_alpha0.7_german_gender_seed21,FixedAlpha_0.7,21,
26,27,0.755,0.12,0.14750000000000002,sjoznhdi,fixed_alpha0.7_german_gender_seed21,FixedAlpha_0.7,21,
27,28,0.75,0.12,0.135,sjoznhdi,fixed_alpha0.7_german_gender_seed21,FixedAlpha_0.7,21,
28,29,0.75,0.12,0.135,sjoznhdi,fixed_alpha0.7_german_gender_seed21,FixedAlpha_0.7,21,
29,30,0.75,0.12,0.135,sjoznhdi,fixed_alpha0.7_german_gender_seed21,FixedAlpha_0.7,21,
0,1,0.49,0.12499999999999994,0.17499999999999996,2iabdgxt,fixed_alpha0.7_german_gender_seed20,FixedAlpha_0.7,20,
1,2,0.555,0.05999999999999994,0.04249999999999993,2iabdgxt,fixed_alpha0.7_german_gender_seed20,FixedAlpha_0.7,20,
2,3,0.625,0.04999999999999993,0.04999999999999993,2iabdgxt,fixed_alpha0.7_german_gender_seed20,FixedAlpha_0.7,20,
3,4,0.655,0.04500000000000004,0.06,2iabdgxt,fixed_alpha0.7_german_gender_seed20,FixedAlpha_0.7,20,
4,5,0.665,0.029999999999999916,0.014999999999999958,2iabdgxt,fixed_alpha0.7_german_gender_seed20,FixedAlpha_0.7,20,
5,6,0.695,0.040000000000000036,0.020000000000000018,2iabdgxt,fixed_alpha0.7_german_gender_seed20,FixedAlpha_0.7,20,
6,7,0.705,0.020000000000000018,0.010000000000000009,2iabdgxt,fixed_alpha0.7_german_gender_seed20,FixedAlpha_0.7,20,
7,8,0.7,0.040000000000000036,0.044999999999999984,2iabdgxt,fixed_alpha0.7_german_gender_seed20,FixedAlpha_0.7,20,
8,9,0.7,0.015000000000000013,0.057499999999999996,2iabdgxt,fixed_alpha0.7_german_gender_seed20,FixedAlpha_0.7,20,
9,10,0.71,0.0,0.0,2iabdgxt,fixed_alpha0.7_german_gender_seed20,FixedAlpha_0.7,20,
10,11,0.715,0.04999999999999993,0.062499999999999944,2iabdgxt,fixed_alpha0.7_german_gender_seed20,FixedAlpha_0.7,20,
11,12,0.71,0.010000000000000009,0.0050000000000000044,2iabdgxt,fixed_alpha0.7_german_gender_seed20,FixedAlpha_0.7,20,
12,13,0.69,0.06500000000000006,0.04500000000000004,2iabdgxt,fixed_alpha0.7_german_gender_seed20,FixedAlpha_0.7,20,
13,14,0.715,0.08999999999999997,0.057499999999999996,2iabdgxt,fixed_alpha0.7_german_gender_seed20,FixedAlpha_0.7,20,
14,15,0.72,0.06999999999999995,0.04749999999999999,2iabdgxt,fixed_alpha0.7_german_gender_seed20,FixedAlpha_0.7,20,
15,16,0.72,0.04999999999999993,0.024999999999999967,2iabdgxt,fixed_alpha0.7_german_gender_seed20,FixedAlpha_0.7,20,
16,17,0.72,0.04999999999999993,0.024999999999999967,2iabdgxt,fixed_alpha0.7_german_gender_seed20,FixedAlpha_0.7,20,
17,18,0.72,0.04999999999999993,0.024999999999999967,2iabdgxt,fixed_alpha0.7_german_gender_seed20,FixedAlpha_0.7,20,
18,19,0.72,0.04999999999999993,0.024999999999999967,2iabdgxt,fixed_alpha0.7_german_gender_seed20,FixedAlpha_0.7,20,
19,20,0.72,0.04999999999999993,0.024999999999999967,2iabdgxt,fixed_alpha0.7_german_gender_seed20,FixedAlpha_0.7,20,
20,21,0.725,0.039999999999999925,0.03249999999999997,2iabdgxt,fixed_alpha0.7_german_gender_seed20,FixedAlpha_0.7,20,
21,22,0.735,0.039999999999999925,0.03249999999999997,2iabdgxt,fixed_alpha0.7_german_gender_seed20,FixedAlpha_0.7,20,
22,23,0.74,0.039999999999999925,0.04499999999999996,2iabdgxt,fixed_alpha0.7_german_gender_seed20,FixedAlpha_0.7,20,
23,24,0.735,0.06499999999999995,0.05749999999999997,2iabdgxt,fixed_alpha0.7_german_gender_seed20,FixedAlpha_0.7,20,
24,25,0.72,0.10499999999999998,0.07749999999999999,2iabdgxt,fixed_alpha0.7_german_gender_seed20,FixedAlpha_0.7,20,
25,26,0.72,0.10499999999999998,0.07749999999999999,2iabdgxt,fixed_alpha0.7_german_gender_seed20,FixedAlpha_0.7,20,
26,27,0.72,0.10499999999999998,0.07749999999999999,2iabdgxt,fixed_alpha0.7_german_gender_seed20,FixedAlpha_0.7,20,
27,28,0.725,0.07999999999999996,0.06499999999999997,2iabdgxt,fixed_alpha0.7_german_gender_seed20,FixedAlpha_0.7,20,
28,29,0.72,0.07999999999999996,0.09,2iabdgxt,fixed_alpha0.7_german_gender_seed20,FixedAlpha_0.7,20,
29,30,0.72,0.07999999999999996,0.09,2iabdgxt,fixed_alpha0.7_german_gender_seed20,FixedAlpha_0.7,20,
0,1,0.675,0.025000000000000022,0.08750000000000002,x9wbojhq,fixed_alpha0.7_german_gender_seed24,FixedAlpha_0.7,24,
1,2,0.695,0.020000000000000018,0.07250000000000001,x9wbojhq,fixed_alpha0.7_german_gender_seed24,FixedAlpha_0.7,24,
2,3,0.7,0.02499999999999991,0.11249999999999993,x9wbojhq,fixed_alpha0.7_german_gender_seed24,FixedAlpha_0.7,24,
3,4,0.705,0.0,0.09999999999999998,x9wbojhq,fixed_alpha0.7_german_gender_seed24,FixedAlpha_0.7,24,
4,5,0.725,0.025000000000000022,0.15000000000000002,x9wbojhq,fixed_alpha0.7_german_gender_seed24,FixedAlpha_0.7,24,
5,6,0.73,0.03500000000000003,0.14250000000000002,x9wbojhq,fixed_alpha0.7_german_gender_seed24,FixedAlpha_0.7,24,
6,7,0.74,0.014999999999999902,0.10749999999999993,x9wbojhq,fixed_alpha0.7_german_gender_seed24,FixedAlpha_0.7,24,
7,8,0.745,0.030000000000000027,0.03999999999999998,x9wbojhq,fixed_alpha0.7_german_gender_seed24,FixedAlpha_0.7,24,
8,9,0.78,0.05500000000000005,0.1525,x9wbojhq,fixed_alpha0.7_german_gender_seed24,FixedAlpha_0.7,24,
9,10,0.775,0.08000000000000007,0.165,x9wbojhq,fixed_alpha0.7_german_gender_seed24,FixedAlpha_0.7,24,
10,11,0.77,0.07000000000000006,0.16,x9wbojhq,fixed_alpha0.7_german_gender_seed24,FixedAlpha_0.7,24,
11,12,0.765,0.06000000000000005,0.155,x9wbojhq,fixed_alpha0.7_german_gender_seed24,FixedAlpha_0.7,24,
12,13,0.765,0.06000000000000005,0.155,x9wbojhq,fixed_alpha0.7_german_gender_seed24,FixedAlpha_0.7,24,
13,14,0.755,0.040000000000000036,0.145,x9wbojhq,fixed_alpha0.7_german_gender_seed24,FixedAlpha_0.7,24,
14,15,0.76,0.040000000000000036,0.12000000000000002,x9wbojhq,fixed_alpha0.7_german_gender_seed24,FixedAlpha_0.7,24,
15,16,0.755,0.06500000000000006,0.09500000000000003,x9wbojhq,fixed_alpha0.7_german_gender_seed24,FixedAlpha_0.7,24,
16,17,0.75,0.07999999999999996,0.07750000000000001,x9wbojhq,fixed_alpha0.7_german_gender_seed24,FixedAlpha_0.7,24,
17,18,0.745,0.10499999999999998,0.09000000000000002,x9wbojhq,fixed_alpha0.7_german_gender_seed24,FixedAlpha_0.7,24,
18,19,0.755,0.07999999999999996,0.09,x9wbojhq,fixed_alpha0.7_german_gender_seed24,FixedAlpha_0.7,24,
19,20,0.745,0.13,0.11500000000000002,x9wbojhq,fixed_alpha0.7_german_gender_seed24,FixedAlpha_0.7,24,
20,21,0.74,0.13,0.10250000000000004,x9wbojhq,fixed_alpha0.7_german_gender_seed24,FixedAlpha_0.7,24,
21,22,0.74,0.13,0.10250000000000004,x9wbojhq,fixed_alpha0.7_german_gender_seed24,FixedAlpha_0.7,24,
22,23,0.74,0.13,0.10250000000000004,x9wbojhq,fixed_alpha0.7_german_gender_seed24,FixedAlpha_0.7,24,
23,24,0.74,0.15500000000000003,0.09000000000000002,x9wbojhq,fixed_alpha0.7_german_gender_seed24,FixedAlpha_0.7,24,
24,25,0.735,0.18000000000000005,0.10250000000000004,x9wbojhq,fixed_alpha0.7_german_gender_seed24,FixedAlpha_0.7,24,
25,26,0.735,0.18000000000000005,0.10250000000000004,x9wbojhq,fixed_alpha0.7_german_gender_seed24,FixedAlpha_0.7,24,
26,27,0.73,0.17000000000000004,0.09750000000000003,x9wbojhq,fixed_alpha0.7_german_gender_seed24,FixedAlpha_0.7,24,
27,28,0.73,0.17000000000000004,0.09750000000000003,x9wbojhq,fixed_alpha0.7_german_gender_seed24,FixedAlpha_0.7,24,
28,29,0.73,0.17000000000000004,0.09750000000000003,x9wbojhq,fixed_alpha0.7_german_gender_seed24,FixedAlpha_0.7,24,
29,30,0.73,0.17000000000000004,0.09750000000000003,x9wbojhq,fixed_alpha0.7_german_gender_seed24,FixedAlpha_0.7,24,
0,1,0.655,0.06999999999999995,0.04749999999999993,28izxh31,fixed_alpha0.7_german_gender_seed23,FixedAlpha_0.7,23,
1,2,0.7,0.0,0.050000000000000044,28izxh31,fixed_alpha0.7_german_gender_seed23,FixedAlpha_0.7,23,
2,3,0.73,0.0,0.025000000000000022,28izxh31,fixed_alpha0.7_german_gender_seed23,FixedAlpha_0.7,23,
3,4,0.74,0.0050000000000000044,0.014999999999999958,28izxh31,fixed_alpha0.7_german_gender_seed23,FixedAlpha_0.7,23,
4,5,0.75,0.040000000000000036,0.04500000000000004,28izxh31,fixed_alpha0.7_german_gender_seed23,FixedAlpha_0.7,23,
5,6,0.735,0.050000000000000044,0.0625,28izxh31,fixed_alpha0.7_german_gender_seed23,FixedAlpha_0.7,23,
6,7,0.725,0.04499999999999993,0.034999999999999976,28izxh31,fixed_alpha0.7_german_gender_seed23,FixedAlpha_0.7,23,
7,8,0.73,0.07499999999999996,0.0625,28izxh31,fixed_alpha0.7_german_gender_seed23,FixedAlpha_0.7,23,
8,9,0.745,0.08499999999999996,0.07999999999999996,28izxh31,fixed_alpha0.7_german_gender_seed23,FixedAlpha_0.7,23,
9,10,0.74,0.0050000000000000044,0.02749999999999997,28izxh31,fixed_alpha0.7_german_gender_seed23,FixedAlpha_0.7,23,
10,11,0.735,0.03500000000000003,0.030000000000000027,28izxh31,fixed_alpha0.7_german_gender_seed23,FixedAlpha_0.7,23,
11,12,0.725,0.025000000000000022,0.04999999999999999,28izxh31,fixed_alpha0.7_german_gender_seed23,FixedAlpha_0.7,23,
12,13,0.735,0.03500000000000003,0.030000000000000027,28izxh31,fixed_alpha0.7_german_gender_seed23,FixedAlpha_0.7,23,
13,14,0.735,0.0,0.012500000000000011,28izxh31,fixed_alpha0.7_german_gender_seed23,FixedAlpha_0.7,23,
14,15,0.74,0.010000000000000009,0.017500000000000016,28izxh31,fixed_alpha0.7_german_gender_seed23,FixedAlpha_0.7,23,
15,16,0.745,0.0,0.03750000000000003,28izxh31,fixed_alpha0.7_german_gender_seed23,FixedAlpha_0.7,23,
16,17,0.74,0.025000000000000022,0.050000000000000044,28izxh31,fixed_alpha0.7_german_gender_seed23,FixedAlpha_0.7,23,
17,18,0.74,0.015000000000000013,0.05750000000000002,28izxh31,fixed_alpha0.7_german_gender_seed23,FixedAlpha_0.7,23,
18,19,0.74,0.020000000000000018,0.060000000000000026,28izxh31,fixed_alpha0.7_german_gender_seed23,FixedAlpha_0.7,23,
19,20,0.745,0.010000000000000009,0.05500000000000002,28izxh31,fixed_alpha0.7_german_gender_seed23,FixedAlpha_0.7,23,
20,21,0.745,0.010000000000000009,0.05500000000000002,28izxh31,fixed_alpha0.7_german_gender_seed23,FixedAlpha_0.7,23,
21,22,0.74,0.015000000000000013,0.05750000000000002,28izxh31,fixed_alpha0.7_german_gender_seed23,FixedAlpha_0.7,23,
22,23,0.745,0.015000000000000013,0.07000000000000003,28izxh31,fixed_alpha0.7_german_gender_seed23,FixedAlpha_0.7,23,
23,24,0.745,0.015000000000000013,0.07000000000000003,28izxh31,fixed_alpha0.7_german_gender_seed23,FixedAlpha_0.7,23,
24,25,0.745,0.015000000000000013,0.07000000000000003,28izxh31,fixed_alpha0.7_german_gender_seed23,FixedAlpha_0.7,23,
25,26,0.745,0.015000000000000013,0.07000000000000003,28izxh31,fixed_alpha0.7_german_gender_seed23,FixedAlpha_0.7,23,
26,27,0.745,0.015000000000000013,0.07000000000000003,28izxh31,fixed_alpha0.7_german_gender_seed23,FixedAlpha_0.7,23,
27,28,0.745,0.015000000000000013,0.07000000000000003,28izxh31,fixed_alpha0.7_german_gender_seed23,FixedAlpha_0.7,23,
28,29,0.745,0.015000000000000013,0.07000000000000003,28izxh31,fixed_alpha0.7_german_gender_seed23,FixedAlpha_0.7,23,
29,30,0.745,0.015000000000000013,0.07000000000000003,28izxh31,fixed_alpha0.7_german_gender_seed23,FixedAlpha_0.7,23,
0,1,0.405,0.19499999999999995,0.185,z9lm8kpw,fixed_alpha0.7_german_gender_seed22,FixedAlpha_0.7,22,
1,2,0.495,0.09999999999999998,0.16249999999999998,z9lm8kpw,fixed_alpha0.7_german_gender_seed22,FixedAlpha_0.7,22,
2,3,0.625,0.030000000000000027,0.05250000000000005,z9lm8kpw,fixed_alpha0.7_german_gender_seed22,FixedAlpha_0.7,22,
3,4,0.675,0.010000000000000009,0.04249999999999998,z9lm8kpw,fixed_alpha0.7_german_gender_seed22,FixedAlpha_0.7,22,
4,5,0.7,0.010000000000000009,0.017500000000000016,z9lm8kpw,fixed_alpha0.7_german_gender_seed22,FixedAlpha_0.7,22,
5,6,0.7,0.010000000000000009,0.017500000000000016,z9lm8kpw,fixed_alpha0.7_german_gender_seed22,FixedAlpha_0.7,22,
6,7,0.7,0.010000000000000009,0.017500000000000016,z9lm8kpw,fixed_alpha0.7_german_gender_seed22,FixedAlpha_0.7,22,
7,8,0.7,0.010000000000000009,0.017500000000000016,z9lm8kpw,fixed_alpha0.7_german_gender_seed22,FixedAlpha_0.7,22,
8,9,0.7,0.010000000000000009,0.017500000000000016,z9lm8kpw,fixed_alpha0.7_german_gender_seed22,FixedAlpha_0.7,22,
9,10,0.7,0.020000000000000018,0.03500000000000003,z9lm8kpw,fixed_alpha0.7_german_gender_seed22,FixedAlpha_0.7,22,
10,11,0.725,0.020000000000000018,0.09750000000000003,z9lm8kpw,fixed_alpha0.7_german_gender_seed22,FixedAlpha_0.7,22,
11,12,0.73,0.0050000000000000044,0.05249999999999999,z9lm8kpw,fixed_alpha0.7_german_gender_seed22,FixedAlpha_0.7,22,
12,13,0.75,0.015000000000000013,0.04500000000000004,z9lm8kpw,fixed_alpha0.7_german_gender_seed22,FixedAlpha_0.7,22,
13,14,0.755,0.010000000000000009,0.05499999999999999,z9lm8kpw,fixed_alpha0.7_german_gender_seed22,FixedAlpha_0.7,22,
14,15,0.77,0.014999999999999902,0.06999999999999995,z9lm8kpw,fixed_alpha0.7_german_gender_seed22,FixedAlpha_0.7,22,
15,16,0.765,0.05500000000000005,0.040000000000000036,z9lm8kpw,fixed_alpha0.7_german_gender_seed22,FixedAlpha_0.7,22,
16,17,0.76,0.08000000000000007,0.05250000000000005,z9lm8kpw,fixed_alpha0.7_german_gender_seed22,FixedAlpha_0.7,22,
17,18,0.75,0.050000000000000044,0.03749999999999998,z9lm8kpw,fixed_alpha0.7_german_gender_seed22,FixedAlpha_0.7,22,
18,19,0.76,0.050000000000000044,0.03750000000000003,z9lm8kpw,fixed_alpha0.7_german_gender_seed22,FixedAlpha_0.7,22,
19,20,0.755,0.07500000000000007,0.050000000000000044,z9lm8kpw,fixed_alpha0.7_german_gender_seed22,FixedAlpha_0.7,22,
20,21,0.755,0.07500000000000007,0.050000000000000044,z9lm8kpw,fixed_alpha0.7_german_gender_seed22,FixedAlpha_0.7,22,
21,22,0.755,0.07500000000000007,0.050000000000000044,z9lm8kpw,fixed_alpha0.7_german_gender_seed22,FixedAlpha_0.7,22,
22,23,0.76,0.07500000000000007,0.06250000000000006,z9lm8kpw,fixed_alpha0.7_german_gender_seed22,FixedAlpha_0.7,22,
23,24,0.755,0.06500000000000006,0.05750000000000005,z9lm8kpw,fixed_alpha0.7_german_gender_seed22,FixedAlpha_0.7,22,
24,25,0.755,0.06500000000000006,0.05750000000000005,z9lm8kpw,fixed_alpha0.7_german_gender_seed22,FixedAlpha_0.7,22,
25,26,0.75,0.05500000000000005,0.05250000000000005,z9lm8kpw,fixed_alpha0.7_german_gender_seed22,FixedAlpha_0.7,22,
26,27,0.755,0.05500000000000005,0.027500000000000024,z9lm8kpw,fixed_alpha0.7_german_gender_seed22,FixedAlpha_0.7,22,
27,28,0.755,0.05500000000000005,0.027500000000000024,z9lm8kpw,fixed_alpha0.7_german_gender_seed22,FixedAlpha_0.7,22,
28,29,0.75,0.07999999999999996,0.03999999999999998,z9lm8kpw,fixed_alpha0.7_german_gender_seed22,FixedAlpha_0.7,22,
29,30,0.755,0.08999999999999997,0.044999999999999984,z9lm8kpw,fixed_alpha0.7_german_gender_seed22,FixedAlpha_0.7,22,
0,1,0.495,0.0,0.037500000000000006,p5v1bpt3,fixed_alpha0.7_german_gender_seed25,FixedAlpha_0.7,25,
1,2,0.56,0.039999999999999925,0.05749999999999994,p5v1bpt3,fixed_alpha0.7_german_gender_seed25,FixedAlpha_0.7,25,
2,3,0.665,0.07500000000000007,0.0625,p5v1bpt3,fixed_alpha0.7_german_gender_seed25,FixedAlpha_0.7,25,
3,4,0.69,0.05499999999999994,0.10249999999999998,p5v1bpt3,fixed_alpha0.7_german_gender_seed25,FixedAlpha_0.7,25,
4,5,0.71,0.025000000000000022,0.08750000000000002,p5v1bpt3,fixed_alpha0.7_german_gender_seed25,FixedAlpha_0.7,25,
5,6,0.71,0.025000000000000022,0.08750000000000002,p5v1bpt3,fixed_alpha0.7_german_gender_seed25,FixedAlpha_0.7,25,
6,7,0.71,0.015000000000000013,0.07,p5v1bpt3,fixed_alpha0.7_german_gender_seed25,FixedAlpha_0.7,25,
7,8,0.725,0.030000000000000027,0.05249999999999999,p5v1bpt3,fixed_alpha0.7_german_gender_seed25,FixedAlpha_0.7,25,
8,9,0.73,0.04499999999999993,0.05999999999999994,p5v1bpt3,fixed_alpha0.7_german_gender_seed25,FixedAlpha_0.7,25,
9,10,0.71,0.04500000000000004,0.06000000000000005,p5v1bpt3,fixed_alpha0.7_german_gender_seed25,FixedAlpha_0.7,25,
10,11,0.725,0.08500000000000008,0.04250000000000004,p5v1bpt3,fixed_alpha0.7_german_gender_seed25,FixedAlpha_0.7,25,
11,12,0.725,0.05500000000000005,0.027500000000000024,p5v1bpt3,fixed_alpha0.7_german_gender_seed25,FixedAlpha_0.7,25,
12,13,0.725,0.07999999999999996,0.05249999999999999,p5v1bpt3,fixed_alpha0.7_german_gender_seed25,FixedAlpha_0.7,25,
13,14,0.725,0.05999999999999994,0.06749999999999995,p5v1bpt3,fixed_alpha0.7_german_gender_seed25,FixedAlpha_0.7,25,
14,15,0.725,0.09499999999999997,0.08499999999999996,p5v1bpt3,fixed_alpha0.7_german_gender_seed25,FixedAlpha_0.7,25,
15,16,0.725,0.08499999999999996,0.09249999999999997,p5v1bpt3,fixed_alpha0.7_german_gender_seed25,FixedAlpha_0.7,25,
16,17,0.725,0.08499999999999996,0.09249999999999997,p5v1bpt3,fixed_alpha0.7_german_gender_seed25,FixedAlpha_0.7,25,
17,18,0.72,0.07499999999999996,0.08749999999999997,p5v1bpt3,fixed_alpha0.7_german_gender_seed25,FixedAlpha_0.7,25,
18,19,0.72,0.07499999999999996,0.08749999999999997,p5v1bpt3,fixed_alpha0.7_german_gender_seed25,FixedAlpha_0.7,25,
19,20,0.715,0.06499999999999995,0.08249999999999996,p5v1bpt3,fixed_alpha0.7_german_gender_seed25,FixedAlpha_0.7,25,
20,21,0.71,0.08999999999999997,0.09499999999999997,p5v1bpt3,fixed_alpha0.7_german_gender_seed25,FixedAlpha_0.7,25,
21,22,0.705,0.11499999999999999,0.10749999999999998,p5v1bpt3,fixed_alpha0.7_german_gender_seed25,FixedAlpha_0.7,25,
22,23,0.71,0.11499999999999999,0.08250000000000002,p5v1bpt3,fixed_alpha0.7_german_gender_seed25,FixedAlpha_0.7,25,
23,24,0.705,0.10499999999999998,0.07750000000000001,p5v1bpt3,fixed_alpha0.7_german_gender_seed25,FixedAlpha_0.7,25,
24,25,0.705,0.10499999999999998,0.07750000000000001,p5v1bpt3,fixed_alpha0.7_german_gender_seed25,FixedAlpha_0.7,25,
25,26,0.7,0.10499999999999998,0.065,p5v1bpt3,fixed_alpha0.7_german_gender_seed25,FixedAlpha_0.7,25,
26,27,0.7,0.10499999999999998,0.065,p5v1bpt3,fixed_alpha0.7_german_gender_seed25,FixedAlpha_0.7,25,
27,28,0.695,0.09499999999999997,0.06,p5v1bpt3,fixed_alpha0.7_german_gender_seed25,FixedAlpha_0.7,25,
28,29,0.695,0.09499999999999997,0.06,p5v1bpt3,fixed_alpha0.7_german_gender_seed25,FixedAlpha_0.7,25,
29,30,0.69,0.12,0.07250000000000001,p5v1bpt3,fixed_alpha0.7_german_gender_seed25,FixedAlpha_0.7,25,
0,1,0.675,0.06999999999999995,0.06,4vn87mhl,fixed_alpha0.7_german_gender_seed27,FixedAlpha_0.7,27,
1,2,0.695,0.030000000000000027,0.040000000000000036,4vn87mhl,fixed_alpha0.7_german_gender_seed27,FixedAlpha_0.7,27,
2,3,0.68,0.010000000000000009,0.030000000000000027,4vn87mhl,fixed_alpha0.7_german_gender_seed27,FixedAlpha_0.7,27,
3,4,0.685,0.010000000000000009,0.0050000000000000044,4vn87mhl,fixed_alpha0.7_german_gender_seed27,FixedAlpha_0.7,27,
4,5,0.69,0.010000000000000009,0.02999999999999997,4vn87mhl,fixed_alpha0.7_german_gender_seed27,FixedAlpha_0.7,27,
5,6,0.69,0.03499999999999992,0.02999999999999997,4vn87mhl,fixed_alpha0.7_german_gender_seed27,FixedAlpha_0.7,27,
6,7,0.705,0.08499999999999996,0.09249999999999997,4vn87mhl,fixed_alpha0.7_german_gender_seed27,FixedAlpha_0.7,27,
7,8,0.705,0.08999999999999997,0.057499999999999996,4vn87mhl,fixed_alpha0.7_german_gender_seed27,FixedAlpha_0.7,27,
8,9,0.71,0.11499999999999999,0.09500000000000003,4vn87mhl,fixed_alpha0.7_german_gender_seed27,FixedAlpha_0.7,27,
9,10,0.7,0.10999999999999999,0.1175,4vn87mhl,fixed_alpha0.7_german_gender_seed27,FixedAlpha_0.7,27,
10,11,0.72,0.09999999999999998,0.09999999999999998,4vn87mhl,fixed_alpha0.7_german_gender_seed27,FixedAlpha_0.7,27,
11,12,0.73,0.08999999999999997,0.13249999999999995,4vn87mhl,fixed_alpha0.7_german_gender_seed27,FixedAlpha_0.7,27,
12,13,0.735,0.10499999999999998,0.10249999999999998,4vn87mhl,fixed_alpha0.7_german_gender_seed27,FixedAlpha_0.7,27,
13,14,0.725,0.07499999999999996,0.09999999999999998,4vn87mhl,fixed_alpha0.7_german_gender_seed27,FixedAlpha_0.7,27,
14,15,0.72,0.08999999999999997,0.11999999999999997,4vn87mhl,fixed_alpha0.7_german_gender_seed27,FixedAlpha_0.7,27,
15,16,0.715,0.15000000000000002,0.15,4vn87mhl,fixed_alpha0.7_german_gender_seed27,FixedAlpha_0.7,27,
16,17,0.715,0.15000000000000002,0.15,4vn87mhl,fixed_alpha0.7_german_gender_seed27,FixedAlpha_0.7,27,
17,18,0.715,0.15000000000000002,0.15,4vn87mhl,fixed_alpha0.7_german_gender_seed27,FixedAlpha_0.7,27,
18,19,0.71,0.15000000000000002,0.17500000000000002,4vn87mhl,fixed_alpha0.7_german_gender_seed27,FixedAlpha_0.7,27,
19,20,0.715,0.15000000000000002,0.15,4vn87mhl,fixed_alpha0.7_german_gender_seed27,FixedAlpha_0.7,27,
20,21,0.715,0.15000000000000002,0.15,4vn87mhl,fixed_alpha0.7_german_gender_seed27,FixedAlpha_0.7,27,
21,22,0.715,0.15000000000000002,0.15,4vn87mhl,fixed_alpha0.7_german_gender_seed27,FixedAlpha_0.7,27,
22,23,0.71,0.14,0.145,4vn87mhl,fixed_alpha0.7_german_gender_seed27,FixedAlpha_0.7,27,
23,24,0.705,0.13,0.13999999999999999,4vn87mhl,fixed_alpha0.7_german_gender_seed27,FixedAlpha_0.7,27,
24,25,0.705,0.13,0.13999999999999999,4vn87mhl,fixed_alpha0.7_german_gender_seed27,FixedAlpha_0.7,27,
25,26,0.705,0.13,0.13999999999999999,4vn87mhl,fixed_alpha0.7_german_gender_seed27,FixedAlpha_0.7,27,
26,27,0.705,0.13,0.13999999999999999,4vn87mhl,fixed_alpha0.7_german_gender_seed27,FixedAlpha_0.7,27,
27,28,0.705,0.13,0.13999999999999999,4vn87mhl,fixed_alpha0.7_german_gender_seed27,FixedAlpha_0.7,27,
28,29,0.705,0.13,0.10250000000000004,4vn87mhl,fixed_alpha0.7_german_gender_seed27,FixedAlpha_0.7,27,
29,30,0.705,0.13,0.10250000000000004,4vn87mhl,fixed_alpha0.7_german_gender_seed27,FixedAlpha_0.7,27,
0,1,0.495,0.08500000000000008,0.14250000000000007,a8eng759,fixed_alpha0.7_german_gender_seed29,FixedAlpha_0.7,29,
1,2,0.625,0.08999999999999997,0.14499999999999996,a8eng759,fixed_alpha0.7_german_gender_seed29,FixedAlpha_0.7,29,
2,3,0.695,0.06499999999999995,0.10749999999999998,a8eng759,fixed_alpha0.7_german_gender_seed29,FixedAlpha_0.7,29,
3,4,0.705,0.025000000000000022,0.0625,a8eng759,fixed_alpha0.7_german_gender_seed29,FixedAlpha_0.7,29,
4,5,0.705,0.025000000000000022,0.0625,a8eng759,fixed_alpha0.7_german_gender_seed29,FixedAlpha_0.7,29,
5,6,0.715,0.025000000000000022,0.11249999999999999,a8eng759,fixed_alpha0.7_german_gender_seed29,FixedAlpha_0.7,29,
6,7,0.7,0.03499999999999992,0.11749999999999994,a8eng759,fixed_alpha0.7_german_gender_seed29,FixedAlpha_0.7,29,
7,8,0.72,0.02499999999999991,0.08749999999999997,a8eng759,fixed_alpha0.7_german_gender_seed29,FixedAlpha_0.7,29,
8,9,0.705,0.1399999999999999,0.18249999999999994,a8eng759,fixed_alpha0.7_german_gender_seed29,FixedAlpha_0.7,29,
9,10,0.695,0.18000000000000005,0.19000000000000006,a8eng759,fixed_alpha0.7_german_gender_seed29,FixedAlpha_0.7,29,
10,11,0.7,0.19500000000000006,0.1975,a8eng759,fixed_alpha0.7_german_gender_seed29,FixedAlpha_0.7,29,
11,12,0.69,0.16500000000000004,0.16999999999999998,a8eng759,fixed_alpha0.7_german_gender_seed29,FixedAlpha_0.7,29,
12,13,0.685,0.15500000000000003,0.16499999999999998,a8eng759,fixed_alpha0.7_german_gender_seed29,FixedAlpha_0.7,29,
13,14,0.69,0.15500000000000003,0.15249999999999997,a8eng759,fixed_alpha0.7_german_gender_seed29,FixedAlpha_0.7,29,
14,15,0.71,0.07999999999999996,0.10249999999999998,a8eng759,fixed_alpha0.7_german_gender_seed29,FixedAlpha_0.7,29,
15,16,0.71,0.07999999999999996,0.10249999999999998,a8eng759,fixed_alpha0.7_german_gender_seed29,FixedAlpha_0.7,29,
16,17,0.72,0.07999999999999996,0.11499999999999999,a8eng759,fixed_alpha0.7_german_gender_seed29,FixedAlpha_0.7,29,
17,18,0.72,0.07999999999999996,0.07749999999999996,a8eng759,fixed_alpha0.7_german_gender_seed29,FixedAlpha_0.7,29,
18,19,0.71,0.05999999999999994,0.06749999999999995,a8eng759,fixed_alpha0.7_german_gender_seed29,FixedAlpha_0.7,29,
19,20,0.715,0.04999999999999993,0.03749999999999992,a8eng759,fixed_alpha0.7_german_gender_seed29,FixedAlpha_0.7,29,
20,21,0.73,0.04999999999999993,0.04999999999999999,a8eng759,fixed_alpha0.7_german_gender_seed29,FixedAlpha_0.7,29,
21,22,0.735,0.04999999999999993,0.0625,a8eng759,fixed_alpha0.7_german_gender_seed29,FixedAlpha_0.7,29,
22,23,0.72,0.08999999999999997,0.08250000000000002,a8eng759,fixed_alpha0.7_german_gender_seed29,FixedAlpha_0.7,29,
23,24,0.715,0.07999999999999996,0.07750000000000001,a8eng759,fixed_alpha0.7_german_gender_seed29,FixedAlpha_0.7,29,
24,25,0.72,0.05499999999999994,0.065,a8eng759,fixed_alpha0.7_german_gender_seed29,FixedAlpha_0.7,29,
25,26,0.73,0.07499999999999996,0.07500000000000001,a8eng759,fixed_alpha0.7_german_gender_seed29,FixedAlpha_0.7,29,
26,27,0.73,0.07499999999999996,0.07500000000000001,a8eng759,fixed_alpha0.7_german_gender_seed29,FixedAlpha_0.7,29,
27,28,0.73,0.06499999999999995,0.044999999999999984,a8eng759,fixed_alpha0.7_german_gender_seed29,FixedAlpha_0.7,29,
28,29,0.72,0.11499999999999999,0.07,a8eng759,fixed_alpha0.7_german_gender_seed29,FixedAlpha_0.7,29,
29,30,0.71,0.13,0.07750000000000001,a8eng759,fixed_alpha0.7_german_gender_seed29,FixedAlpha_0.7,29,
0,1,0.42,0.11499999999999999,0.15749999999999997,invxi9sh,fixed_alpha0.7_german_gender_seed26,FixedAlpha_0.7,26,
1,2,0.52,0.12,0.14750000000000002,invxi9sh,fixed_alpha0.7_german_gender_seed26,FixedAlpha_0.7,26,
2,3,0.66,0.08999999999999997,0.14499999999999996,invxi9sh,fixed_alpha0.7_german_gender_seed26,FixedAlpha_0.7,26,
3,4,0.665,0.06000000000000005,0.04250000000000004,invxi9sh,fixed_alpha0.7_german_gender_seed26,FixedAlpha_0.7,26,
4,5,0.7,0.04499999999999993,0.034999999999999976,invxi9sh,fixed_alpha0.7_german_gender_seed26,FixedAlpha_0.7,26,
5,6,0.7,0.025000000000000022,0.012500000000000011,invxi9sh,fixed_alpha0.7_german_gender_seed26,FixedAlpha_0.7,26,
6,7,0.705,0.0050000000000000044,0.02749999999999997,invxi9sh,fixed_alpha0.7_german_gender_seed26,FixedAlpha_0.7,26,
7,8,0.715,0.030000000000000027,0.015000000000000013,invxi9sh,fixed_alpha0.7_german_gender_seed26,FixedAlpha_0.7,26,
8,9,0.71,0.040000000000000036,0.020000000000000018,invxi9sh,fixed_alpha0.7_german_gender_seed26,FixedAlpha_0.7,26,
9,10,0.71,0.050000000000000044,0.03750000000000003,invxi9sh,fixed_alpha0.7_german_gender_seed26,FixedAlpha_0.7,26,
10,11,0.715,0.025000000000000022,0.050000000000000044,invxi9sh,fixed_alpha0.7_german_gender_seed26,FixedAlpha_0.7,26,
11,12,0.725,0.0,0.0,invxi9sh,fixed_alpha0.7_german_gender_seed26,FixedAlpha_0.7,26,
12,13,0.74,0.02499999999999991,0.03749999999999998,invxi9sh,fixed_alpha0.7_german_gender_seed26,FixedAlpha_0.7,26,
13,14,0.74,0.020000000000000018,0.06,invxi9sh,fixed_alpha0.7_german_gender_seed26,FixedAlpha_0.7,26,
14,15,0.745,0.04500000000000004,0.04750000000000004,invxi9sh,fixed_alpha0.7_german_gender_seed26,FixedAlpha_0.7,26,
15,16,0.735,0.025000000000000022,0.03750000000000003,invxi9sh,fixed_alpha0.7_german_gender_seed26,FixedAlpha_0.7,26,
16,17,0.74,0.015000000000000013,0.044999999999999984,invxi9sh,fixed_alpha0.7_german_gender_seed26,FixedAlpha_0.7,26,
17,18,0.725,0.020000000000000018,0.04749999999999999,invxi9sh,fixed_alpha0.7_german_gender_seed26,FixedAlpha_0.7,26,
18,19,0.735,0.020000000000000018,0.022499999999999964,invxi9sh,fixed_alpha0.7_german_gender_seed26,FixedAlpha_0.7,26,
19,20,0.735,0.020000000000000018,0.022499999999999964,invxi9sh,fixed_alpha0.7_german_gender_seed26,FixedAlpha_0.7,26,
20,21,0.73,0.04500000000000004,0.034999999999999976,invxi9sh,fixed_alpha0.7_german_gender_seed26,FixedAlpha_0.7,26,
21,22,0.725,0.05999999999999994,0.02999999999999997,invxi9sh,fixed_alpha0.7_german_gender_seed26,FixedAlpha_0.7,26,
22,23,0.72,0.04999999999999993,0.024999999999999967,invxi9sh,fixed_alpha0.7_german_gender_seed26,FixedAlpha_0.7,26,
23,24,0.715,0.039999999999999925,0.019999999999999962,invxi9sh,fixed_alpha0.7_german_gender_seed26,FixedAlpha_0.7,26,
24,25,0.72,0.029999999999999916,0.02749999999999997,invxi9sh,fixed_alpha0.7_german_gender_seed26,FixedAlpha_0.7,26,
25,26,0.72,0.029999999999999916,0.02749999999999997,invxi9sh,fixed_alpha0.7_german_gender_seed26,FixedAlpha_0.7,26,
26,27,0.715,0.010000000000000009,0.0050000000000000044,invxi9sh,fixed_alpha0.7_german_gender_seed26,FixedAlpha_0.7,26,
27,28,0.715,0.010000000000000009,0.0050000000000000044,invxi9sh,fixed_alpha0.7_german_gender_seed26,FixedAlpha_0.7,26,
28,29,0.715,0.010000000000000009,0.0050000000000000044,invxi9sh,fixed_alpha0.7_german_gender_seed26,FixedAlpha_0.7,26,
29,30,0.715,0.010000000000000009,0.0050000000000000044,invxi9sh,fixed_alpha0.7_german_gender_seed26,FixedAlpha_0.7,26,
0,1,0.415,0.040000000000000036,0.12000000000000002,btbuic8k,fixed_alpha0.7_german_gender_seed28,FixedAlpha_0.7,28,
1,2,0.525,0.025000000000000022,0.09999999999999998,btbuic8k,fixed_alpha0.7_german_gender_seed28,FixedAlpha_0.7,28,
2,3,0.595,0.05999999999999994,0.12999999999999995,btbuic8k,fixed_alpha0.7_german_gender_seed28,FixedAlpha_0.7,28,
3,4,0.67,0.04999999999999993,0.11249999999999999,btbuic8k,fixed_alpha0.7_german_gender_seed28,FixedAlpha_0.7,28,
4,5,0.705,0.015000000000000013,0.07,btbuic8k,fixed_alpha0.7_german_gender_seed28,FixedAlpha_0.7,28,
5,6,0.7,0.019999999999999907,0.08499999999999996,btbuic8k,fixed_alpha0.7_german_gender_seed28,FixedAlpha_0.7,28,
6,7,0.705,0.0,0.04999999999999999,btbuic8k,fixed_alpha0.7_german_gender_seed28,FixedAlpha_0.7,28,
7,8,0.695,0.0050000000000000044,0.07750000000000001,btbuic8k,fixed_alpha0.7_german_gender_seed28,FixedAlpha_0.7,28,
8,9,0.69,0.08999999999999997,0.10749999999999998,btbuic8k,fixed_alpha0.7_german_gender_seed28,FixedAlpha_0.7,28,
9,10,0.695,0.08000000000000007,0.15250000000000002,btbuic8k,fixed_alpha0.7_german_gender_seed28,FixedAlpha_0.7,28,
10,11,0.705,0.1050000000000001,0.16500000000000004,btbuic8k,fixed_alpha0.7_german_gender_seed28,FixedAlpha_0.7,28,
11,12,0.725,0.09500000000000008,0.17250000000000004,btbuic8k,fixed_alpha0.7_german_gender_seed28,FixedAlpha_0.7,28,
12,13,0.74,0.09500000000000008,0.17250000000000001,btbuic8k,fixed_alpha0.7_german_gender_seed28,FixedAlpha_0.7,28,
13,14,0.745,0.08500000000000008,0.18000000000000005,btbuic8k,fixed_alpha0.7_german_gender_seed28,FixedAlpha_0.7,28,
14,15,0.765,0.07500000000000007,0.15000000000000002,btbuic8k,fixed_alpha0.7_german_gender_seed28,FixedAlpha_0.7,28,
15,16,0.775,0.07500000000000007,0.16250000000000006,btbuic8k,fixed_alpha0.7_german_gender_seed28,FixedAlpha_0.7,28,
16,17,0.77,0.06500000000000006,0.15750000000000006,btbuic8k,fixed_alpha0.7_german_gender_seed28,FixedAlpha_0.7,28,
17,18,0.765,0.09999999999999998,0.11249999999999999,btbuic8k,fixed_alpha0.7_german_gender_seed28,FixedAlpha_0.7,28,
18,19,0.765,0.09999999999999998,0.11249999999999999,btbuic8k,fixed_alpha0.7_german_gender_seed28,FixedAlpha_0.7,28,
19,20,0.765,0.10999999999999999,0.0925,btbuic8k,fixed_alpha0.7_german_gender_seed28,FixedAlpha_0.7,28,
20,21,0.765,0.15500000000000003,0.12750000000000003,btbuic8k,fixed_alpha0.7_german_gender_seed28,FixedAlpha_0.7,28,
21,22,0.755,0.135,0.11750000000000002,btbuic8k,fixed_alpha0.7_german_gender_seed28,FixedAlpha_0.7,28,
22,23,0.755,0.135,0.11750000000000002,btbuic8k,fixed_alpha0.7_german_gender_seed28,FixedAlpha_0.7,28,
23,24,0.75,0.125,0.11250000000000002,btbuic8k,fixed_alpha0.7_german_gender_seed28,FixedAlpha_0.7,28,
24,25,0.75,0.125,0.11250000000000002,btbuic8k,fixed_alpha0.7_german_gender_seed28,FixedAlpha_0.7,28,
25,26,0.75,0.11499999999999999,0.095,btbuic8k,fixed_alpha0.7_german_gender_seed28,FixedAlpha_0.7,28,
26,27,0.745,0.10499999999999998,0.09,btbuic8k,fixed_alpha0.7_german_gender_seed28,FixedAlpha_0.7,28,
27,28,0.745,0.10499999999999998,0.09,btbuic8k,fixed_alpha0.7_german_gender_seed28,FixedAlpha_0.7,28,
28,29,0.75,0.10499999999999998,0.07749999999999999,btbuic8k,fixed_alpha0.7_german_gender_seed28,FixedAlpha_0.7,28,
29,30,0.75,0.10499999999999998,0.07749999999999999,btbuic8k,fixed_alpha0.7_german_gender_seed28,FixedAlpha_0.7,28,
0,1,0.675,0.06499999999999995,0.044999999999999984,ocga1p81,fixed_alpha1_german_gender_seed0,FixedAlpha_1,0,
1,2,0.69,0.025000000000000022,0.03749999999999998,ocga1p81,fixed_alpha1_german_gender_seed0,FixedAlpha_1,0,
2,3,0.7,0.040000000000000036,0.044999999999999984,ocga1p81,fixed_alpha1_german_gender_seed0,FixedAlpha_1,0,
3,4,0.7,0.030000000000000027,0.05249999999999999,ocga1p81,fixed_alpha1_german_gender_seed0,FixedAlpha_1,0,
4,5,0.7,0.040000000000000036,0.044999999999999984,ocga1p81,fixed_alpha1_german_gender_seed0,FixedAlpha_1,0,
5,6,0.705,0.050000000000000044,0.06250000000000006,ocga1p81,fixed_alpha1_german_gender_seed0,FixedAlpha_1,0,
6,7,0.71,0.025000000000000022,0.10000000000000003,ocga1p81,fixed_alpha1_german_gender_seed0,FixedAlpha_1,0,
7,8,0.705,0.0050000000000000044,0.09000000000000002,ocga1p81,fixed_alpha1_german_gender_seed0,FixedAlpha_1,0,
8,9,0.71,0.05500000000000005,0.07750000000000007,ocga1p81,fixed_alpha1_german_gender_seed0,FixedAlpha_1,0,
9,10,0.735,0.05500000000000005,0.09000000000000002,ocga1p81,fixed_alpha1_german_gender_seed0,FixedAlpha_1,0,
10,11,0.74,0.05500000000000005,0.11499999999999999,ocga1p81,fixed_alpha1_german_gender_seed0,FixedAlpha_1,0,
11,12,0.73,0.08500000000000008,0.10500000000000004,ocga1p81,fixed_alpha1_german_gender_seed0,FixedAlpha_1,0,
12,13,0.725,0.07500000000000007,0.10000000000000003,ocga1p81,fixed_alpha1_german_gender_seed0,FixedAlpha_1,0,
13,14,0.73,0.07500000000000007,0.12500000000000006,ocga1p81,fixed_alpha1_german_gender_seed0,FixedAlpha_1,0,
14,15,0.74,0.07500000000000007,0.10000000000000003,ocga1p81,fixed_alpha1_german_gender_seed0,FixedAlpha_1,0,
15,16,0.75,0.07500000000000007,0.11250000000000002,ocga1p81,fixed_alpha1_german_gender_seed0,FixedAlpha_1,0,
16,17,0.745,0.08999999999999997,0.10749999999999996,ocga1p81,fixed_alpha1_german_gender_seed0,FixedAlpha_1,0,
17,18,0.745,0.08999999999999997,0.10749999999999996,ocga1p81,fixed_alpha1_german_gender_seed0,FixedAlpha_1,0,
18,19,0.73,0.09499999999999997,0.10999999999999996,ocga1p81,fixed_alpha1_german_gender_seed0,FixedAlpha_1,0,
19,20,0.725,0.12,0.12249999999999997,ocga1p81,fixed_alpha1_german_gender_seed0,FixedAlpha_1,0,
20,21,0.715,0.135,0.12999999999999998,ocga1p81,fixed_alpha1_german_gender_seed0,FixedAlpha_1,0,
21,22,0.715,0.135,0.12999999999999998,ocga1p81,fixed_alpha1_german_gender_seed0,FixedAlpha_1,0,
22,23,0.725,0.135,0.10500000000000001,ocga1p81,fixed_alpha1_german_gender_seed0,FixedAlpha_1,0,
23,24,0.725,0.135,0.10500000000000001,ocga1p81,fixed_alpha1_german_gender_seed0,FixedAlpha_1,0,
24,25,0.73,0.135,0.0925,ocga1p81,fixed_alpha1_german_gender_seed0,FixedAlpha_1,0,
25,26,0.73,0.135,0.0925,ocga1p81,fixed_alpha1_german_gender_seed0,FixedAlpha_1,0,
26,27,0.725,0.125,0.0875,ocga1p81,fixed_alpha1_german_gender_seed0,FixedAlpha_1,0,
27,28,0.73,0.09999999999999998,0.07499999999999998,ocga1p81,fixed_alpha1_german_gender_seed0,FixedAlpha_1,0,
28,29,0.735,0.09999999999999998,0.06249999999999997,ocga1p81,fixed_alpha1_german_gender_seed0,FixedAlpha_1,0,
29,30,0.735,0.09999999999999998,0.06249999999999997,ocga1p81,fixed_alpha1_german_gender_seed0,FixedAlpha_1,0,
0,1,0.565,0.125,0.09999999999999998,50u9v5bt,fixed_alpha1_german_gender_seed1,FixedAlpha_1,1,
1,2,0.635,0.015000000000000013,0.020000000000000018,50u9v5bt,fixed_alpha1_german_gender_seed1,FixedAlpha_1,1,
2,3,0.645,0.04500000000000004,0.02250000000000002,50u9v5bt,fixed_alpha1_german_gender_seed1,FixedAlpha_1,1,
3,4,0.665,0.06000000000000005,0.04250000000000004,50u9v5bt,fixed_alpha1_german_gender_seed1,FixedAlpha_1,1,
4,5,0.67,0.03500000000000003,0.030000000000000027,50u9v5bt,fixed_alpha1_german_gender_seed1,FixedAlpha_1,1,
5,6,0.675,0.025000000000000022,0.03749999999999998,50u9v5bt,fixed_alpha1_german_gender_seed1,FixedAlpha_1,1,
6,7,0.69,0.015000000000000013,0.05750000000000005,50u9v5bt,fixed_alpha1_german_gender_seed1,FixedAlpha_1,1,
7,8,0.705,0.040000000000000036,0.020000000000000018,50u9v5bt,fixed_alpha1_german_gender_seed1,FixedAlpha_1,1,
8,9,0.7,0.07999999999999996,0.05249999999999999,50u9v5bt,fixed_alpha1_german_gender_seed1,FixedAlpha_1,1,
9,10,0.71,0.05999999999999994,0.02999999999999997,50u9v5bt,fixed_alpha1_german_gender_seed1,FixedAlpha_1,1,
10,11,0.725,0.025000000000000022,0.012500000000000011,50u9v5bt,fixed_alpha1_german_gender_seed1,FixedAlpha_1,1,
11,12,0.735,0.04999999999999993,0.024999999999999967,50u9v5bt,fixed_alpha1_german_gender_seed1,FixedAlpha_1,1,
12,13,0.735,0.04999999999999993,0.024999999999999967,50u9v5bt,fixed_alpha1_german_gender_seed1,FixedAlpha_1,1,
13,14,0.735,0.05999999999999994,0.04249999999999998,50u9v5bt,fixed_alpha1_german_gender_seed1,FixedAlpha_1,1,
14,15,0.74,0.06999999999999995,0.04749999999999999,50u9v5bt,fixed_alpha1_german_gender_seed1,FixedAlpha_1,1,
15,16,0.745,0.06999999999999995,0.034999999999999976,50u9v5bt,fixed_alpha1_german_gender_seed1,FixedAlpha_1,1,
16,17,0.735,0.04999999999999993,0.024999999999999967,50u9v5bt,fixed_alpha1_german_gender_seed1,FixedAlpha_1,1,
17,18,0.74,0.05999999999999994,0.02999999999999997,50u9v5bt,fixed_alpha1_german_gender_seed1,FixedAlpha_1,1,
18,19,0.74,0.04999999999999993,0.04999999999999996,50u9v5bt,fixed_alpha1_german_gender_seed1,FixedAlpha_1,1,
19,20,0.735,0.039999999999999925,0.04499999999999996,50u9v5bt,fixed_alpha1_german_gender_seed1,FixedAlpha_1,1,
20,21,0.725,0.029999999999999916,0.014999999999999958,50u9v5bt,fixed_alpha1_german_gender_seed1,FixedAlpha_1,1,
21,22,0.715,0.07999999999999996,0.03999999999999998,50u9v5bt,fixed_alpha1_german_gender_seed1,FixedAlpha_1,1,
22,23,0.715,0.07999999999999996,0.03999999999999998,50u9v5bt,fixed_alpha1_german_gender_seed1,FixedAlpha_1,1,
23,24,0.715,0.07999999999999996,0.03999999999999998,50u9v5bt,fixed_alpha1_german_gender_seed1,FixedAlpha_1,1,
24,25,0.715,0.07999999999999996,0.03999999999999998,50u9v5bt,fixed_alpha1_german_gender_seed1,FixedAlpha_1,1,
25,26,0.72,0.07999999999999996,0.05249999999999999,50u9v5bt,fixed_alpha1_german_gender_seed1,FixedAlpha_1,1,
26,27,0.72,0.07999999999999996,0.05249999999999999,50u9v5bt,fixed_alpha1_german_gender_seed1,FixedAlpha_1,1,
27,28,0.72,0.07999999999999996,0.05249999999999999,50u9v5bt,fixed_alpha1_german_gender_seed1,FixedAlpha_1,1,
28,29,0.72,0.10499999999999998,0.07749999999999999,50u9v5bt,fixed_alpha1_german_gender_seed1,FixedAlpha_1,1,
29,30,0.725,0.11499999999999999,0.08249999999999999,50u9v5bt,fixed_alpha1_german_gender_seed1,FixedAlpha_1,1,
0,1,0.695,0.08999999999999997,0.14499999999999996,3texzdfr,fixed_alpha1_german_gender_seed5,FixedAlpha_1,5,
1,2,0.7,0.06999999999999995,0.1225,3texzdfr,fixed_alpha1_german_gender_seed5,FixedAlpha_1,5,
2,3,0.695,0.07999999999999996,0.1275,3texzdfr,fixed_alpha1_german_gender_seed5,FixedAlpha_1,5,
3,4,0.695,0.06999999999999995,0.10999999999999999,3texzdfr,fixed_alpha1_german_gender_seed5,FixedAlpha_1,5,
4,5,0.72,0.050000000000000044,0.1375,3texzdfr,fixed_alpha1_german_gender_seed5,FixedAlpha_1,5,
5,6,0.735,0.025000000000000022,0.0625,3texzdfr,fixed_alpha1_german_gender_seed5,FixedAlpha_1,5,
6,7,0.725,0.0050000000000000044,0.040000000000000036,3texzdfr,fixed_alpha1_german_gender_seed5,FixedAlpha_1,5,
7,8,0.735,0.0050000000000000044,0.07750000000000001,3texzdfr,fixed_alpha1_german_gender_seed5,FixedAlpha_1,5,
8,9,0.745,0.010000000000000009,0.13,3texzdfr,fixed_alpha1_german_gender_seed5,FixedAlpha_1,5,
9,10,0.75,0.015000000000000013,0.10749999999999998,3texzdfr,fixed_alpha1_german_gender_seed5,FixedAlpha_1,5,
10,11,0.75,0.0050000000000000044,0.07750000000000001,3texzdfr,fixed_alpha1_german_gender_seed5,FixedAlpha_1,5,
11,12,0.74,0.020000000000000018,0.08500000000000002,3texzdfr,fixed_alpha1_german_gender_seed5,FixedAlpha_1,5,
12,13,0.74,0.05500000000000005,0.10250000000000004,3texzdfr,fixed_alpha1_german_gender_seed5,FixedAlpha_1,5,
13,14,0.74,0.030000000000000027,0.07750000000000001,3texzdfr,fixed_alpha1_german_gender_seed5,FixedAlpha_1,5,
14,15,0.73,0.07999999999999996,0.10249999999999998,3texzdfr,fixed_alpha1_german_gender_seed5,FixedAlpha_1,5,
15,16,0.735,0.10499999999999998,0.10249999999999998,3texzdfr,fixed_alpha1_german_gender_seed5,FixedAlpha_1,5,
16,17,0.745,0.10499999999999998,0.09000000000000002,3texzdfr,fixed_alpha1_german_gender_seed5,FixedAlpha_1,5,
17,18,0.74,0.13,0.10250000000000004,3texzdfr,fixed_alpha1_german_gender_seed5,FixedAlpha_1,5,
18,19,0.745,0.13,0.11500000000000002,3texzdfr,fixed_alpha1_german_gender_seed5,FixedAlpha_1,5,
19,20,0.74,0.12,0.11000000000000001,3texzdfr,fixed_alpha1_german_gender_seed5,FixedAlpha_1,5,
20,21,0.74,0.10999999999999999,0.11750000000000002,3texzdfr,fixed_alpha1_german_gender_seed5,FixedAlpha_1,5,
21,22,0.745,0.12,0.12250000000000003,3texzdfr,fixed_alpha1_german_gender_seed5,FixedAlpha_1,5,
22,23,0.74,0.12,0.11000000000000001,3texzdfr,fixed_alpha1_german_gender_seed5,FixedAlpha_1,5,
23,24,0.73,0.14500000000000002,0.11000000000000004,3texzdfr,fixed_alpha1_german_gender_seed5,FixedAlpha_1,5,
24,25,0.73,0.14500000000000002,0.11000000000000004,3texzdfr,fixed_alpha1_german_gender_seed5,FixedAlpha_1,5,
25,26,0.73,0.14500000000000002,0.11000000000000004,3texzdfr,fixed_alpha1_german_gender_seed5,FixedAlpha_1,5,
26,27,0.725,0.135,0.10500000000000004,3texzdfr,fixed_alpha1_german_gender_seed5,FixedAlpha_1,5,
27,28,0.715,0.11499999999999999,0.09500000000000003,3texzdfr,fixed_alpha1_german_gender_seed5,FixedAlpha_1,5,
28,29,0.72,0.11499999999999999,0.10750000000000001,3texzdfr,fixed_alpha1_german_gender_seed5,FixedAlpha_1,5,
29,30,0.715,0.14,0.12000000000000002,3texzdfr,fixed_alpha1_german_gender_seed5,FixedAlpha_1,5,
0,1,0.54,0.09500000000000008,0.08500000000000002,6izbm4an,fixed_alpha1_german_gender_seed3,FixedAlpha_1,3,
1,2,0.66,0.050000000000000044,0.050000000000000044,6izbm4an,fixed_alpha1_german_gender_seed3,FixedAlpha_1,3,
2,3,0.685,0.03499999999999992,0.029999999999999916,6izbm4an,fixed_alpha1_german_gender_seed3,FixedAlpha_1,3,
3,4,0.675,0.03499999999999992,0.04249999999999998,6izbm4an,fixed_alpha1_german_gender_seed3,FixedAlpha_1,3,
4,5,0.685,0.010000000000000009,0.04249999999999998,6izbm4an,fixed_alpha1_german_gender_seed3,FixedAlpha_1,3,
5,6,0.685,0.03499999999999992,0.029999999999999916,6izbm4an,fixed_alpha1_german_gender_seed3,FixedAlpha_1,3,
6,7,0.695,0.03499999999999992,0.05499999999999994,6izbm4an,fixed_alpha1_german_gender_seed3,FixedAlpha_1,3,
7,8,0.705,0.02499999999999991,0.012499999999999956,6izbm4an,fixed_alpha1_german_gender_seed3,FixedAlpha_1,3,
8,9,0.705,0.039999999999999925,0.06999999999999995,6izbm4an,fixed_alpha1_german_gender_seed3,FixedAlpha_1,3,
9,10,0.71,0.06000000000000005,0.08000000000000002,6izbm4an,fixed_alpha1_german_gender_seed3,FixedAlpha_1,3,
10,11,0.705,0.040000000000000036,0.057499999999999996,6izbm4an,fixed_alpha1_german_gender_seed3,FixedAlpha_1,3,
11,12,0.705,0.08999999999999997,0.057499999999999996,6izbm4an,fixed_alpha1_german_gender_seed3,FixedAlpha_1,3,
12,13,0.695,0.09499999999999997,0.04749999999999999,6izbm4an,fixed_alpha1_german_gender_seed3,FixedAlpha_1,3,
13,14,0.7,0.09499999999999997,0.06,6izbm4an,fixed_alpha1_german_gender_seed3,FixedAlpha_1,3,
14,15,0.715,0.10499999999999998,0.05249999999999999,6izbm4an,fixed_alpha1_german_gender_seed3,FixedAlpha_1,3,
15,16,0.72,0.10499999999999998,0.065,6izbm4an,fixed_alpha1_german_gender_seed3,FixedAlpha_1,3,
16,17,0.72,0.10499999999999998,0.065,6izbm4an,fixed_alpha1_german_gender_seed3,FixedAlpha_1,3,
17,18,0.715,0.09499999999999997,0.06,6izbm4an,fixed_alpha1_german_gender_seed3,FixedAlpha_1,3,
18,19,0.72,0.09499999999999997,0.07249999999999995,6izbm4an,fixed_alpha1_german_gender_seed3,FixedAlpha_1,3,
19,20,0.715,0.09999999999999998,0.09999999999999998,6izbm4an,fixed_alpha1_german_gender_seed3,FixedAlpha_1,3,
20,21,0.715,0.09999999999999998,0.09999999999999998,6izbm4an,fixed_alpha1_german_gender_seed3,FixedAlpha_1,3,
21,22,0.7,0.09499999999999997,0.10999999999999999,6izbm4an,fixed_alpha1_german_gender_seed3,FixedAlpha_1,3,
22,23,0.715,0.09499999999999997,0.11000000000000001,6izbm4an,fixed_alpha1_german_gender_seed3,FixedAlpha_1,3,
23,24,0.71,0.09499999999999997,0.0975,6izbm4an,fixed_alpha1_german_gender_seed3,FixedAlpha_1,3,
24,25,0.72,0.07999999999999996,0.09,6izbm4an,fixed_alpha1_german_gender_seed3,FixedAlpha_1,3,
25,26,0.72,0.07999999999999996,0.09,6izbm4an,fixed_alpha1_german_gender_seed3,FixedAlpha_1,3,
26,27,0.725,0.10499999999999998,0.09,6izbm4an,fixed_alpha1_german_gender_seed3,FixedAlpha_1,3,
27,28,0.72,0.09499999999999997,0.08499999999999999,6izbm4an,fixed_alpha1_german_gender_seed3,FixedAlpha_1,3,
28,29,0.725,0.06999999999999995,0.07249999999999998,6izbm4an,fixed_alpha1_german_gender_seed3,FixedAlpha_1,3,
29,30,0.725,0.06999999999999995,0.07249999999999998,6izbm4an,fixed_alpha1_german_gender_seed3,FixedAlpha_1,3,
0,1,0.57,0.03500000000000003,0.08000000000000002,rk2smhzj,fixed_alpha1_german_gender_seed2,FixedAlpha_1,2,
1,2,0.635,0.04499999999999993,0.07250000000000001,rk2smhzj,fixed_alpha1_german_gender_seed2,FixedAlpha_1,2,
2,3,0.69,0.039999999999999925,0.03249999999999997,rk2smhzj,fixed_alpha1_german_gender_seed2,FixedAlpha_1,2,
3,4,0.7,0.06999999999999995,0.04749999999999999,rk2smhzj,fixed_alpha1_german_gender_seed2,FixedAlpha_1,2,
4,5,0.715,0.040000000000000036,0.020000000000000018,rk2smhzj,fixed_alpha1_german_gender_seed2,FixedAlpha_1,2,
5,6,0.715,0.015000000000000013,0.03249999999999997,rk2smhzj,fixed_alpha1_german_gender_seed2,FixedAlpha_1,2,
6,7,0.73,0.010000000000000009,0.030000000000000027,rk2smhzj,fixed_alpha1_german_gender_seed2,FixedAlpha_1,2,
7,8,0.72,0.040000000000000036,0.04500000000000004,rk2smhzj,fixed_alpha1_german_gender_seed2,FixedAlpha_1,2,
8,9,0.725,0.030000000000000027,0.015000000000000013,rk2smhzj,fixed_alpha1_german_gender_seed2,FixedAlpha_1,2,
9,10,0.74,0.020000000000000018,0.03500000000000003,rk2smhzj,fixed_alpha1_german_gender_seed2,FixedAlpha_1,2,
10,11,0.73,0.030000000000000027,0.027500000000000024,rk2smhzj,fixed_alpha1_german_gender_seed2,FixedAlpha_1,2,
11,12,0.735,0.030000000000000027,0.015000000000000013,rk2smhzj,fixed_alpha1_german_gender_seed2,FixedAlpha_1,2,
12,13,0.73,0.1050000000000001,0.06500000000000006,rk2smhzj,fixed_alpha1_german_gender_seed2,FixedAlpha_1,2,
13,14,0.735,0.10999999999999999,0.09250000000000003,rk2smhzj,fixed_alpha1_german_gender_seed2,FixedAlpha_1,2,
14,15,0.72,0.07999999999999996,0.07750000000000001,rk2smhzj,fixed_alpha1_german_gender_seed2,FixedAlpha_1,2,
15,16,0.72,0.09499999999999997,0.07249999999999995,rk2smhzj,fixed_alpha1_german_gender_seed2,FixedAlpha_1,2,
16,17,0.715,0.08499999999999996,0.06749999999999995,rk2smhzj,fixed_alpha1_german_gender_seed2,FixedAlpha_1,2,
17,18,0.715,0.08499999999999996,0.06749999999999995,rk2smhzj,fixed_alpha1_german_gender_seed2,FixedAlpha_1,2,
18,19,0.72,0.08499999999999996,0.04249999999999998,rk2smhzj,fixed_alpha1_german_gender_seed2,FixedAlpha_1,2,
19,20,0.735,0.07499999999999996,0.0875,rk2smhzj,fixed_alpha1_german_gender_seed2,FixedAlpha_1,2,
20,21,0.74,0.08499999999999996,0.0925,rk2smhzj,fixed_alpha1_german_gender_seed2,FixedAlpha_1,2,
21,22,0.74,0.08499999999999996,0.0925,rk2smhzj,fixed_alpha1_german_gender_seed2,FixedAlpha_1,2,
22,23,0.74,0.08499999999999996,0.0925,rk2smhzj,fixed_alpha1_german_gender_seed2,FixedAlpha_1,2,
23,24,0.74,0.08499999999999996,0.0925,rk2smhzj,fixed_alpha1_german_gender_seed2,FixedAlpha_1,2,
24,25,0.74,0.07499999999999996,0.1,rk2smhzj,fixed_alpha1_german_gender_seed2,FixedAlpha_1,2,
25,26,0.735,0.06499999999999995,0.095,rk2smhzj,fixed_alpha1_german_gender_seed2,FixedAlpha_1,2,
26,27,0.735,0.06499999999999995,0.095,rk2smhzj,fixed_alpha1_german_gender_seed2,FixedAlpha_1,2,
27,28,0.73,0.08999999999999997,0.10750000000000001,rk2smhzj,fixed_alpha1_german_gender_seed2,FixedAlpha_1,2,
28,29,0.73,0.08999999999999997,0.10750000000000001,rk2smhzj,fixed_alpha1_german_gender_seed2,FixedAlpha_1,2,
29,30,0.725,0.07999999999999996,0.10250000000000001,rk2smhzj,fixed_alpha1_german_gender_seed2,FixedAlpha_1,2,
0,1,0.5,0.10499999999999998,0.1775,vbht03w3,fixed_alpha1_german_gender_seed4,FixedAlpha_1,4,
1,2,0.605,0.04500000000000004,0.16,vbht03w3,fixed_alpha1_german_gender_seed4,FixedAlpha_1,4,
2,3,0.68,0.039999999999999925,0.13249999999999995,vbht03w3,fixed_alpha1_german_gender_seed4,FixedAlpha_1,4,
3,4,0.68,0.07499999999999996,0.07499999999999996,vbht03w3,fixed_alpha1_german_gender_seed4,FixedAlpha_1,4,
4,5,0.705,0.030000000000000027,0.03999999999999998,vbht03w3,fixed_alpha1_german_gender_seed4,FixedAlpha_1,4,
5,6,0.71,0.025000000000000022,0.012500000000000011,vbht03w3,fixed_alpha1_german_gender_seed4,FixedAlpha_1,4,
6,7,0.71,0.025000000000000022,0.012500000000000011,vbht03w3,fixed_alpha1_german_gender_seed4,FixedAlpha_1,4,
7,8,0.72,0.025000000000000022,0.03749999999999998,vbht03w3,fixed_alpha1_german_gender_seed4,FixedAlpha_1,4,
8,9,0.73,0.025000000000000022,0.025000000000000022,vbht03w3,fixed_alpha1_german_gender_seed4,FixedAlpha_1,4,
9,10,0.74,0.050000000000000044,0.04999999999999999,vbht03w3,fixed_alpha1_german_gender_seed4,FixedAlpha_1,4,
10,11,0.735,0.07499999999999996,0.062499999999999944,vbht03w3,fixed_alpha1_german_gender_seed4,FixedAlpha_1,4,
11,12,0.74,0.08999999999999997,0.07,vbht03w3,fixed_alpha1_german_gender_seed4,FixedAlpha_1,4,
12,13,0.75,0.12,0.08499999999999996,vbht03w3,fixed_alpha1_german_gender_seed4,FixedAlpha_1,4,
13,14,0.74,0.09500000000000008,0.06000000000000005,vbht03w3,fixed_alpha1_german_gender_seed4,FixedAlpha_1,4,
14,15,0.74,0.08500000000000008,0.04250000000000004,vbht03w3,fixed_alpha1_german_gender_seed4,FixedAlpha_1,4,
15,16,0.74,0.07500000000000007,0.050000000000000044,vbht03w3,fixed_alpha1_german_gender_seed4,FixedAlpha_1,4,
16,17,0.74,0.07500000000000007,0.050000000000000044,vbht03w3,fixed_alpha1_german_gender_seed4,FixedAlpha_1,4,
17,18,0.745,0.07500000000000007,0.04999999999999999,vbht03w3,fixed_alpha1_german_gender_seed4,FixedAlpha_1,4,
18,19,0.745,0.07500000000000007,0.04999999999999999,vbht03w3,fixed_alpha1_german_gender_seed4,FixedAlpha_1,4,
19,20,0.74,0.05500000000000005,0.027500000000000024,vbht03w3,fixed_alpha1_german_gender_seed4,FixedAlpha_1,4,
20,21,0.74,0.05500000000000005,0.027500000000000024,vbht03w3,fixed_alpha1_german_gender_seed4,FixedAlpha_1,4,
21,22,0.735,0.07999999999999996,0.03999999999999998,vbht03w3,fixed_alpha1_german_gender_seed4,FixedAlpha_1,4,
22,23,0.75,0.07999999999999996,0.03999999999999998,vbht03w3,fixed_alpha1_german_gender_seed4,FixedAlpha_1,4,
23,24,0.75,0.07999999999999996,0.03999999999999998,vbht03w3,fixed_alpha1_german_gender_seed4,FixedAlpha_1,4,
24,25,0.755,0.07999999999999996,0.05249999999999999,vbht03w3,fixed_alpha1_german_gender_seed4,FixedAlpha_1,4,
25,26,0.75,0.06999999999999995,0.04749999999999999,vbht03w3,fixed_alpha1_german_gender_seed4,FixedAlpha_1,4,
26,27,0.75,0.05999999999999994,0.042499999999999954,vbht03w3,fixed_alpha1_german_gender_seed4,FixedAlpha_1,4,
27,28,0.755,0.05999999999999994,0.02999999999999997,vbht03w3,fixed_alpha1_german_gender_seed4,FixedAlpha_1,4,
28,29,0.755,0.05999999999999994,0.02999999999999997,vbht03w3,fixed_alpha1_german_gender_seed4,FixedAlpha_1,4,
29,30,0.75,0.04999999999999993,0.024999999999999967,vbht03w3,fixed_alpha1_german_gender_seed4,FixedAlpha_1,4,
0,1,0.375,0.18999999999999997,0.13249999999999998,fshtjj11,fixed_alpha1_german_gender_seed6,FixedAlpha_1,6,
1,2,0.49,0.14499999999999996,0.135,fshtjj11,fixed_alpha1_german_gender_seed6,FixedAlpha_1,6,
2,3,0.585,0.03500000000000003,0.0675,fshtjj11,fixed_alpha1_german_gender_seed6,FixedAlpha_1,6,
3,4,0.635,0.08500000000000008,0.08000000000000002,fshtjj11,fixed_alpha1_german_gender_seed6,FixedAlpha_1,6,
4,5,0.665,0.0050000000000000044,0.0025000000000000022,fshtjj11,fixed_alpha1_german_gender_seed6,FixedAlpha_1,6,
5,6,0.69,0.05499999999999994,0.02749999999999997,fshtjj11,fixed_alpha1_german_gender_seed6,FixedAlpha_1,6,
6,7,0.7,0.040000000000000036,0.020000000000000018,fshtjj11,fixed_alpha1_german_gender_seed6,FixedAlpha_1,6,
7,8,0.7,0.015000000000000013,0.020000000000000018,fshtjj11,fixed_alpha1_german_gender_seed6,FixedAlpha_1,6,
8,9,0.695,0.040000000000000036,0.03250000000000003,fshtjj11,fixed_alpha1_german_gender_seed6,FixedAlpha_1,6,
9,10,0.69,0.030000000000000027,0.027500000000000024,fshtjj11,fixed_alpha1_german_gender_seed6,FixedAlpha_1,6,
10,11,0.695,0.030000000000000027,0.05249999999999999,fshtjj11,fixed_alpha1_german_gender_seed6,FixedAlpha_1,6,
11,12,0.69,0.06999999999999995,0.04749999999999999,fshtjj11,fixed_alpha1_german_gender_seed6,FixedAlpha_1,6,
12,13,0.705,0.12,0.1225,fshtjj11,fixed_alpha1_german_gender_seed6,FixedAlpha_1,6,
13,14,0.705,0.08999999999999997,0.07,fshtjj11,fixed_alpha1_german_gender_seed6,FixedAlpha_1,6,
14,15,0.7,0.06000000000000005,0.030000000000000027,fshtjj11,fixed_alpha1_german_gender_seed6,FixedAlpha_1,6,
15,16,0.705,0.050000000000000044,0.03750000000000003,fshtjj11,fixed_alpha1_german_gender_seed6,FixedAlpha_1,6,
16,17,0.705,0.030000000000000027,0.02749999999999997,fshtjj11,fixed_alpha1_german_gender_seed6,FixedAlpha_1,6,
17,18,0.71,0.030000000000000027,0.03999999999999998,fshtjj11,fixed_alpha1_german_gender_seed6,FixedAlpha_1,6,
18,19,0.71,0.05500000000000005,0.065,fshtjj11,fixed_alpha1_german_gender_seed6,FixedAlpha_1,6,
19,20,0.715,0.05500000000000005,0.07750000000000001,fshtjj11,fixed_alpha1_german_gender_seed6,FixedAlpha_1,6,
20,21,0.725,0.05500000000000005,0.06500000000000006,fshtjj11,fixed_alpha1_german_gender_seed6,FixedAlpha_1,6,
21,22,0.72,0.04500000000000004,0.02250000000000002,fshtjj11,fixed_alpha1_german_gender_seed6,FixedAlpha_1,6,
22,23,0.73,0.04500000000000004,0.04749999999999999,fshtjj11,fixed_alpha1_german_gender_seed6,FixedAlpha_1,6,
23,24,0.725,0.06999999999999995,0.05999999999999994,fshtjj11,fixed_alpha1_german_gender_seed6,FixedAlpha_1,6,
24,25,0.72,0.09499999999999997,0.07249999999999995,fshtjj11,fixed_alpha1_german_gender_seed6,FixedAlpha_1,6,
25,26,0.715,0.07499999999999996,0.07499999999999996,fshtjj11,fixed_alpha1_german_gender_seed6,FixedAlpha_1,6,
26,27,0.72,0.09999999999999998,0.11249999999999999,fshtjj11,fixed_alpha1_german_gender_seed6,FixedAlpha_1,6,
27,28,0.72,0.09999999999999998,0.11249999999999999,fshtjj11,fixed_alpha1_german_gender_seed6,FixedAlpha_1,6,
28,29,0.715,0.08999999999999997,0.10749999999999998,fshtjj11,fixed_alpha1_german_gender_seed6,FixedAlpha_1,6,
29,30,0.71,0.10499999999999998,0.09000000000000002,fshtjj11,fixed_alpha1_german_gender_seed6,FixedAlpha_1,6,
0,1,0.63,0.019999999999999907,0.009999999999999953,xeuontza,fixed_alpha1_german_gender_seed7,FixedAlpha_1,7,
1,2,0.685,0.09499999999999997,0.06,xeuontza,fixed_alpha1_german_gender_seed7,FixedAlpha_1,7,
2,3,0.705,0.010000000000000009,0.030000000000000027,xeuontza,fixed_alpha1_german_gender_seed7,FixedAlpha_1,7,
3,4,0.71,0.0,0.025000000000000022,xeuontza,fixed_alpha1_german_gender_seed7,FixedAlpha_1,7,
4,5,0.71,0.025000000000000022,0.04999999999999999,xeuontza,fixed_alpha1_german_gender_seed7,FixedAlpha_1,7,
5,6,0.72,0.025000000000000022,0.07500000000000001,xeuontza,fixed_alpha1_german_gender_seed7,FixedAlpha_1,7,
6,7,0.735,0.050000000000000044,0.06250000000000006,xeuontza,fixed_alpha1_german_gender_seed7,FixedAlpha_1,7,
7,8,0.73,0.07999999999999996,0.03999999999999998,xeuontza,fixed_alpha1_german_gender_seed7,FixedAlpha_1,7,
8,9,0.73,0.07499999999999996,0.08750000000000002,xeuontza,fixed_alpha1_german_gender_seed7,FixedAlpha_1,7,
9,10,0.735,0.06499999999999995,0.10749999999999998,xeuontza,fixed_alpha1_german_gender_seed7,FixedAlpha_1,7,
10,11,0.735,0.050000000000000044,0.08750000000000002,xeuontza,fixed_alpha1_german_gender_seed7,FixedAlpha_1,7,
11,12,0.72,0.07999999999999996,0.11499999999999994,xeuontza,fixed_alpha1_german_gender_seed7,FixedAlpha_1,7,
12,13,0.72,0.07999999999999996,0.11499999999999994,xeuontza,fixed_alpha1_german_gender_seed7,FixedAlpha_1,7,
13,14,0.715,0.06999999999999995,0.10999999999999993,xeuontza,fixed_alpha1_german_gender_seed7,FixedAlpha_1,7,
14,15,0.71,0.09499999999999997,0.12249999999999994,xeuontza,fixed_alpha1_german_gender_seed7,FixedAlpha_1,7,
15,16,0.725,0.10499999999999998,0.11499999999999999,xeuontza,fixed_alpha1_german_gender_seed7,FixedAlpha_1,7,
16,17,0.72,0.09499999999999997,0.10999999999999999,xeuontza,fixed_alpha1_german_gender_seed7,FixedAlpha_1,7,
17,18,0.725,0.09499999999999997,0.1225,xeuontza,fixed_alpha1_german_gender_seed7,FixedAlpha_1,7,
18,19,0.715,0.10999999999999999,0.13,xeuontza,fixed_alpha1_german_gender_seed7,FixedAlpha_1,7,
19,20,0.71,0.09999999999999998,0.125,xeuontza,fixed_alpha1_german_gender_seed7,FixedAlpha_1,7,
20,21,0.705,0.08999999999999997,0.12,xeuontza,fixed_alpha1_german_gender_seed7,FixedAlpha_1,7,
21,22,0.705,0.07999999999999996,0.08999999999999997,xeuontza,fixed_alpha1_german_gender_seed7,FixedAlpha_1,7,
22,23,0.71,0.08999999999999997,0.09499999999999997,xeuontza,fixed_alpha1_german_gender_seed7,FixedAlpha_1,7,
23,24,0.705,0.08999999999999997,0.12,xeuontza,fixed_alpha1_german_gender_seed7,FixedAlpha_1,7,
24,25,0.705,0.07999999999999996,0.08999999999999997,xeuontza,fixed_alpha1_german_gender_seed7,FixedAlpha_1,7,
25,26,0.71,0.07999999999999996,0.065,xeuontza,fixed_alpha1_german_gender_seed7,FixedAlpha_1,7,
26,27,0.71,0.07999999999999996,0.065,xeuontza,fixed_alpha1_german_gender_seed7,FixedAlpha_1,7,
27,28,0.715,0.05499999999999994,0.05249999999999999,xeuontza,fixed_alpha1_german_gender_seed7,FixedAlpha_1,7,
28,29,0.72,0.06499999999999995,0.057499999999999996,xeuontza,fixed_alpha1_german_gender_seed7,FixedAlpha_1,7,
29,30,0.725,0.06499999999999995,0.07,xeuontza,fixed_alpha1_german_gender_seed7,FixedAlpha_1,7,
0,1,0.545,0.05999999999999994,0.04249999999999998,d5qojnyo,fixed_alpha1_german_gender_seed8,FixedAlpha_1,8,
1,2,0.675,0.03500000000000003,0.13000000000000006,d5qojnyo,fixed_alpha1_german_gender_seed8,FixedAlpha_1,8,
2,3,0.705,0.08999999999999997,0.08250000000000002,d5qojnyo,fixed_alpha1_german_gender_seed8,FixedAlpha_1,8,
3,4,0.7,0.025000000000000022,0.03750000000000003,d5qojnyo,fixed_alpha1_german_gender_seed8,FixedAlpha_1,8,
4,5,0.7,0.025000000000000022,0.03750000000000003,d5qojnyo,fixed_alpha1_german_gender_seed8,FixedAlpha_1,8,
5,6,0.71,0.025000000000000022,0.012500000000000011,d5qojnyo,fixed_alpha1_german_gender_seed8,FixedAlpha_1,8,
6,7,0.725,0.015000000000000013,0.03250000000000003,d5qojnyo,fixed_alpha1_german_gender_seed8,FixedAlpha_1,8,
7,8,0.72,0.05499999999999994,0.06499999999999995,d5qojnyo,fixed_alpha1_german_gender_seed8,FixedAlpha_1,8,
8,9,0.745,0.10499999999999998,0.11499999999999999,d5qojnyo,fixed_alpha1_german_gender_seed8,FixedAlpha_1,8,
9,10,0.735,0.06499999999999995,0.06999999999999995,d5qojnyo,fixed_alpha1_german_gender_seed8,FixedAlpha_1,8,
10,11,0.735,0.04500000000000004,0.07250000000000001,d5qojnyo,fixed_alpha1_german_gender_seed8,FixedAlpha_1,8,
11,12,0.73,0.03500000000000003,0.0675,d5qojnyo,fixed_alpha1_german_gender_seed8,FixedAlpha_1,8,
12,13,0.74,0.03500000000000003,0.04250000000000004,d5qojnyo,fixed_alpha1_german_gender_seed8,FixedAlpha_1,8,
13,14,0.745,0.03500000000000003,0.030000000000000027,d5qojnyo,fixed_alpha1_german_gender_seed8,FixedAlpha_1,8,
14,15,0.745,0.03500000000000003,0.030000000000000027,d5qojnyo,fixed_alpha1_german_gender_seed8,FixedAlpha_1,8,
15,16,0.735,0.050000000000000044,0.03750000000000003,d5qojnyo,fixed_alpha1_german_gender_seed8,FixedAlpha_1,8,
16,17,0.73,0.07500000000000007,0.050000000000000044,d5qojnyo,fixed_alpha1_german_gender_seed8,FixedAlpha_1,8,
17,18,0.735,0.050000000000000044,0.03750000000000003,d5qojnyo,fixed_alpha1_german_gender_seed8,FixedAlpha_1,8,
18,19,0.74,0.06500000000000006,0.08250000000000002,d5qojnyo,fixed_alpha1_german_gender_seed8,FixedAlpha_1,8,
19,20,0.74,0.06500000000000006,0.08250000000000002,d5qojnyo,fixed_alpha1_german_gender_seed8,FixedAlpha_1,8,
20,21,0.74,0.04500000000000004,0.08499999999999999,d5qojnyo,fixed_alpha1_german_gender_seed8,FixedAlpha_1,8,
21,22,0.74,0.04500000000000004,0.08499999999999999,d5qojnyo,fixed_alpha1_german_gender_seed8,FixedAlpha_1,8,
22,23,0.75,0.04500000000000004,0.060000000000000026,d5qojnyo,fixed_alpha1_german_gender_seed8,FixedAlpha_1,8,
23,24,0.75,0.020000000000000018,0.02250000000000002,d5qojnyo,fixed_alpha1_german_gender_seed8,FixedAlpha_1,8,
24,25,0.75,0.020000000000000018,0.02250000000000002,d5qojnyo,fixed_alpha1_german_gender_seed8,FixedAlpha_1,8,
25,26,0.75,0.020000000000000018,0.02250000000000002,d5qojnyo,fixed_alpha1_german_gender_seed8,FixedAlpha_1,8,
26,27,0.75,0.020000000000000018,0.02250000000000002,d5qojnyo,fixed_alpha1_german_gender_seed8,FixedAlpha_1,8,
27,28,0.755,0.020000000000000018,0.010000000000000009,d5qojnyo,fixed_alpha1_german_gender_seed8,FixedAlpha_1,8,
28,29,0.75,0.04500000000000004,0.02250000000000002,d5qojnyo,fixed_alpha1_german_gender_seed8,FixedAlpha_1,8,
29,30,0.75,0.04500000000000004,0.02250000000000002,d5qojnyo,fixed_alpha1_german_gender_seed8,FixedAlpha_1,8,
0,1,0.36,0.0,0.025,5siu786b,fixed_alpha1_german_gender_seed11,FixedAlpha_1,11,
1,2,0.43,0.03999999999999998,0.05749999999999999,5siu786b,fixed_alpha1_german_gender_seed11,FixedAlpha_1,11,
2,3,0.49,0.09499999999999997,0.14749999999999996,5siu786b,fixed_alpha1_german_gender_seed11,FixedAlpha_1,11,
3,4,0.555,0.020000000000000018,0.02250000000000002,5siu786b,fixed_alpha1_german_gender_seed11,FixedAlpha_1,11,
4,5,0.63,0.020000000000000018,0.034999999999999976,5siu786b,fixed_alpha1_german_gender_seed11,FixedAlpha_1,11,
5,6,0.665,0.04999999999999993,0.03749999999999998,5siu786b,fixed_alpha1_german_gender_seed11,FixedAlpha_1,11,
6,7,0.695,0.025000000000000022,0.025000000000000022,5siu786b,fixed_alpha1_german_gender_seed11,FixedAlpha_1,11,
7,8,0.695,0.04500000000000004,0.02250000000000002,5siu786b,fixed_alpha1_german_gender_seed11,FixedAlpha_1,11,
8,9,0.695,0.030000000000000027,0.027500000000000024,5siu786b,fixed_alpha1_german_gender_seed11,FixedAlpha_1,11,
9,10,0.695,0.030000000000000027,0.027500000000000024,5siu786b,fixed_alpha1_german_gender_seed11,FixedAlpha_1,11,
10,11,0.695,0.030000000000000027,0.027500000000000024,5siu786b,fixed_alpha1_german_gender_seed11,FixedAlpha_1,11,
11,12,0.695,0.010000000000000009,0.04249999999999998,5siu786b,fixed_alpha1_german_gender_seed11,FixedAlpha_1,11,
12,13,0.7,0.0,0.0625,5siu786b,fixed_alpha1_german_gender_seed11,FixedAlpha_1,11,
13,14,0.705,0.0,0.07500000000000001,5siu786b,fixed_alpha1_german_gender_seed11,FixedAlpha_1,11,
14,15,0.73,0.010000000000000009,0.0050000000000000044,5siu786b,fixed_alpha1_german_gender_seed11,FixedAlpha_1,11,
15,16,0.735,0.020000000000000018,0.06,5siu786b,fixed_alpha1_german_gender_seed11,FixedAlpha_1,11,
16,17,0.725,0.025000000000000022,0.07500000000000001,5siu786b,fixed_alpha1_german_gender_seed11,FixedAlpha_1,11,
17,18,0.73,0.025000000000000022,0.1,5siu786b,fixed_alpha1_german_gender_seed11,FixedAlpha_1,11,
18,19,0.735,0.03500000000000003,0.07999999999999999,5siu786b,fixed_alpha1_german_gender_seed11,FixedAlpha_1,11,
19,20,0.725,0.020000000000000018,0.02250000000000002,5siu786b,fixed_alpha1_german_gender_seed11,FixedAlpha_1,11,
20,21,0.725,0.030000000000000027,0.040000000000000036,5siu786b,fixed_alpha1_german_gender_seed11,FixedAlpha_1,11,
21,22,0.72,0.0050000000000000044,0.027500000000000024,5siu786b,fixed_alpha1_german_gender_seed11,FixedAlpha_1,11,
22,23,0.725,0.030000000000000027,0.040000000000000036,5siu786b,fixed_alpha1_german_gender_seed11,FixedAlpha_1,11,
23,24,0.715,0.0050000000000000044,0.05249999999999999,5siu786b,fixed_alpha1_german_gender_seed11,FixedAlpha_1,11,
24,25,0.715,0.0050000000000000044,0.05249999999999999,5siu786b,fixed_alpha1_german_gender_seed11,FixedAlpha_1,11,
25,26,0.72,0.0050000000000000044,0.05249999999999999,5siu786b,fixed_alpha1_german_gender_seed11,FixedAlpha_1,11,
26,27,0.72,0.0050000000000000044,0.065,5siu786b,fixed_alpha1_german_gender_seed11,FixedAlpha_1,11,
27,28,0.725,0.0050000000000000044,0.07749999999999999,5siu786b,fixed_alpha1_german_gender_seed11,FixedAlpha_1,11,
28,29,0.725,0.0050000000000000044,0.07749999999999999,5siu786b,fixed_alpha1_german_gender_seed11,FixedAlpha_1,11,
29,30,0.725,0.0050000000000000044,0.07749999999999999,5siu786b,fixed_alpha1_german_gender_seed11,FixedAlpha_1,11,
0,1,0.645,0.015000000000000013,0.08250000000000002,ysgephs4,fixed_alpha1_german_gender_seed9,FixedAlpha_1,9,
1,2,0.685,0.05499999999999994,0.10249999999999998,ysgephs4,fixed_alpha1_german_gender_seed9,FixedAlpha_1,9,
2,3,0.69,0.025000000000000022,0.0625,ysgephs4,fixed_alpha1_german_gender_seed9,FixedAlpha_1,9,
3,4,0.71,0.0050000000000000044,0.065,ysgephs4,fixed_alpha1_german_gender_seed9,FixedAlpha_1,9,
4,5,0.71,0.030000000000000027,0.09000000000000002,ysgephs4,fixed_alpha1_german_gender_seed9,FixedAlpha_1,9,
5,6,0.715,0.04499999999999993,0.13499999999999995,ysgephs4,fixed_alpha1_german_gender_seed9,FixedAlpha_1,9,
6,7,0.705,0.014999999999999902,0.09499999999999992,ysgephs4,fixed_alpha1_german_gender_seed9,FixedAlpha_1,9,
7,8,0.69,0.07500000000000007,0.07500000000000007,ysgephs4,fixed_alpha1_german_gender_seed9,FixedAlpha_1,9,
8,9,0.69,0.05500000000000005,0.05250000000000005,ysgephs4,fixed_alpha1_german_gender_seed9,FixedAlpha_1,9,
9,10,0.695,0.06999999999999995,0.04749999999999999,ysgephs4,fixed_alpha1_german_gender_seed9,FixedAlpha_1,9,
10,11,0.69,0.08499999999999996,0.08000000000000002,ysgephs4,fixed_alpha1_german_gender_seed9,FixedAlpha_1,9,
11,12,0.69,0.10999999999999999,0.08000000000000002,ysgephs4,fixed_alpha1_german_gender_seed9,FixedAlpha_1,9,
12,13,0.695,0.10999999999999999,0.0675,ysgephs4,fixed_alpha1_german_gender_seed9,FixedAlpha_1,9,
13,14,0.705,0.10999999999999999,0.0675,ysgephs4,fixed_alpha1_german_gender_seed9,FixedAlpha_1,9,
14,15,0.705,0.10999999999999999,0.0675,ysgephs4,fixed_alpha1_german_gender_seed9,FixedAlpha_1,9,
15,16,0.705,0.09999999999999998,0.062499999999999944,ysgephs4,fixed_alpha1_german_gender_seed9,FixedAlpha_1,9,
16,17,0.71,0.08999999999999997,0.057499999999999996,ysgephs4,fixed_alpha1_german_gender_seed9,FixedAlpha_1,9,
17,18,0.715,0.08999999999999997,0.07,ysgephs4,fixed_alpha1_german_gender_seed9,FixedAlpha_1,9,
18,19,0.715,0.07999999999999996,0.07750000000000001,ysgephs4,fixed_alpha1_german_gender_seed9,FixedAlpha_1,9,
19,20,0.715,0.10499999999999998,0.10250000000000001,ysgephs4,fixed_alpha1_german_gender_seed9,FixedAlpha_1,9,
20,21,0.715,0.10499999999999998,0.10250000000000001,ysgephs4,fixed_alpha1_german_gender_seed9,FixedAlpha_1,9,
21,22,0.715,0.10499999999999998,0.10250000000000001,ysgephs4,fixed_alpha1_german_gender_seed9,FixedAlpha_1,9,
22,23,0.715,0.10499999999999998,0.10250000000000001,ysgephs4,fixed_alpha1_german_gender_seed9,FixedAlpha_1,9,
23,24,0.715,0.10499999999999998,0.10250000000000001,ysgephs4,fixed_alpha1_german_gender_seed9,FixedAlpha_1,9,
24,25,0.715,0.10499999999999998,0.10250000000000001,ysgephs4,fixed_alpha1_german_gender_seed9,FixedAlpha_1,9,
25,26,0.71,0.13,0.11500000000000002,ysgephs4,fixed_alpha1_german_gender_seed9,FixedAlpha_1,9,
26,27,0.71,0.13,0.11500000000000002,ysgephs4,fixed_alpha1_german_gender_seed9,FixedAlpha_1,9,
27,28,0.71,0.13,0.11500000000000002,ysgephs4,fixed_alpha1_german_gender_seed9,FixedAlpha_1,9,
28,29,0.71,0.13,0.11500000000000002,ysgephs4,fixed_alpha1_german_gender_seed9,FixedAlpha_1,9,
29,30,0.705,0.12,0.11000000000000001,ysgephs4,fixed_alpha1_german_gender_seed9,FixedAlpha_1,9,
0,1,0.62,0.010000000000000009,0.07999999999999999,8y1913r0,fixed_alpha1_german_gender_seed12,FixedAlpha_1,12,
1,2,0.68,0.07499999999999996,0.07500000000000001,8y1913r0,fixed_alpha1_german_gender_seed12,FixedAlpha_1,12,
2,3,0.715,0.025000000000000022,0.03750000000000003,8y1913r0,fixed_alpha1_german_gender_seed12,FixedAlpha_1,12,
3,4,0.7,0.014999999999999902,0.08249999999999996,8y1913r0,fixed_alpha1_german_gender_seed12,FixedAlpha_1,12,
4,5,0.705,0.02499999999999991,0.08749999999999997,8y1913r0,fixed_alpha1_german_gender_seed12,FixedAlpha_1,12,
5,6,0.715,0.0050000000000000044,0.065,8y1913r0,fixed_alpha1_german_gender_seed12,FixedAlpha_1,12,
6,7,0.71,0.015000000000000013,0.05750000000000005,8y1913r0,fixed_alpha1_german_gender_seed12,FixedAlpha_1,12,
7,8,0.725,0.0,0.024999999999999967,8y1913r0,fixed_alpha1_german_gender_seed12,FixedAlpha_1,12,
8,9,0.73,0.010000000000000009,0.0050000000000000044,8y1913r0,fixed_alpha1_german_gender_seed12,FixedAlpha_1,12,
9,10,0.74,0.010000000000000009,0.030000000000000027,8y1913r0,fixed_alpha1_german_gender_seed12,FixedAlpha_1,12,
10,11,0.745,0.010000000000000009,0.04250000000000004,8y1913r0,fixed_alpha1_german_gender_seed12,FixedAlpha_1,12,
11,12,0.735,0.0050000000000000044,0.040000000000000036,8y1913r0,fixed_alpha1_german_gender_seed12,FixedAlpha_1,12,
12,13,0.725,0.015000000000000013,0.04500000000000004,8y1913r0,fixed_alpha1_german_gender_seed12,FixedAlpha_1,12,
13,14,0.73,0.015000000000000013,0.020000000000000018,8y1913r0,fixed_alpha1_german_gender_seed12,FixedAlpha_1,12,
14,15,0.73,0.015000000000000013,0.020000000000000018,8y1913r0,fixed_alpha1_german_gender_seed12,FixedAlpha_1,12,
15,16,0.725,0.025000000000000022,0.025000000000000022,8y1913r0,fixed_alpha1_german_gender_seed12,FixedAlpha_1,12,
16,17,0.73,0.025000000000000022,0.024999999999999967,8y1913r0,fixed_alpha1_german_gender_seed12,FixedAlpha_1,12,
17,18,0.725,0.025000000000000022,0.025000000000000022,8y1913r0,fixed_alpha1_german_gender_seed12,FixedAlpha_1,12,
18,19,0.72,0.025000000000000022,0.012500000000000011,8y1913r0,fixed_alpha1_german_gender_seed12,FixedAlpha_1,12,
19,20,0.72,0.025000000000000022,0.012500000000000011,8y1913r0,fixed_alpha1_german_gender_seed12,FixedAlpha_1,12,
20,21,0.715,0.03500000000000003,0.017500000000000016,8y1913r0,fixed_alpha1_german_gender_seed12,FixedAlpha_1,12,
21,22,0.725,0.03500000000000003,0.0675,8y1913r0,fixed_alpha1_german_gender_seed12,FixedAlpha_1,12,
22,23,0.73,0.03500000000000003,0.05499999999999999,8y1913r0,fixed_alpha1_german_gender_seed12,FixedAlpha_1,12,
23,24,0.72,0.020000000000000018,0.04749999999999999,8y1913r0,fixed_alpha1_german_gender_seed12,FixedAlpha_1,12,
24,25,0.715,0.030000000000000027,0.05249999999999999,8y1913r0,fixed_alpha1_german_gender_seed12,FixedAlpha_1,12,
25,26,0.715,0.030000000000000027,0.05249999999999999,8y1913r0,fixed_alpha1_german_gender_seed12,FixedAlpha_1,12,
26,27,0.715,0.030000000000000027,0.05249999999999999,8y1913r0,fixed_alpha1_german_gender_seed12,FixedAlpha_1,12,
27,28,0.71,0.030000000000000027,0.02749999999999997,8y1913r0,fixed_alpha1_german_gender_seed12,FixedAlpha_1,12,
28,29,0.715,0.030000000000000027,0.015000000000000013,8y1913r0,fixed_alpha1_german_gender_seed12,FixedAlpha_1,12,
29,30,0.715,0.030000000000000027,0.015000000000000013,8y1913r0,fixed_alpha1_german_gender_seed12,FixedAlpha_1,12,
0,1,0.645,0.07500000000000007,0.06250000000000006,ql1937qu,fixed_alpha1_german_gender_seed14,FixedAlpha_1,14,
1,2,0.68,0.06499999999999995,0.03249999999999997,ql1937qu,fixed_alpha1_german_gender_seed14,FixedAlpha_1,14,
2,3,0.685,0.03500000000000003,0.02999999999999997,ql1937qu,fixed_alpha1_german_gender_seed14,FixedAlpha_1,14,
3,4,0.695,0.03500000000000003,0.017500000000000016,ql1937qu,fixed_alpha1_german_gender_seed14,FixedAlpha_1,14,
4,5,0.695,0.010000000000000009,0.017500000000000016,ql1937qu,fixed_alpha1_german_gender_seed14,FixedAlpha_1,14,
5,6,0.685,0.04500000000000004,0.07250000000000001,ql1937qu,fixed_alpha1_german_gender_seed14,FixedAlpha_1,14,
6,7,0.72,0.04500000000000004,0.1225,ql1937qu,fixed_alpha1_german_gender_seed14,FixedAlpha_1,14,
7,8,0.7,0.09999999999999998,0.16249999999999998,ql1937qu,fixed_alpha1_german_gender_seed14,FixedAlpha_1,14,
8,9,0.7,0.08999999999999997,0.16999999999999998,ql1937qu,fixed_alpha1_german_gender_seed14,FixedAlpha_1,14,
9,10,0.695,0.10499999999999998,0.19,ql1937qu,fixed_alpha1_german_gender_seed14,FixedAlpha_1,14,
10,11,0.71,0.09499999999999997,0.15999999999999998,ql1937qu,fixed_alpha1_german_gender_seed14,FixedAlpha_1,14,
11,12,0.72,0.12,0.21,ql1937qu,fixed_alpha1_german_gender_seed14,FixedAlpha_1,14,
12,13,0.715,0.10999999999999999,0.205,ql1937qu,fixed_alpha1_german_gender_seed14,FixedAlpha_1,14,
13,14,0.725,0.09999999999999998,0.1625,ql1937qu,fixed_alpha1_german_gender_seed14,FixedAlpha_1,14,
14,15,0.73,0.09999999999999998,0.13749999999999998,ql1937qu,fixed_alpha1_german_gender_seed14,FixedAlpha_1,14,
15,16,0.715,0.10499999999999998,0.13999999999999999,ql1937qu,fixed_alpha1_german_gender_seed14,FixedAlpha_1,14,
16,17,0.715,0.10499999999999998,0.13999999999999999,ql1937qu,fixed_alpha1_german_gender_seed14,FixedAlpha_1,14,
17,18,0.71,0.08500000000000008,0.10500000000000007,ql1937qu,fixed_alpha1_german_gender_seed14,FixedAlpha_1,14,
18,19,0.705,0.1100000000000001,0.11750000000000008,ql1937qu,fixed_alpha1_german_gender_seed14,FixedAlpha_1,14,
19,20,0.7,0.10000000000000009,0.11250000000000007,ql1937qu,fixed_alpha1_german_gender_seed14,FixedAlpha_1,14,
20,21,0.7,0.10000000000000009,0.11250000000000007,ql1937qu,fixed_alpha1_german_gender_seed14,FixedAlpha_1,14,
21,22,0.695,0.09000000000000008,0.10750000000000007,ql1937qu,fixed_alpha1_german_gender_seed14,FixedAlpha_1,14,
22,23,0.695,0.09000000000000008,0.10750000000000007,ql1937qu,fixed_alpha1_german_gender_seed14,FixedAlpha_1,14,
23,24,0.695,0.09000000000000008,0.10750000000000007,ql1937qu,fixed_alpha1_german_gender_seed14,FixedAlpha_1,14,
24,25,0.69,0.11499999999999999,0.12000000000000002,ql1937qu,fixed_alpha1_german_gender_seed14,FixedAlpha_1,14,
25,26,0.69,0.11499999999999999,0.12000000000000002,ql1937qu,fixed_alpha1_german_gender_seed14,FixedAlpha_1,14,
26,27,0.685,0.10499999999999998,0.11500000000000002,ql1937qu,fixed_alpha1_german_gender_seed14,FixedAlpha_1,14,
27,28,0.685,0.10499999999999998,0.11500000000000002,ql1937qu,fixed_alpha1_german_gender_seed14,FixedAlpha_1,14,
28,29,0.69,0.11499999999999999,0.12000000000000002,ql1937qu,fixed_alpha1_german_gender_seed14,FixedAlpha_1,14,
29,30,0.695,0.10000000000000009,0.10000000000000006,ql1937qu,fixed_alpha1_german_gender_seed14,FixedAlpha_1,14,
0,1,0.65,0.04500000000000004,0.03500000000000003,9lhr4grh,fixed_alpha1_german_gender_seed13,FixedAlpha_1,13,
1,2,0.67,0.029999999999999916,0.039999999999999925,9lhr4grh,fixed_alpha1_german_gender_seed13,FixedAlpha_1,13,
2,3,0.67,0.05499999999999994,0.06499999999999995,9lhr4grh,fixed_alpha1_german_gender_seed13,FixedAlpha_1,13,
3,4,0.68,0.03500000000000003,0.05499999999999999,9lhr4grh,fixed_alpha1_german_gender_seed13,FixedAlpha_1,13,
4,5,0.685,0.0,0.0625,9lhr4grh,fixed_alpha1_german_gender_seed13,FixedAlpha_1,13,
5,6,0.685,0.019999999999999907,0.08499999999999991,9lhr4grh,fixed_alpha1_german_gender_seed13,FixedAlpha_1,13,
6,7,0.69,0.019999999999999907,0.07249999999999995,9lhr4grh,fixed_alpha1_german_gender_seed13,FixedAlpha_1,13,
7,8,0.695,0.029999999999999916,0.052499999999999936,9lhr4grh,fixed_alpha1_german_gender_seed13,FixedAlpha_1,13,
8,9,0.7,0.015000000000000013,0.044999999999999984,9lhr4grh,fixed_alpha1_german_gender_seed13,FixedAlpha_1,13,
9,10,0.71,0.025000000000000022,0.10000000000000003,9lhr4grh,fixed_alpha1_german_gender_seed13,FixedAlpha_1,13,
10,11,0.705,0.0050000000000000044,0.07750000000000001,9lhr4grh,fixed_alpha1_german_gender_seed13,FixedAlpha_1,13,
11,12,0.705,0.015000000000000013,0.057499999999999996,9lhr4grh,fixed_alpha1_german_gender_seed13,FixedAlpha_1,13,
12,13,0.71,0.015000000000000013,0.04500000000000004,9lhr4grh,fixed_alpha1_german_gender_seed13,FixedAlpha_1,13,
13,14,0.715,0.04500000000000004,0.03500000000000003,9lhr4grh,fixed_alpha1_german_gender_seed13,FixedAlpha_1,13,
14,15,0.725,0.04500000000000004,0.03500000000000003,9lhr4grh,fixed_alpha1_german_gender_seed13,FixedAlpha_1,13,
15,16,0.725,0.04500000000000004,0.03500000000000003,9lhr4grh,fixed_alpha1_german_gender_seed13,FixedAlpha_1,13,
16,17,0.73,0.03500000000000003,0.017500000000000016,9lhr4grh,fixed_alpha1_german_gender_seed13,FixedAlpha_1,13,
17,18,0.74,0.05999999999999994,0.02999999999999997,9lhr4grh,fixed_alpha1_german_gender_seed13,FixedAlpha_1,13,
18,19,0.75,0.05999999999999994,0.07999999999999996,9lhr4grh,fixed_alpha1_german_gender_seed13,FixedAlpha_1,13,
19,20,0.74,0.08499999999999996,0.06749999999999998,9lhr4grh,fixed_alpha1_german_gender_seed13,FixedAlpha_1,13,
20,21,0.74,0.08499999999999996,0.06749999999999998,9lhr4grh,fixed_alpha1_german_gender_seed13,FixedAlpha_1,13,
21,22,0.74,0.08499999999999996,0.06749999999999998,9lhr4grh,fixed_alpha1_german_gender_seed13,FixedAlpha_1,13,
22,23,0.735,0.08499999999999996,0.04249999999999998,9lhr4grh,fixed_alpha1_german_gender_seed13,FixedAlpha_1,13,
23,24,0.74,0.08499999999999996,0.06749999999999998,9lhr4grh,fixed_alpha1_german_gender_seed13,FixedAlpha_1,13,
24,25,0.73,0.09999999999999998,0.07499999999999998,9lhr4grh,fixed_alpha1_german_gender_seed13,FixedAlpha_1,13,
25,26,0.74,0.08499999999999996,0.06749999999999998,9lhr4grh,fixed_alpha1_german_gender_seed13,FixedAlpha_1,13,
26,27,0.73,0.10999999999999999,0.0925,9lhr4grh,fixed_alpha1_german_gender_seed13,FixedAlpha_1,13,
27,28,0.725,0.07499999999999996,0.04999999999999999,9lhr4grh,fixed_alpha1_german_gender_seed13,FixedAlpha_1,13,
28,29,0.73,0.08499999999999996,0.05499999999999999,9lhr4grh,fixed_alpha1_german_gender_seed13,FixedAlpha_1,13,
29,30,0.735,0.08499999999999996,0.04249999999999998,9lhr4grh,fixed_alpha1_german_gender_seed13,FixedAlpha_1,13,
0,1,0.4,0.16499999999999998,0.13249999999999998,wed8kybu,fixed_alpha1_german_gender_seed15,FixedAlpha_1,15,
1,2,0.54,0.33999999999999997,0.2825,wed8kybu,fixed_alpha1_german_gender_seed15,FixedAlpha_1,15,
2,3,0.635,0.20999999999999996,0.22999999999999998,wed8kybu,fixed_alpha1_german_gender_seed15,FixedAlpha_1,15,
3,4,0.645,0.16499999999999992,0.19499999999999995,wed8kybu,fixed_alpha1_german_gender_seed15,FixedAlpha_1,15,
4,5,0.73,0.029999999999999916,0.11499999999999999,wed8kybu,fixed_alpha1_german_gender_seed15,FixedAlpha_1,15,
5,6,0.7,0.010000000000000009,0.09250000000000003,wed8kybu,fixed_alpha1_german_gender_seed15,FixedAlpha_1,15,
6,7,0.705,0.06000000000000005,0.13,wed8kybu,fixed_alpha1_german_gender_seed15,FixedAlpha_1,15,
7,8,0.71,0.06000000000000005,0.11750000000000005,wed8kybu,fixed_alpha1_german_gender_seed15,FixedAlpha_1,15,
8,9,0.71,0.010000000000000009,0.10500000000000004,wed8kybu,fixed_alpha1_german_gender_seed15,FixedAlpha_1,15,
9,10,0.71,0.05500000000000005,0.11499999999999999,wed8kybu,fixed_alpha1_german_gender_seed15,FixedAlpha_1,15,
10,11,0.715,0.06000000000000005,0.14250000000000002,wed8kybu,fixed_alpha1_german_gender_seed15,FixedAlpha_1,15,
11,12,0.75,0.040000000000000036,0.1325,wed8kybu,fixed_alpha1_german_gender_seed15,FixedAlpha_1,15,
12,13,0.74,0.04500000000000004,0.1225,wed8kybu,fixed_alpha1_german_gender_seed15,FixedAlpha_1,15,
13,14,0.735,0.05999999999999994,0.11749999999999994,wed8kybu,fixed_alpha1_german_gender_seed15,FixedAlpha_1,15,
14,15,0.745,0.06999999999999995,0.10999999999999999,wed8kybu,fixed_alpha1_german_gender_seed15,FixedAlpha_1,15,
15,16,0.75,0.09499999999999997,0.135,wed8kybu,fixed_alpha1_german_gender_seed15,FixedAlpha_1,15,
16,17,0.75,0.09499999999999997,0.135,wed8kybu,fixed_alpha1_german_gender_seed15,FixedAlpha_1,15,
17,18,0.735,0.09999999999999998,0.1375,wed8kybu,fixed_alpha1_german_gender_seed15,FixedAlpha_1,15,
18,19,0.74,0.09999999999999998,0.125,wed8kybu,fixed_alpha1_german_gender_seed15,FixedAlpha_1,15,
19,20,0.745,0.09999999999999998,0.11249999999999999,wed8kybu,fixed_alpha1_german_gender_seed15,FixedAlpha_1,15,
20,21,0.75,0.09999999999999998,0.1,wed8kybu,fixed_alpha1_german_gender_seed15,FixedAlpha_1,15,
21,22,0.75,0.09999999999999998,0.1,wed8kybu,fixed_alpha1_german_gender_seed15,FixedAlpha_1,15,
22,23,0.745,0.09999999999999998,0.07499999999999998,wed8kybu,fixed_alpha1_german_gender_seed15,FixedAlpha_1,15,
23,24,0.745,0.09999999999999998,0.07499999999999998,wed8kybu,fixed_alpha1_german_gender_seed15,FixedAlpha_1,15,
24,25,0.74,0.09999999999999998,0.08749999999999997,wed8kybu,fixed_alpha1_german_gender_seed15,FixedAlpha_1,15,
25,26,0.74,0.09999999999999998,0.08749999999999997,wed8kybu,fixed_alpha1_german_gender_seed15,FixedAlpha_1,15,
26,27,0.74,0.09999999999999998,0.08749999999999997,wed8kybu,fixed_alpha1_german_gender_seed15,FixedAlpha_1,15,
27,28,0.735,0.09999999999999998,0.06249999999999997,wed8kybu,fixed_alpha1_german_gender_seed15,FixedAlpha_1,15,
28,29,0.735,0.09999999999999998,0.06249999999999997,wed8kybu,fixed_alpha1_german_gender_seed15,FixedAlpha_1,15,
29,30,0.74,0.10999999999999999,0.06749999999999998,wed8kybu,fixed_alpha1_german_gender_seed15,FixedAlpha_1,15,
0,1,0.65,0.010000000000000009,0.02999999999999997,p76jto9a,fixed_alpha1_german_gender_seed17,FixedAlpha_1,17,
1,2,0.665,0.029999999999999916,0.014999999999999958,p76jto9a,fixed_alpha1_german_gender_seed17,FixedAlpha_1,17,
2,3,0.69,0.020000000000000018,0.010000000000000009,p76jto9a,fixed_alpha1_german_gender_seed17,FixedAlpha_1,17,
3,4,0.7,0.04499999999999993,0.05999999999999994,p76jto9a,fixed_alpha1_german_gender_seed17,FixedAlpha_1,17,
4,5,0.71,0.04499999999999993,0.04749999999999999,p76jto9a,fixed_alpha1_german_gender_seed17,FixedAlpha_1,17,
5,6,0.715,0.02499999999999991,0.07499999999999996,p76jto9a,fixed_alpha1_german_gender_seed17,FixedAlpha_1,17,
6,7,0.715,0.039999999999999925,0.10749999999999998,p76jto9a,fixed_alpha1_german_gender_seed17,FixedAlpha_1,17,
7,8,0.735,0.039999999999999925,0.08249999999999996,p76jto9a,fixed_alpha1_german_gender_seed17,FixedAlpha_1,17,
8,9,0.735,0.020000000000000018,0.022499999999999964,p76jto9a,fixed_alpha1_german_gender_seed17,FixedAlpha_1,17,
9,10,0.75,0.04500000000000004,0.03500000000000003,p76jto9a,fixed_alpha1_german_gender_seed17,FixedAlpha_1,17,
10,11,0.765,0.05500000000000005,0.040000000000000036,p76jto9a,fixed_alpha1_german_gender_seed17,FixedAlpha_1,17,
11,12,0.775,0.05500000000000005,0.065,p76jto9a,fixed_alpha1_german_gender_seed17,FixedAlpha_1,17,
12,13,0.775,0.04500000000000004,0.04750000000000004,p76jto9a,fixed_alpha1_german_gender_seed17,FixedAlpha_1,17,
13,14,0.77,0.03500000000000003,0.04250000000000004,p76jto9a,fixed_alpha1_german_gender_seed17,FixedAlpha_1,17,
14,15,0.775,0.03500000000000003,0.030000000000000027,p76jto9a,fixed_alpha1_german_gender_seed17,FixedAlpha_1,17,
15,16,0.775,0.03500000000000003,0.030000000000000027,p76jto9a,fixed_alpha1_german_gender_seed17,FixedAlpha_1,17,
16,17,0.775,0.03500000000000003,0.030000000000000027,p76jto9a,fixed_alpha1_german_gender_seed17,FixedAlpha_1,17,
17,18,0.77,0.050000000000000044,0.025000000000000022,p76jto9a,fixed_alpha1_german_gender_seed17,FixedAlpha_1,17,
18,19,0.77,0.050000000000000044,0.025000000000000022,p76jto9a,fixed_alpha1_german_gender_seed17,FixedAlpha_1,17,
19,20,0.765,0.050000000000000044,0.03750000000000003,p76jto9a,fixed_alpha1_german_gender_seed17,FixedAlpha_1,17,
20,21,0.77,0.050000000000000044,0.025000000000000022,p76jto9a,fixed_alpha1_german_gender_seed17,FixedAlpha_1,17,
21,22,0.77,0.050000000000000044,0.025000000000000022,p76jto9a,fixed_alpha1_german_gender_seed17,FixedAlpha_1,17,
22,23,0.77,0.015000000000000013,0.007500000000000007,p76jto9a,fixed_alpha1_german_gender_seed17,FixedAlpha_1,17,
23,24,0.77,0.015000000000000013,0.007500000000000007,p76jto9a,fixed_alpha1_german_gender_seed17,FixedAlpha_1,17,
24,25,0.77,0.015000000000000013,0.007500000000000007,p76jto9a,fixed_alpha1_german_gender_seed17,FixedAlpha_1,17,
25,26,0.765,0.015000000000000013,0.020000000000000018,p76jto9a,fixed_alpha1_german_gender_seed17,FixedAlpha_1,17,
26,27,0.77,0.025000000000000022,0.025000000000000022,p76jto9a,fixed_alpha1_german_gender_seed17,FixedAlpha_1,17,
27,28,0.77,0.025000000000000022,0.025000000000000022,p76jto9a,fixed_alpha1_german_gender_seed17,FixedAlpha_1,17,
28,29,0.76,0.040000000000000036,0.03250000000000003,p76jto9a,fixed_alpha1_german_gender_seed17,FixedAlpha_1,17,
29,30,0.755,0.06500000000000006,0.04500000000000004,p76jto9a,fixed_alpha1_german_gender_seed17,FixedAlpha_1,17,
0,1,0.6,0.039999999999999925,0.10749999999999993,q2dbcfik,fixed_alpha1_german_gender_seed10,FixedAlpha_1,10,
1,2,0.69,0.1399999999999999,0.15749999999999997,q2dbcfik,fixed_alpha1_german_gender_seed10,FixedAlpha_1,10,
2,3,0.705,0.029999999999999916,0.039999999999999925,q2dbcfik,fixed_alpha1_german_gender_seed10,FixedAlpha_1,10,
3,4,0.705,0.0,0.025000000000000022,q2dbcfik,fixed_alpha1_german_gender_seed10,FixedAlpha_1,10,
4,5,0.72,0.0050000000000000044,0.027500000000000024,q2dbcfik,fixed_alpha1_german_gender_seed10,FixedAlpha_1,10,
5,6,0.725,0.0050000000000000044,0.040000000000000036,q2dbcfik,fixed_alpha1_german_gender_seed10,FixedAlpha_1,10,
6,7,0.72,0.025000000000000022,0.025000000000000022,q2dbcfik,fixed_alpha1_german_gender_seed10,FixedAlpha_1,10,
7,8,0.735,0.03500000000000003,0.030000000000000027,q2dbcfik,fixed_alpha1_german_gender_seed10,FixedAlpha_1,10,
8,9,0.735,0.0050000000000000044,0.0025000000000000022,q2dbcfik,fixed_alpha1_german_gender_seed10,FixedAlpha_1,10,
9,10,0.75,0.015000000000000013,0.057499999999999996,q2dbcfik,fixed_alpha1_german_gender_seed10,FixedAlpha_1,10,
10,11,0.74,0.010000000000000009,0.0675,q2dbcfik,fixed_alpha1_german_gender_seed10,FixedAlpha_1,10,
11,12,0.73,0.010000000000000009,0.0675,q2dbcfik,fixed_alpha1_german_gender_seed10,FixedAlpha_1,10,
12,13,0.735,0.0,0.04999999999999999,q2dbcfik,fixed_alpha1_german_gender_seed10,FixedAlpha_1,10,
13,14,0.73,0.010000000000000009,0.05499999999999999,q2dbcfik,fixed_alpha1_german_gender_seed10,FixedAlpha_1,10,
14,15,0.73,0.010000000000000009,0.05499999999999999,q2dbcfik,fixed_alpha1_german_gender_seed10,FixedAlpha_1,10,
15,16,0.73,0.010000000000000009,0.05499999999999999,q2dbcfik,fixed_alpha1_german_gender_seed10,FixedAlpha_1,10,
16,17,0.73,0.010000000000000009,0.05499999999999999,q2dbcfik,fixed_alpha1_german_gender_seed10,FixedAlpha_1,10,
17,18,0.73,0.010000000000000009,0.05499999999999999,q2dbcfik,fixed_alpha1_german_gender_seed10,FixedAlpha_1,10,
18,19,0.73,0.010000000000000009,0.05499999999999999,q2dbcfik,fixed_alpha1_german_gender_seed10,FixedAlpha_1,10,
19,20,0.72,0.039999999999999925,0.06999999999999995,q2dbcfik,fixed_alpha1_german_gender_seed10,FixedAlpha_1,10,
20,21,0.715,0.029999999999999916,0.06499999999999995,q2dbcfik,fixed_alpha1_german_gender_seed10,FixedAlpha_1,10,
21,22,0.71,0.05499999999999994,0.07749999999999996,q2dbcfik,fixed_alpha1_german_gender_seed10,FixedAlpha_1,10,
22,23,0.71,0.05499999999999994,0.07749999999999996,q2dbcfik,fixed_alpha1_german_gender_seed10,FixedAlpha_1,10,
23,24,0.715,0.029999999999999916,0.06499999999999995,q2dbcfik,fixed_alpha1_german_gender_seed10,FixedAlpha_1,10,
24,25,0.72,0.0050000000000000044,0.05249999999999999,q2dbcfik,fixed_alpha1_german_gender_seed10,FixedAlpha_1,10,
25,26,0.72,0.0050000000000000044,0.05249999999999999,q2dbcfik,fixed_alpha1_german_gender_seed10,FixedAlpha_1,10,
26,27,0.72,0.0050000000000000044,0.05249999999999999,q2dbcfik,fixed_alpha1_german_gender_seed10,FixedAlpha_1,10,
27,28,0.73,0.015000000000000013,0.07,q2dbcfik,fixed_alpha1_german_gender_seed10,FixedAlpha_1,10,
28,29,0.73,0.015000000000000013,0.07,q2dbcfik,fixed_alpha1_german_gender_seed10,FixedAlpha_1,10,
29,30,0.73,0.015000000000000013,0.07,q2dbcfik,fixed_alpha1_german_gender_seed10,FixedAlpha_1,10,
0,1,0.455,0.065,0.07,6z6yhlh6,fixed_alpha1_german_gender_seed16,FixedAlpha_1,16,
1,2,0.575,0.025000000000000022,0.025000000000000022,6z6yhlh6,fixed_alpha1_german_gender_seed16,FixedAlpha_1,16,
2,3,0.675,0.015000000000000013,0.03250000000000003,6z6yhlh6,fixed_alpha1_german_gender_seed16,FixedAlpha_1,16,
3,4,0.69,0.029999999999999916,0.03999999999999998,6z6yhlh6,fixed_alpha1_german_gender_seed16,FixedAlpha_1,16,
4,5,0.685,0.03500000000000003,0.04249999999999998,6z6yhlh6,fixed_alpha1_german_gender_seed16,FixedAlpha_1,16,
5,6,0.71,0.025000000000000022,0.04999999999999999,6z6yhlh6,fixed_alpha1_german_gender_seed16,FixedAlpha_1,16,
6,7,0.715,0.025000000000000022,0.03749999999999998,6z6yhlh6,fixed_alpha1_german_gender_seed16,FixedAlpha_1,16,
7,8,0.73,0.025000000000000022,0.03750000000000003,6z6yhlh6,fixed_alpha1_german_gender_seed16,FixedAlpha_1,16,
8,9,0.73,0.0050000000000000044,0.03999999999999998,6z6yhlh6,fixed_alpha1_german_gender_seed16,FixedAlpha_1,16,
9,10,0.735,0.0050000000000000044,0.02749999999999997,6z6yhlh6,fixed_alpha1_german_gender_seed16,FixedAlpha_1,16,
10,11,0.735,0.04499999999999993,0.04749999999999999,6z6yhlh6,fixed_alpha1_german_gender_seed16,FixedAlpha_1,16,
11,12,0.73,0.04999999999999993,0.024999999999999967,6z6yhlh6,fixed_alpha1_german_gender_seed16,FixedAlpha_1,16,
12,13,0.725,0.1050000000000001,0.07750000000000001,6z6yhlh6,fixed_alpha1_german_gender_seed16,FixedAlpha_1,16,
13,14,0.735,0.08500000000000008,0.06750000000000006,6z6yhlh6,fixed_alpha1_german_gender_seed16,FixedAlpha_1,16,
14,15,0.75,0.10999999999999999,0.09249999999999997,6z6yhlh6,fixed_alpha1_german_gender_seed16,FixedAlpha_1,16,
15,16,0.755,0.125,0.0625,6z6yhlh6,fixed_alpha1_german_gender_seed16,FixedAlpha_1,16,
16,17,0.755,0.125,0.0625,6z6yhlh6,fixed_alpha1_german_gender_seed16,FixedAlpha_1,16,
17,18,0.76,0.125,0.0875,6z6yhlh6,fixed_alpha1_german_gender_seed16,FixedAlpha_1,16,
18,19,0.76,0.125,0.0875,6z6yhlh6,fixed_alpha1_german_gender_seed16,FixedAlpha_1,16,
19,20,0.75,0.08999999999999997,0.07,6z6yhlh6,fixed_alpha1_german_gender_seed16,FixedAlpha_1,16,
20,21,0.75,0.08999999999999997,0.07,6z6yhlh6,fixed_alpha1_german_gender_seed16,FixedAlpha_1,16,
21,22,0.745,0.11499999999999999,0.08250000000000002,6z6yhlh6,fixed_alpha1_german_gender_seed16,FixedAlpha_1,16,
22,23,0.74,0.14,0.09500000000000003,6z6yhlh6,fixed_alpha1_german_gender_seed16,FixedAlpha_1,16,
23,24,0.74,0.14,0.09500000000000003,6z6yhlh6,fixed_alpha1_german_gender_seed16,FixedAlpha_1,16,
24,25,0.74,0.14,0.09500000000000003,6z6yhlh6,fixed_alpha1_german_gender_seed16,FixedAlpha_1,16,
25,26,0.74,0.13,0.065,6z6yhlh6,fixed_alpha1_german_gender_seed16,FixedAlpha_1,16,
26,27,0.735,0.12,0.06,6z6yhlh6,fixed_alpha1_german_gender_seed16,FixedAlpha_1,16,
27,28,0.735,0.12,0.06,6z6yhlh6,fixed_alpha1_german_gender_seed16,FixedAlpha_1,16,
28,29,0.735,0.12,0.06,6z6yhlh6,fixed_alpha1_german_gender_seed16,FixedAlpha_1,16,
29,30,0.735,0.12,0.06,6z6yhlh6,fixed_alpha1_german_gender_seed16,FixedAlpha_1,16,
0,1,0.615,0.135,0.0675,fyr9y2dq,fixed_alpha1_german_gender_seed21,FixedAlpha_1,21,
1,2,0.645,0.14,0.09499999999999997,fyr9y2dq,fixed_alpha1_german_gender_seed21,FixedAlpha_1,21,
2,3,0.66,0.12,0.07250000000000001,fyr9y2dq,fixed_alpha1_german_gender_seed21,FixedAlpha_1,21,
3,4,0.685,0.039999999999999925,0.044999999999999984,fyr9y2dq,fixed_alpha1_german_gender_seed21,FixedAlpha_1,21,
4,5,0.69,0.039999999999999925,0.03249999999999997,fyr9y2dq,fixed_alpha1_german_gender_seed21,FixedAlpha_1,21,
5,6,0.7,0.06499999999999995,0.08249999999999996,fyr9y2dq,fixed_alpha1_german_gender_seed21,FixedAlpha_1,21,
6,7,0.7,0.08000000000000007,0.06500000000000006,fyr9y2dq,fixed_alpha1_german_gender_seed21,FixedAlpha_1,21,
7,8,0.7,0.050000000000000044,0.050000000000000044,fyr9y2dq,fixed_alpha1_german_gender_seed21,FixedAlpha_1,21,
8,9,0.72,0.07500000000000007,0.03750000000000003,fyr9y2dq,fixed_alpha1_german_gender_seed21,FixedAlpha_1,21,
9,10,0.73,0.08999999999999997,0.09499999999999997,fyr9y2dq,fixed_alpha1_german_gender_seed21,FixedAlpha_1,21,
10,11,0.725,0.07999999999999996,0.08999999999999997,fyr9y2dq,fixed_alpha1_german_gender_seed21,FixedAlpha_1,21,
11,12,0.73,0.10499999999999998,0.08999999999999997,fyr9y2dq,fixed_alpha1_german_gender_seed21,FixedAlpha_1,21,
12,13,0.735,0.07999999999999996,0.11499999999999999,fyr9y2dq,fixed_alpha1_german_gender_seed21,FixedAlpha_1,21,
13,14,0.74,0.08999999999999997,0.12,fyr9y2dq,fixed_alpha1_german_gender_seed21,FixedAlpha_1,21,
14,15,0.735,0.10499999999999998,0.10249999999999998,fyr9y2dq,fixed_alpha1_german_gender_seed21,FixedAlpha_1,21,
15,16,0.735,0.10499999999999998,0.10249999999999998,fyr9y2dq,fixed_alpha1_german_gender_seed21,FixedAlpha_1,21,
16,17,0.73,0.14,0.10749999999999998,fyr9y2dq,fixed_alpha1_german_gender_seed21,FixedAlpha_1,21,
17,18,0.73,0.10499999999999998,0.08999999999999997,fyr9y2dq,fixed_alpha1_german_gender_seed21,FixedAlpha_1,21,
18,19,0.715,0.09999999999999998,0.09999999999999998,fyr9y2dq,fixed_alpha1_german_gender_seed21,FixedAlpha_1,21,
19,20,0.72,0.07499999999999996,0.08749999999999997,fyr9y2dq,fixed_alpha1_german_gender_seed21,FixedAlpha_1,21,
20,21,0.72,0.07499999999999996,0.08749999999999997,fyr9y2dq,fixed_alpha1_german_gender_seed21,FixedAlpha_1,21,
21,22,0.715,0.06499999999999995,0.08249999999999996,fyr9y2dq,fixed_alpha1_german_gender_seed21,FixedAlpha_1,21,
22,23,0.71,0.06499999999999995,0.06999999999999995,fyr9y2dq,fixed_alpha1_german_gender_seed21,FixedAlpha_1,21,
23,24,0.71,0.05499999999999994,0.07749999999999996,fyr9y2dq,fixed_alpha1_german_gender_seed21,FixedAlpha_1,21,
24,25,0.715,0.05499999999999994,0.08999999999999997,fyr9y2dq,fixed_alpha1_german_gender_seed21,FixedAlpha_1,21,
25,26,0.715,0.05499999999999994,0.08999999999999997,fyr9y2dq,fixed_alpha1_german_gender_seed21,FixedAlpha_1,21,
26,27,0.72,0.029999999999999916,0.07749999999999996,fyr9y2dq,fixed_alpha1_german_gender_seed21,FixedAlpha_1,21,
27,28,0.715,0.019999999999999907,0.07249999999999995,fyr9y2dq,fixed_alpha1_german_gender_seed21,FixedAlpha_1,21,
28,29,0.715,0.019999999999999907,0.07249999999999995,fyr9y2dq,fixed_alpha1_german_gender_seed21,FixedAlpha_1,21,
29,30,0.71,0.04499999999999993,0.08499999999999996,fyr9y2dq,fixed_alpha1_german_gender_seed21,FixedAlpha_1,21,
0,1,0.695,0.025000000000000022,0.07500000000000001,znxzx104,fixed_alpha1_german_gender_seed20,FixedAlpha_1,20,
1,2,0.705,0.020000000000000018,0.04749999999999999,znxzx104,fixed_alpha1_german_gender_seed20,FixedAlpha_1,20,
2,3,0.71,0.020000000000000018,0.022499999999999964,znxzx104,fixed_alpha1_german_gender_seed20,FixedAlpha_1,20,
3,4,0.705,0.0050000000000000044,0.014999999999999958,znxzx104,fixed_alpha1_german_gender_seed20,FixedAlpha_1,20,
4,5,0.72,0.0050000000000000044,0.065,znxzx104,fixed_alpha1_german_gender_seed20,FixedAlpha_1,20,
5,6,0.74,0.020000000000000018,0.03500000000000003,znxzx104,fixed_alpha1_german_gender_seed20,FixedAlpha_1,20,
6,7,0.735,0.010000000000000009,0.0050000000000000044,znxzx104,fixed_alpha1_german_gender_seed20,FixedAlpha_1,20,
7,8,0.745,0.014999999999999902,0.007499999999999951,znxzx104,fixed_alpha1_german_gender_seed20,FixedAlpha_1,20,
8,9,0.74,0.0050000000000000044,0.02749999999999997,znxzx104,fixed_alpha1_german_gender_seed20,FixedAlpha_1,20,
9,10,0.73,0.07000000000000006,0.04750000000000004,znxzx104,fixed_alpha1_german_gender_seed20,FixedAlpha_1,20,
10,11,0.735,0.06000000000000005,0.04250000000000004,znxzx104,fixed_alpha1_german_gender_seed20,FixedAlpha_1,20,
11,12,0.74,0.030000000000000027,0.03999999999999998,znxzx104,fixed_alpha1_german_gender_seed20,FixedAlpha_1,20,
12,13,0.74,0.030000000000000027,0.03999999999999998,znxzx104,fixed_alpha1_german_gender_seed20,FixedAlpha_1,20,
13,14,0.735,0.020000000000000018,0.034999999999999976,znxzx104,fixed_alpha1_german_gender_seed20,FixedAlpha_1,20,
14,15,0.735,0.020000000000000018,0.034999999999999976,znxzx104,fixed_alpha1_german_gender_seed20,FixedAlpha_1,20,
15,16,0.735,0.020000000000000018,0.034999999999999976,znxzx104,fixed_alpha1_german_gender_seed20,FixedAlpha_1,20,
16,17,0.745,0.020000000000000018,0.02250000000000002,znxzx104,fixed_alpha1_german_gender_seed20,FixedAlpha_1,20,
17,18,0.74,0.010000000000000009,0.017500000000000016,znxzx104,fixed_alpha1_german_gender_seed20,FixedAlpha_1,20,
18,19,0.74,0.010000000000000009,0.017500000000000016,znxzx104,fixed_alpha1_german_gender_seed20,FixedAlpha_1,20,
19,20,0.745,0.020000000000000018,0.02250000000000002,znxzx104,fixed_alpha1_german_gender_seed20,FixedAlpha_1,20,
20,21,0.745,0.020000000000000018,0.02250000000000002,znxzx104,fixed_alpha1_german_gender_seed20,FixedAlpha_1,20,
21,22,0.74,0.04500000000000004,0.03500000000000003,znxzx104,fixed_alpha1_german_gender_seed20,FixedAlpha_1,20,
22,23,0.725,0.12,0.07250000000000001,znxzx104,fixed_alpha1_german_gender_seed20,FixedAlpha_1,20,
23,24,0.725,0.12,0.07250000000000001,znxzx104,fixed_alpha1_german_gender_seed20,FixedAlpha_1,20,
24,25,0.73,0.09499999999999997,0.06,znxzx104,fixed_alpha1_german_gender_seed20,FixedAlpha_1,20,
25,26,0.745,0.04500000000000004,0.04750000000000004,znxzx104,fixed_alpha1_german_gender_seed20,FixedAlpha_1,20,
26,27,0.74,0.03500000000000003,0.04250000000000004,znxzx104,fixed_alpha1_german_gender_seed20,FixedAlpha_1,20,
27,28,0.735,0.05999999999999994,0.05499999999999999,znxzx104,fixed_alpha1_german_gender_seed20,FixedAlpha_1,20,
28,29,0.735,0.05999999999999994,0.05499999999999999,znxzx104,fixed_alpha1_german_gender_seed20,FixedAlpha_1,20,
29,30,0.735,0.05999999999999994,0.05499999999999999,znxzx104,fixed_alpha1_german_gender_seed20,FixedAlpha_1,20,
0,1,0.67,0.06500000000000006,0.08250000000000002,lh21trox,fixed_alpha1_german_gender_seed19,FixedAlpha_1,19,
1,2,0.7,0.06500000000000006,0.14500000000000002,lh21trox,fixed_alpha1_german_gender_seed19,FixedAlpha_1,19,
2,3,0.715,0.08499999999999996,0.1175,lh21trox,fixed_alpha1_german_gender_seed19,FixedAlpha_1,19,
3,4,0.705,0.020000000000000018,0.04750000000000004,lh21trox,fixed_alpha1_german_gender_seed19,FixedAlpha_1,19,
4,5,0.715,0.040000000000000036,0.05750000000000005,lh21trox,fixed_alpha1_german_gender_seed19,FixedAlpha_1,19,
5,6,0.715,0.040000000000000036,0.05750000000000005,lh21trox,fixed_alpha1_german_gender_seed19,FixedAlpha_1,19,
6,7,0.705,0.05499999999999994,0.065,lh21trox,fixed_alpha1_german_gender_seed19,FixedAlpha_1,19,
7,8,0.71,0.04499999999999993,0.07249999999999995,lh21trox,fixed_alpha1_german_gender_seed19,FixedAlpha_1,19,
8,9,0.725,0.03499999999999992,0.01749999999999996,lh21trox,fixed_alpha1_german_gender_seed19,FixedAlpha_1,19,
9,10,0.755,0.02499999999999991,0.03749999999999992,lh21trox,fixed_alpha1_german_gender_seed19,FixedAlpha_1,19,
10,11,0.775,0.04999999999999993,0.062499999999999944,lh21trox,fixed_alpha1_german_gender_seed19,FixedAlpha_1,19,
11,12,0.785,0.04999999999999993,0.07499999999999996,lh21trox,fixed_alpha1_german_gender_seed19,FixedAlpha_1,19,
12,13,0.795,0.039999999999999925,0.03249999999999997,lh21trox,fixed_alpha1_german_gender_seed19,FixedAlpha_1,19,
13,14,0.79,0.06499999999999995,0.044999999999999984,lh21trox,fixed_alpha1_german_gender_seed19,FixedAlpha_1,19,
14,15,0.79,0.05500000000000005,0.06500000000000003,lh21trox,fixed_alpha1_german_gender_seed19,FixedAlpha_1,19,
15,16,0.795,0.05500000000000005,0.05250000000000002,lh21trox,fixed_alpha1_german_gender_seed19,FixedAlpha_1,19,
16,17,0.79,0.08000000000000007,0.06500000000000003,lh21trox,fixed_alpha1_german_gender_seed19,FixedAlpha_1,19,
17,18,0.795,0.08999999999999997,0.06999999999999998,lh21trox,fixed_alpha1_german_gender_seed19,FixedAlpha_1,19,
18,19,0.79,0.08000000000000007,0.06500000000000003,lh21trox,fixed_alpha1_german_gender_seed19,FixedAlpha_1,19,
19,20,0.785,0.06000000000000005,0.04250000000000001,lh21trox,fixed_alpha1_german_gender_seed19,FixedAlpha_1,19,
20,21,0.775,0.07500000000000007,0.05000000000000002,lh21trox,fixed_alpha1_german_gender_seed19,FixedAlpha_1,19,
21,22,0.77,0.09999999999999998,0.06249999999999997,lh21trox,fixed_alpha1_german_gender_seed19,FixedAlpha_1,19,
22,23,0.77,0.125,0.0625,lh21trox,fixed_alpha1_german_gender_seed19,FixedAlpha_1,19,
23,24,0.765,0.15000000000000002,0.07500000000000001,lh21trox,fixed_alpha1_german_gender_seed19,FixedAlpha_1,19,
24,25,0.765,0.15000000000000002,0.07500000000000001,lh21trox,fixed_alpha1_german_gender_seed19,FixedAlpha_1,19,
25,26,0.76,0.15000000000000002,0.1,lh21trox,fixed_alpha1_german_gender_seed19,FixedAlpha_1,19,
26,27,0.76,0.15000000000000002,0.1,lh21trox,fixed_alpha1_german_gender_seed19,FixedAlpha_1,19,
27,28,0.76,0.15000000000000002,0.1,lh21trox,fixed_alpha1_german_gender_seed19,FixedAlpha_1,19,
28,29,0.755,0.14,0.095,lh21trox,fixed_alpha1_german_gender_seed19,FixedAlpha_1,19,
29,30,0.75,0.13,0.09,lh21trox,fixed_alpha1_german_gender_seed19,FixedAlpha_1,19,
0,1,0.695,0.040000000000000036,0.04500000000000004,9onf5m79,fixed_alpha1_german_gender_seed22,FixedAlpha_1,22,
1,2,0.7,0.040000000000000036,0.020000000000000018,9onf5m79,fixed_alpha1_german_gender_seed22,FixedAlpha_1,22,
2,3,0.71,0.025000000000000022,0.012500000000000011,9onf5m79,fixed_alpha1_german_gender_seed22,FixedAlpha_1,22,
3,4,0.705,0.015000000000000013,0.007500000000000007,9onf5m79,fixed_alpha1_german_gender_seed22,FixedAlpha_1,22,
4,5,0.705,0.0050000000000000044,0.014999999999999958,9onf5m79,fixed_alpha1_german_gender_seed22,FixedAlpha_1,22,
5,6,0.72,0.030000000000000027,0.040000000000000036,9onf5m79,fixed_alpha1_german_gender_seed22,FixedAlpha_1,22,
6,7,0.73,0.030000000000000027,0.03999999999999998,9onf5m79,fixed_alpha1_german_gender_seed22,FixedAlpha_1,22,
7,8,0.735,0.03499999999999992,0.02999999999999997,9onf5m79,fixed_alpha1_german_gender_seed22,FixedAlpha_1,22,
8,9,0.725,0.039999999999999925,0.057499999999999996,9onf5m79,fixed_alpha1_german_gender_seed22,FixedAlpha_1,22,
9,10,0.725,0.08000000000000007,0.040000000000000036,9onf5m79,fixed_alpha1_german_gender_seed22,FixedAlpha_1,22,
10,11,0.725,0.06000000000000005,0.08000000000000002,9onf5m79,fixed_alpha1_german_gender_seed22,FixedAlpha_1,22,
11,12,0.73,0.06000000000000005,0.06750000000000006,9onf5m79,fixed_alpha1_german_gender_seed22,FixedAlpha_1,22,
12,13,0.735,0.06000000000000005,0.05500000000000005,9onf5m79,fixed_alpha1_german_gender_seed22,FixedAlpha_1,22,
13,14,0.73,0.050000000000000044,0.050000000000000044,9onf5m79,fixed_alpha1_german_gender_seed22,FixedAlpha_1,22,
14,15,0.735,0.07500000000000007,0.11250000000000004,9onf5m79,fixed_alpha1_german_gender_seed22,FixedAlpha_1,22,
15,16,0.74,0.07500000000000007,0.10000000000000003,9onf5m79,fixed_alpha1_german_gender_seed22,FixedAlpha_1,22,
16,17,0.745,0.07500000000000007,0.08750000000000002,9onf5m79,fixed_alpha1_german_gender_seed22,FixedAlpha_1,22,
17,18,0.735,0.08999999999999997,0.09499999999999997,9onf5m79,fixed_alpha1_german_gender_seed22,FixedAlpha_1,22,
18,19,0.74,0.08999999999999997,0.08249999999999996,9onf5m79,fixed_alpha1_german_gender_seed22,FixedAlpha_1,22,
19,20,0.735,0.11499999999999999,0.09499999999999997,9onf5m79,fixed_alpha1_german_gender_seed22,FixedAlpha_1,22,
20,21,0.73,0.10499999999999998,0.08999999999999997,9onf5m79,fixed_alpha1_german_gender_seed22,FixedAlpha_1,22,
21,22,0.73,0.10499999999999998,0.08999999999999997,9onf5m79,fixed_alpha1_german_gender_seed22,FixedAlpha_1,22,
22,23,0.725,0.09499999999999997,0.08499999999999996,9onf5m79,fixed_alpha1_german_gender_seed22,FixedAlpha_1,22,
23,24,0.72,0.08499999999999996,0.07999999999999996,9onf5m79,fixed_alpha1_german_gender_seed22,FixedAlpha_1,22,
24,25,0.725,0.08499999999999996,0.0675,9onf5m79,fixed_alpha1_german_gender_seed22,FixedAlpha_1,22,
25,26,0.725,0.10999999999999999,0.0675,9onf5m79,fixed_alpha1_german_gender_seed22,FixedAlpha_1,22,
26,27,0.715,0.08999999999999997,0.057499999999999996,9onf5m79,fixed_alpha1_german_gender_seed22,FixedAlpha_1,22,
27,28,0.72,0.06499999999999995,0.044999999999999984,9onf5m79,fixed_alpha1_german_gender_seed22,FixedAlpha_1,22,
28,29,0.72,0.06499999999999995,0.044999999999999984,9onf5m79,fixed_alpha1_german_gender_seed22,FixedAlpha_1,22,
29,30,0.72,0.06499999999999995,0.044999999999999984,9onf5m79,fixed_alpha1_german_gender_seed22,FixedAlpha_1,22,
0,1,0.67,0.03499999999999992,0.04249999999999998,a69e0o6y,fixed_alpha1_german_gender_seed23,FixedAlpha_1,23,
1,2,0.67,0.03499999999999992,0.04249999999999998,a69e0o6y,fixed_alpha1_german_gender_seed23,FixedAlpha_1,23,
2,3,0.675,0.0,0.012500000000000011,a69e0o6y,fixed_alpha1_german_gender_seed23,FixedAlpha_1,23,
3,4,0.68,0.0,0.0,a69e0o6y,fixed_alpha1_german_gender_seed23,FixedAlpha_1,23,
4,5,0.69,0.03499999999999992,0.06749999999999995,a69e0o6y,fixed_alpha1_german_gender_seed23,FixedAlpha_1,23,
5,6,0.69,0.06999999999999995,0.08499999999999996,a69e0o6y,fixed_alpha1_german_gender_seed23,FixedAlpha_1,23,
6,7,0.69,0.05999999999999994,0.0675,a69e0o6y,fixed_alpha1_german_gender_seed23,FixedAlpha_1,23,
7,8,0.695,0.08499999999999996,0.09249999999999997,a69e0o6y,fixed_alpha1_german_gender_seed23,FixedAlpha_1,23,
8,9,0.685,0.08999999999999997,0.08249999999999996,a69e0o6y,fixed_alpha1_german_gender_seed23,FixedAlpha_1,23,
9,10,0.685,0.07000000000000006,0.04749999999999999,a69e0o6y,fixed_alpha1_german_gender_seed23,FixedAlpha_1,23,
10,11,0.695,0.07000000000000006,0.06000000000000005,a69e0o6y,fixed_alpha1_german_gender_seed23,FixedAlpha_1,23,
11,12,0.69,0.050000000000000044,0.07500000000000007,a69e0o6y,fixed_alpha1_german_gender_seed23,FixedAlpha_1,23,
12,13,0.705,0.050000000000000044,0.07500000000000001,a69e0o6y,fixed_alpha1_german_gender_seed23,FixedAlpha_1,23,
13,14,0.695,0.030000000000000027,0.065,a69e0o6y,fixed_alpha1_german_gender_seed23,FixedAlpha_1,23,
14,15,0.7,0.030000000000000027,0.05249999999999999,a69e0o6y,fixed_alpha1_german_gender_seed23,FixedAlpha_1,23,
15,16,0.705,0.05500000000000005,0.040000000000000036,a69e0o6y,fixed_alpha1_german_gender_seed23,FixedAlpha_1,23,
16,17,0.705,0.05500000000000005,0.05249999999999999,a69e0o6y,fixed_alpha1_german_gender_seed23,FixedAlpha_1,23,
17,18,0.695,0.06999999999999995,0.05999999999999994,a69e0o6y,fixed_alpha1_german_gender_seed23,FixedAlpha_1,23,
18,19,0.7,0.05999999999999994,0.04249999999999998,a69e0o6y,fixed_alpha1_german_gender_seed23,FixedAlpha_1,23,
19,20,0.7,0.05999999999999994,0.04249999999999998,a69e0o6y,fixed_alpha1_german_gender_seed23,FixedAlpha_1,23,
20,21,0.71,0.05999999999999994,0.02999999999999997,a69e0o6y,fixed_alpha1_german_gender_seed23,FixedAlpha_1,23,
21,22,0.72,0.05999999999999994,0.07999999999999996,a69e0o6y,fixed_alpha1_german_gender_seed23,FixedAlpha_1,23,
22,23,0.71,0.07499999999999996,0.08749999999999997,a69e0o6y,fixed_alpha1_german_gender_seed23,FixedAlpha_1,23,
23,24,0.705,0.06499999999999995,0.08249999999999996,a69e0o6y,fixed_alpha1_german_gender_seed23,FixedAlpha_1,23,
24,25,0.705,0.06499999999999995,0.08249999999999996,a69e0o6y,fixed_alpha1_german_gender_seed23,FixedAlpha_1,23,
25,26,0.705,0.05499999999999994,0.06499999999999995,a69e0o6y,fixed_alpha1_german_gender_seed23,FixedAlpha_1,23,
26,27,0.705,0.05499999999999994,0.06499999999999995,a69e0o6y,fixed_alpha1_german_gender_seed23,FixedAlpha_1,23,
27,28,0.705,0.05499999999999994,0.06499999999999995,a69e0o6y,fixed_alpha1_german_gender_seed23,FixedAlpha_1,23,
28,29,0.705,0.05499999999999994,0.06499999999999995,a69e0o6y,fixed_alpha1_german_gender_seed23,FixedAlpha_1,23,
29,30,0.705,0.04499999999999993,0.04749999999999999,a69e0o6y,fixed_alpha1_german_gender_seed23,FixedAlpha_1,23,
0,1,0.46,0.22499999999999998,0.2375,mpssr905,fixed_alpha1_german_gender_seed18,FixedAlpha_1,18,
1,2,0.565,0.15000000000000002,0.175,mpssr905,fixed_alpha1_german_gender_seed18,FixedAlpha_1,18,
2,3,0.65,0.02499999999999991,0.07499999999999996,mpssr905,fixed_alpha1_german_gender_seed18,FixedAlpha_1,18,
3,4,0.665,0.06000000000000005,0.05500000000000005,mpssr905,fixed_alpha1_german_gender_seed18,FixedAlpha_1,18,
4,5,0.705,0.06999999999999995,0.06,mpssr905,fixed_alpha1_german_gender_seed18,FixedAlpha_1,18,
5,6,0.705,0.05499999999999994,0.06499999999999995,mpssr905,fixed_alpha1_german_gender_seed18,FixedAlpha_1,18,
6,7,0.705,0.06499999999999995,0.05749999999999994,mpssr905,fixed_alpha1_german_gender_seed18,FixedAlpha_1,18,
7,8,0.71,0.04499999999999993,0.08499999999999996,mpssr905,fixed_alpha1_german_gender_seed18,FixedAlpha_1,18,
8,9,0.71,0.04499999999999993,0.08499999999999996,mpssr905,fixed_alpha1_german_gender_seed18,FixedAlpha_1,18,
9,10,0.725,0.06999999999999995,0.14749999999999996,mpssr905,fixed_alpha1_german_gender_seed18,FixedAlpha_1,18,
10,11,0.73,0.04999999999999993,0.09999999999999998,mpssr905,fixed_alpha1_german_gender_seed18,FixedAlpha_1,18,
11,12,0.72,0.1050000000000001,0.05250000000000005,mpssr905,fixed_alpha1_german_gender_seed18,FixedAlpha_1,18,
12,13,0.71,0.05500000000000005,0.027500000000000024,mpssr905,fixed_alpha1_german_gender_seed18,FixedAlpha_1,18,
13,14,0.69,0.07499999999999996,0.0625,mpssr905,fixed_alpha1_german_gender_seed18,FixedAlpha_1,18,
14,15,0.695,0.07499999999999996,0.04999999999999999,mpssr905,fixed_alpha1_german_gender_seed18,FixedAlpha_1,18,
15,16,0.69,0.08999999999999997,0.044999999999999984,mpssr905,fixed_alpha1_german_gender_seed18,FixedAlpha_1,18,
16,17,0.695,0.08999999999999997,0.057499999999999996,mpssr905,fixed_alpha1_german_gender_seed18,FixedAlpha_1,18,
17,18,0.705,0.07499999999999996,0.04999999999999999,mpssr905,fixed_alpha1_german_gender_seed18,FixedAlpha_1,18,
18,19,0.705,0.07499999999999996,0.04999999999999999,mpssr905,fixed_alpha1_german_gender_seed18,FixedAlpha_1,18,
19,20,0.705,0.07499999999999996,0.04999999999999999,mpssr905,fixed_alpha1_german_gender_seed18,FixedAlpha_1,18,
20,21,0.71,0.08499999999999996,0.05499999999999999,mpssr905,fixed_alpha1_german_gender_seed18,FixedAlpha_1,18,
21,22,0.71,0.08499999999999996,0.05499999999999999,mpssr905,fixed_alpha1_german_gender_seed18,FixedAlpha_1,18,
22,23,0.705,0.10999999999999999,0.0675,mpssr905,fixed_alpha1_german_gender_seed18,FixedAlpha_1,18,
23,24,0.715,0.10999999999999999,0.05499999999999999,mpssr905,fixed_alpha1_german_gender_seed18,FixedAlpha_1,18,
24,25,0.715,0.10999999999999999,0.05499999999999999,mpssr905,fixed_alpha1_german_gender_seed18,FixedAlpha_1,18,
25,26,0.715,0.10999999999999999,0.05499999999999999,mpssr905,fixed_alpha1_german_gender_seed18,FixedAlpha_1,18,
26,27,0.715,0.10999999999999999,0.05499999999999999,mpssr905,fixed_alpha1_german_gender_seed18,FixedAlpha_1,18,
27,28,0.72,0.07499999999999996,0.04999999999999999,mpssr905,fixed_alpha1_german_gender_seed18,FixedAlpha_1,18,
28,29,0.72,0.07499999999999996,0.04999999999999999,mpssr905,fixed_alpha1_german_gender_seed18,FixedAlpha_1,18,
29,30,0.715,0.07499999999999996,0.03749999999999998,mpssr905,fixed_alpha1_german_gender_seed18,FixedAlpha_1,18,
0,1,0.285,0.0049999999999999975,0.027499999999999993,wt2dyldb,fixed_alpha1_german_gender_seed24,FixedAlpha_1,24,
1,2,0.36,0.024999999999999994,0.037500000000000006,wt2dyldb,fixed_alpha1_german_gender_seed24,FixedAlpha_1,24,
2,3,0.44,0.0,0.037500000000000006,wt2dyldb,fixed_alpha1_german_gender_seed24,FixedAlpha_1,24,
3,4,0.545,0.015000000000000013,0.08250000000000002,wt2dyldb,fixed_alpha1_german_gender_seed24,FixedAlpha_1,24,
4,5,0.63,0.10000000000000009,0.08750000000000002,wt2dyldb,fixed_alpha1_german_gender_seed24,FixedAlpha_1,24,
5,6,0.66,0.05500000000000005,0.05249999999999999,wt2dyldb,fixed_alpha1_german_gender_seed24,FixedAlpha_1,24,
6,7,0.67,0.07499999999999996,0.08749999999999997,wt2dyldb,fixed_alpha1_german_gender_seed24,FixedAlpha_1,24,
7,8,0.67,0.04999999999999993,0.062499999999999944,wt2dyldb,fixed_alpha1_german_gender_seed24,FixedAlpha_1,24,
8,9,0.69,0.020000000000000018,0.04749999999999999,wt2dyldb,fixed_alpha1_german_gender_seed24,FixedAlpha_1,24,
9,10,0.705,0.015000000000000013,0.044999999999999984,wt2dyldb,fixed_alpha1_german_gender_seed24,FixedAlpha_1,24,
10,11,0.705,0.0050000000000000044,0.05249999999999999,wt2dyldb,fixed_alpha1_german_gender_seed24,FixedAlpha_1,24,
11,12,0.705,0.0050000000000000044,0.05249999999999999,wt2dyldb,fixed_alpha1_german_gender_seed24,FixedAlpha_1,24,
12,13,0.705,0.0050000000000000044,0.05249999999999999,wt2dyldb,fixed_alpha1_german_gender_seed24,FixedAlpha_1,24,
13,14,0.695,0.015000000000000013,0.057499999999999996,wt2dyldb,fixed_alpha1_german_gender_seed24,FixedAlpha_1,24,
14,15,0.685,0.05999999999999994,0.09249999999999997,wt2dyldb,fixed_alpha1_german_gender_seed24,FixedAlpha_1,24,
15,16,0.685,0.09999999999999998,0.07500000000000001,wt2dyldb,fixed_alpha1_german_gender_seed24,FixedAlpha_1,24,
16,17,0.685,0.08000000000000007,0.05250000000000005,wt2dyldb,fixed_alpha1_german_gender_seed24,FixedAlpha_1,24,
17,18,0.695,0.07000000000000006,0.08500000000000002,wt2dyldb,fixed_alpha1_german_gender_seed24,FixedAlpha_1,24,
18,19,0.7,0.08500000000000008,0.09250000000000008,wt2dyldb,fixed_alpha1_german_gender_seed24,FixedAlpha_1,24,
19,20,0.715,0.08500000000000008,0.09250000000000003,wt2dyldb,fixed_alpha1_german_gender_seed24,FixedAlpha_1,24,
20,21,0.715,0.06500000000000006,0.07,wt2dyldb,fixed_alpha1_german_gender_seed24,FixedAlpha_1,24,
21,22,0.72,0.06500000000000006,0.08250000000000002,wt2dyldb,fixed_alpha1_german_gender_seed24,FixedAlpha_1,24,
22,23,0.73,0.06500000000000006,0.07000000000000006,wt2dyldb,fixed_alpha1_german_gender_seed24,FixedAlpha_1,24,
23,24,0.725,0.05500000000000005,0.06500000000000006,wt2dyldb,fixed_alpha1_german_gender_seed24,FixedAlpha_1,24,
24,25,0.73,0.05500000000000005,0.07750000000000001,wt2dyldb,fixed_alpha1_german_gender_seed24,FixedAlpha_1,24,
25,26,0.74,0.05500000000000005,0.027500000000000024,wt2dyldb,fixed_alpha1_german_gender_seed24,FixedAlpha_1,24,
26,27,0.74,0.05500000000000005,0.027500000000000024,wt2dyldb,fixed_alpha1_german_gender_seed24,FixedAlpha_1,24,
27,28,0.745,0.05500000000000005,0.040000000000000036,wt2dyldb,fixed_alpha1_german_gender_seed24,FixedAlpha_1,24,
28,29,0.75,0.05500000000000005,0.05250000000000005,wt2dyldb,fixed_alpha1_german_gender_seed24,FixedAlpha_1,24,
29,30,0.745,0.04500000000000004,0.04750000000000004,wt2dyldb,fixed_alpha1_german_gender_seed24,FixedAlpha_1,24,
0,1,0.465,0.06,0.1175,ibo4u42n,fixed_alpha1_german_gender_seed27,FixedAlpha_1,27,
1,2,0.585,0.06000000000000005,0.18000000000000005,ibo4u42n,fixed_alpha1_german_gender_seed27,FixedAlpha_1,27,
2,3,0.66,0.07499999999999996,0.09999999999999998,ibo4u42n,fixed_alpha1_german_gender_seed27,FixedAlpha_1,27,
3,4,0.695,0.014999999999999902,0.019999999999999962,ibo4u42n,fixed_alpha1_german_gender_seed27,FixedAlpha_1,27,
4,5,0.705,0.020000000000000018,0.010000000000000009,ibo4u42n,fixed_alpha1_german_gender_seed27,FixedAlpha_1,27,
5,6,0.705,0.010000000000000009,0.017500000000000016,ibo4u42n,fixed_alpha1_german_gender_seed27,FixedAlpha_1,27,
6,7,0.705,0.010000000000000009,0.017500000000000016,ibo4u42n,fixed_alpha1_german_gender_seed27,FixedAlpha_1,27,
7,8,0.7,0.020000000000000018,0.02250000000000002,ibo4u42n,fixed_alpha1_german_gender_seed27,FixedAlpha_1,27,
8,9,0.725,0.030000000000000027,0.10250000000000004,ibo4u42n,fixed_alpha1_german_gender_seed27,FixedAlpha_1,27,
9,10,0.725,0.015000000000000013,0.07,ibo4u42n,fixed_alpha1_german_gender_seed27,FixedAlpha_1,27,
10,11,0.725,0.010000000000000009,0.10499999999999998,ibo4u42n,fixed_alpha1_german_gender_seed27,FixedAlpha_1,27,
11,12,0.75,0.014999999999999902,0.06999999999999995,ibo4u42n,fixed_alpha1_german_gender_seed27,FixedAlpha_1,27,
12,13,0.74,0.010000000000000009,0.04250000000000004,ibo4u42n,fixed_alpha1_german_gender_seed27,FixedAlpha_1,27,
13,14,0.745,0.025000000000000022,0.08750000000000002,ibo4u42n,fixed_alpha1_german_gender_seed27,FixedAlpha_1,27,
14,15,0.74,0.0050000000000000044,0.065,ibo4u42n,fixed_alpha1_german_gender_seed27,FixedAlpha_1,27,
15,16,0.735,0.0050000000000000044,0.065,ibo4u42n,fixed_alpha1_german_gender_seed27,FixedAlpha_1,27,
16,17,0.74,0.030000000000000027,0.065,ibo4u42n,fixed_alpha1_german_gender_seed27,FixedAlpha_1,27,
17,18,0.74,0.030000000000000027,0.065,ibo4u42n,fixed_alpha1_german_gender_seed27,FixedAlpha_1,27,
18,19,0.745,0.030000000000000027,0.05249999999999999,ibo4u42n,fixed_alpha1_german_gender_seed27,FixedAlpha_1,27,
19,20,0.755,0.040000000000000036,0.04500000000000004,ibo4u42n,fixed_alpha1_german_gender_seed27,FixedAlpha_1,27,
20,21,0.745,0.030000000000000027,0.05249999999999999,ibo4u42n,fixed_alpha1_german_gender_seed27,FixedAlpha_1,27,
21,22,0.745,0.030000000000000027,0.05249999999999999,ibo4u42n,fixed_alpha1_german_gender_seed27,FixedAlpha_1,27,
22,23,0.745,0.030000000000000027,0.05249999999999999,ibo4u42n,fixed_alpha1_german_gender_seed27,FixedAlpha_1,27,
23,24,0.735,0.04500000000000004,0.06,ibo4u42n,fixed_alpha1_german_gender_seed27,FixedAlpha_1,27,
24,25,0.735,0.04500000000000004,0.06,ibo4u42n,fixed_alpha1_german_gender_seed27,FixedAlpha_1,27,
25,26,0.74,0.020000000000000018,0.04749999999999999,ibo4u42n,fixed_alpha1_german_gender_seed27,FixedAlpha_1,27,
26,27,0.735,0.010000000000000009,0.04249999999999998,ibo4u42n,fixed_alpha1_german_gender_seed27,FixedAlpha_1,27,
27,28,0.735,0.010000000000000009,0.04249999999999998,ibo4u42n,fixed_alpha1_german_gender_seed27,FixedAlpha_1,27,
28,29,0.74,0.010000000000000009,0.030000000000000027,ibo4u42n,fixed_alpha1_german_gender_seed27,FixedAlpha_1,27,
29,30,0.735,0.0,0.025000000000000022,ibo4u42n,fixed_alpha1_german_gender_seed27,FixedAlpha_1,27,
0,1,0.4,0.03500000000000003,0.05500000000000001,6vcqqkds,fixed_alpha1_german_gender_seed25,FixedAlpha_1,25,
1,2,0.505,0.07999999999999996,0.12749999999999995,6vcqqkds,fixed_alpha1_german_gender_seed25,FixedAlpha_1,25,
2,3,0.565,0.0050000000000000044,0.03999999999999998,6vcqqkds,fixed_alpha1_german_gender_seed25,FixedAlpha_1,25,
3,4,0.655,0.050000000000000044,0.03750000000000003,6vcqqkds,fixed_alpha1_german_gender_seed25,FixedAlpha_1,25,
4,5,0.705,0.06499999999999995,0.044999999999999984,6vcqqkds,fixed_alpha1_german_gender_seed25,FixedAlpha_1,25,
5,6,0.705,0.040000000000000036,0.03249999999999997,6vcqqkds,fixed_alpha1_german_gender_seed25,FixedAlpha_1,25,
6,7,0.705,0.040000000000000036,0.03249999999999997,6vcqqkds,fixed_alpha1_german_gender_seed25,FixedAlpha_1,25,
7,8,0.705,0.040000000000000036,0.03249999999999997,6vcqqkds,fixed_alpha1_german_gender_seed25,FixedAlpha_1,25,
8,9,0.71,0.07999999999999996,0.10249999999999998,6vcqqkds,fixed_alpha1_german_gender_seed25,FixedAlpha_1,25,
9,10,0.71,0.05999999999999994,0.07999999999999996,6vcqqkds,fixed_alpha1_german_gender_seed25,FixedAlpha_1,25,
10,11,0.715,0.07499999999999996,0.125,6vcqqkds,fixed_alpha1_german_gender_seed25,FixedAlpha_1,25,
11,12,0.735,0.07499999999999996,0.09999999999999998,6vcqqkds,fixed_alpha1_german_gender_seed25,FixedAlpha_1,25,
12,13,0.74,0.03500000000000003,0.030000000000000027,6vcqqkds,fixed_alpha1_german_gender_seed25,FixedAlpha_1,25,
13,14,0.735,0.0050000000000000044,0.015000000000000013,6vcqqkds,fixed_alpha1_german_gender_seed25,FixedAlpha_1,25,
14,15,0.735,0.025000000000000022,0.04999999999999999,6vcqqkds,fixed_alpha1_german_gender_seed25,FixedAlpha_1,25,
15,16,0.735,0.025000000000000022,0.04999999999999999,6vcqqkds,fixed_alpha1_german_gender_seed25,FixedAlpha_1,25,
16,17,0.73,0.03500000000000003,0.05499999999999999,6vcqqkds,fixed_alpha1_german_gender_seed25,FixedAlpha_1,25,
17,18,0.73,0.03500000000000003,0.05499999999999999,6vcqqkds,fixed_alpha1_german_gender_seed25,FixedAlpha_1,25,
18,19,0.73,0.03500000000000003,0.05499999999999999,6vcqqkds,fixed_alpha1_german_gender_seed25,FixedAlpha_1,25,
19,20,0.725,0.03500000000000003,0.08000000000000002,6vcqqkds,fixed_alpha1_german_gender_seed25,FixedAlpha_1,25,
20,21,0.725,0.03500000000000003,0.08000000000000002,6vcqqkds,fixed_alpha1_german_gender_seed25,FixedAlpha_1,25,
21,22,0.73,0.03500000000000003,0.05499999999999999,6vcqqkds,fixed_alpha1_german_gender_seed25,FixedAlpha_1,25,
22,23,0.725,0.05999999999999994,0.06749999999999995,6vcqqkds,fixed_alpha1_german_gender_seed25,FixedAlpha_1,25,
23,24,0.73,0.05999999999999994,0.07999999999999996,6vcqqkds,fixed_alpha1_german_gender_seed25,FixedAlpha_1,25,
24,25,0.725,0.08499999999999996,0.09249999999999997,6vcqqkds,fixed_alpha1_german_gender_seed25,FixedAlpha_1,25,
25,26,0.725,0.08499999999999996,0.09249999999999997,6vcqqkds,fixed_alpha1_german_gender_seed25,FixedAlpha_1,25,
26,27,0.725,0.08499999999999996,0.09249999999999997,6vcqqkds,fixed_alpha1_german_gender_seed25,FixedAlpha_1,25,
27,28,0.725,0.08499999999999996,0.09249999999999997,6vcqqkds,fixed_alpha1_german_gender_seed25,FixedAlpha_1,25,
28,29,0.735,0.09499999999999997,0.07250000000000001,6vcqqkds,fixed_alpha1_german_gender_seed25,FixedAlpha_1,25,
29,30,0.745,0.09499999999999997,0.0975,6vcqqkds,fixed_alpha1_german_gender_seed25,FixedAlpha_1,25,
0,1,0.685,0.06000000000000005,0.0675,uw6bqrsf,fixed_alpha1_german_gender_seed26,FixedAlpha_1,26,
1,2,0.69,0.050000000000000044,0.0625,uw6bqrsf,fixed_alpha1_german_gender_seed26,FixedAlpha_1,26,
2,3,0.685,0.025000000000000022,0.04999999999999999,uw6bqrsf,fixed_alpha1_german_gender_seed26,FixedAlpha_1,26,
3,4,0.69,0.015000000000000013,0.044999999999999984,uw6bqrsf,fixed_alpha1_german_gender_seed26,FixedAlpha_1,26,
4,5,0.69,0.025000000000000022,0.03749999999999998,uw6bqrsf,fixed_alpha1_german_gender_seed26,FixedAlpha_1,26,
5,6,0.7,0.010000000000000009,0.0050000000000000044,uw6bqrsf,fixed_alpha1_german_gender_seed26,FixedAlpha_1,26,
6,7,0.72,0.010000000000000009,0.017500000000000016,uw6bqrsf,fixed_alpha1_german_gender_seed26,FixedAlpha_1,26,
7,8,0.735,0.010000000000000009,0.017500000000000016,uw6bqrsf,fixed_alpha1_german_gender_seed26,FixedAlpha_1,26,
8,9,0.745,0.05999999999999994,0.04249999999999998,uw6bqrsf,fixed_alpha1_german_gender_seed26,FixedAlpha_1,26,
9,10,0.745,0.05999999999999994,0.04249999999999998,uw6bqrsf,fixed_alpha1_german_gender_seed26,FixedAlpha_1,26,
10,11,0.72,0.03500000000000003,0.017500000000000016,uw6bqrsf,fixed_alpha1_german_gender_seed26,FixedAlpha_1,26,
11,12,0.71,0.020000000000000018,0.010000000000000009,uw6bqrsf,fixed_alpha1_german_gender_seed26,FixedAlpha_1,26,
12,13,0.705,0.04500000000000004,0.02250000000000002,uw6bqrsf,fixed_alpha1_german_gender_seed26,FixedAlpha_1,26,
13,14,0.705,0.04500000000000004,0.02250000000000002,uw6bqrsf,fixed_alpha1_german_gender_seed26,FixedAlpha_1,26,
14,15,0.7,0.06999999999999995,0.034999999999999976,uw6bqrsf,fixed_alpha1_german_gender_seed26,FixedAlpha_1,26,
15,16,0.695,0.05999999999999994,0.02999999999999997,uw6bqrsf,fixed_alpha1_german_gender_seed26,FixedAlpha_1,26,
16,17,0.695,0.07499999999999996,0.0625,uw6bqrsf,fixed_alpha1_german_gender_seed26,FixedAlpha_1,26,
17,18,0.7,0.06499999999999995,0.044999999999999984,uw6bqrsf,fixed_alpha1_german_gender_seed26,FixedAlpha_1,26,
18,19,0.7,0.06499999999999995,0.044999999999999984,uw6bqrsf,fixed_alpha1_german_gender_seed26,FixedAlpha_1,26,
19,20,0.7,0.05499999999999994,0.052499999999999936,uw6bqrsf,fixed_alpha1_german_gender_seed26,FixedAlpha_1,26,
20,21,0.705,0.05499999999999994,0.06499999999999995,uw6bqrsf,fixed_alpha1_german_gender_seed26,FixedAlpha_1,26,
21,22,0.71,0.029999999999999916,0.052499999999999936,uw6bqrsf,fixed_alpha1_german_gender_seed26,FixedAlpha_1,26,
22,23,0.71,0.029999999999999916,0.052499999999999936,uw6bqrsf,fixed_alpha1_german_gender_seed26,FixedAlpha_1,26,
23,24,0.71,0.029999999999999916,0.052499999999999936,uw6bqrsf,fixed_alpha1_german_gender_seed26,FixedAlpha_1,26,
24,25,0.705,0.029999999999999916,0.039999999999999925,uw6bqrsf,fixed_alpha1_german_gender_seed26,FixedAlpha_1,26,
25,26,0.7,0.019999999999999907,0.03499999999999992,uw6bqrsf,fixed_alpha1_german_gender_seed26,FixedAlpha_1,26,
26,27,0.695,0.04499999999999993,0.04749999999999993,uw6bqrsf,fixed_alpha1_german_gender_seed26,FixedAlpha_1,26,
27,28,0.695,0.07999999999999996,0.06499999999999995,uw6bqrsf,fixed_alpha1_german_gender_seed26,FixedAlpha_1,26,
28,29,0.695,0.07999999999999996,0.06499999999999995,uw6bqrsf,fixed_alpha1_german_gender_seed26,FixedAlpha_1,26,
29,30,0.695,0.07999999999999996,0.06499999999999995,uw6bqrsf,fixed_alpha1_german_gender_seed26,FixedAlpha_1,26,
0,1,0.58,0.05999999999999994,0.06749999999999995,6kvg28wn,fixed_alpha1_german_gender_seed28,FixedAlpha_1,28,
1,2,0.675,0.020000000000000018,0.010000000000000009,6kvg28wn,fixed_alpha1_german_gender_seed28,FixedAlpha_1,28,
2,3,0.725,0.010000000000000009,0.02999999999999997,6kvg28wn,fixed_alpha1_german_gender_seed28,FixedAlpha_1,28,
3,4,0.725,0.0050000000000000044,0.027500000000000024,6kvg28wn,fixed_alpha1_german_gender_seed28,FixedAlpha_1,28,
4,5,0.73,0.010000000000000009,0.017500000000000016,6kvg28wn,fixed_alpha1_german_gender_seed28,FixedAlpha_1,28,
5,6,0.735,0.0,0.04999999999999999,6kvg28wn,fixed_alpha1_german_gender_seed28,FixedAlpha_1,28,
6,7,0.74,0.0,0.0625,6kvg28wn,fixed_alpha1_german_gender_seed28,FixedAlpha_1,28,
7,8,0.75,0.0,0.012500000000000011,6kvg28wn,fixed_alpha1_german_gender_seed28,FixedAlpha_1,28,
8,9,0.755,0.040000000000000036,0.08250000000000002,6kvg28wn,fixed_alpha1_german_gender_seed28,FixedAlpha_1,28,
9,10,0.755,0.040000000000000036,0.08250000000000002,6kvg28wn,fixed_alpha1_german_gender_seed28,FixedAlpha_1,28,
10,11,0.765,0.05999999999999994,0.10499999999999998,6kvg28wn,fixed_alpha1_german_gender_seed28,FixedAlpha_1,28,
11,12,0.77,0.04999999999999993,0.08749999999999997,6kvg28wn,fixed_alpha1_german_gender_seed28,FixedAlpha_1,28,
12,13,0.765,0.030000000000000027,0.08999999999999997,6kvg28wn,fixed_alpha1_german_gender_seed28,FixedAlpha_1,28,
13,14,0.755,0.03500000000000003,0.10499999999999998,6kvg28wn,fixed_alpha1_german_gender_seed28,FixedAlpha_1,28,
14,15,0.755,0.06000000000000005,0.09250000000000003,6kvg28wn,fixed_alpha1_german_gender_seed28,FixedAlpha_1,28,
15,16,0.75,0.08500000000000008,0.10500000000000004,6kvg28wn,fixed_alpha1_german_gender_seed28,FixedAlpha_1,28,
16,17,0.755,0.08500000000000008,0.11750000000000005,6kvg28wn,fixed_alpha1_german_gender_seed28,FixedAlpha_1,28,
17,18,0.755,0.08500000000000008,0.11750000000000005,6kvg28wn,fixed_alpha1_german_gender_seed28,FixedAlpha_1,28,
18,19,0.755,0.08500000000000008,0.11750000000000005,6kvg28wn,fixed_alpha1_german_gender_seed28,FixedAlpha_1,28,
19,20,0.745,0.07500000000000007,0.10000000000000003,6kvg28wn,fixed_alpha1_german_gender_seed28,FixedAlpha_1,28,
20,21,0.745,0.07500000000000007,0.10000000000000003,6kvg28wn,fixed_alpha1_german_gender_seed28,FixedAlpha_1,28,
21,22,0.755,0.050000000000000044,0.10000000000000003,6kvg28wn,fixed_alpha1_german_gender_seed28,FixedAlpha_1,28,
22,23,0.765,0.050000000000000044,0.12500000000000003,6kvg28wn,fixed_alpha1_german_gender_seed28,FixedAlpha_1,28,
23,24,0.755,0.05500000000000005,0.10250000000000001,6kvg28wn,fixed_alpha1_german_gender_seed28,FixedAlpha_1,28,
24,25,0.755,0.05500000000000005,0.10250000000000001,6kvg28wn,fixed_alpha1_german_gender_seed28,FixedAlpha_1,28,
25,26,0.745,0.03500000000000003,0.0925,6kvg28wn,fixed_alpha1_german_gender_seed28,FixedAlpha_1,28,
26,27,0.76,0.06500000000000006,0.10750000000000001,6kvg28wn,fixed_alpha1_german_gender_seed28,FixedAlpha_1,28,
27,28,0.755,0.05500000000000005,0.10250000000000001,6kvg28wn,fixed_alpha1_german_gender_seed28,FixedAlpha_1,28,
28,29,0.76,0.05500000000000005,0.07750000000000004,6kvg28wn,fixed_alpha1_german_gender_seed28,FixedAlpha_1,28,
29,30,0.755,0.04500000000000004,0.07250000000000004,6kvg28wn,fixed_alpha1_german_gender_seed28,FixedAlpha_1,28,
0,1,0.54,0.09000000000000008,0.07000000000000006,zivzz3ln,fixed_alpha1_german_gender_seed29,FixedAlpha_1,29,
1,2,0.645,0.15999999999999992,0.10499999999999998,zivzz3ln,fixed_alpha1_german_gender_seed29,FixedAlpha_1,29,
2,3,0.675,0.11499999999999999,0.08250000000000002,zivzz3ln,fixed_alpha1_german_gender_seed29,FixedAlpha_1,29,
3,4,0.68,0.11499999999999999,0.07,zivzz3ln,fixed_alpha1_german_gender_seed29,FixedAlpha_1,29,
4,5,0.69,0.08999999999999997,0.08249999999999996,zivzz3ln,fixed_alpha1_german_gender_seed29,FixedAlpha_1,29,
5,6,0.69,0.08999999999999997,0.08249999999999996,zivzz3ln,fixed_alpha1_german_gender_seed29,FixedAlpha_1,29,
6,7,0.69,0.06999999999999995,0.04749999999999999,zivzz3ln,fixed_alpha1_german_gender_seed29,FixedAlpha_1,29,
7,8,0.665,0.07000000000000006,0.04750000000000004,zivzz3ln,fixed_alpha1_german_gender_seed29,FixedAlpha_1,29,
8,9,0.685,0.07000000000000006,0.06,zivzz3ln,fixed_alpha1_german_gender_seed29,FixedAlpha_1,29,
9,10,0.68,0.030000000000000027,0.07750000000000001,zivzz3ln,fixed_alpha1_german_gender_seed29,FixedAlpha_1,29,
10,11,0.69,0.07999999999999996,0.03999999999999998,zivzz3ln,fixed_alpha1_german_gender_seed29,FixedAlpha_1,29,
11,12,0.71,0.06999999999999995,0.04749999999999999,zivzz3ln,fixed_alpha1_german_gender_seed29,FixedAlpha_1,29,
12,13,0.705,0.09499999999999997,0.07250000000000001,zivzz3ln,fixed_alpha1_german_gender_seed29,FixedAlpha_1,29,
13,14,0.705,0.09499999999999997,0.07250000000000001,zivzz3ln,fixed_alpha1_german_gender_seed29,FixedAlpha_1,29,
14,15,0.71,0.09499999999999997,0.08500000000000002,zivzz3ln,fixed_alpha1_german_gender_seed29,FixedAlpha_1,29,
15,16,0.71,0.09499999999999997,0.08500000000000002,zivzz3ln,fixed_alpha1_german_gender_seed29,FixedAlpha_1,29,
16,17,0.705,0.12,0.09750000000000003,zivzz3ln,fixed_alpha1_german_gender_seed29,FixedAlpha_1,29,
17,18,0.705,0.12,0.09750000000000003,zivzz3ln,fixed_alpha1_german_gender_seed29,FixedAlpha_1,29,
18,19,0.72,0.12,0.09749999999999998,zivzz3ln,fixed_alpha1_german_gender_seed29,FixedAlpha_1,29,
19,20,0.73,0.12,0.1225,zivzz3ln,fixed_alpha1_german_gender_seed29,FixedAlpha_1,29,
20,21,0.73,0.10999999999999999,0.12999999999999998,zivzz3ln,fixed_alpha1_german_gender_seed29,FixedAlpha_1,29,
21,22,0.73,0.09999999999999998,0.1,zivzz3ln,fixed_alpha1_german_gender_seed29,FixedAlpha_1,29,
22,23,0.73,0.125,0.12500000000000003,zivzz3ln,fixed_alpha1_german_gender_seed29,FixedAlpha_1,29,
23,24,0.73,0.125,0.12500000000000003,zivzz3ln,fixed_alpha1_german_gender_seed29,FixedAlpha_1,29,
24,25,0.735,0.125,0.1,zivzz3ln,fixed_alpha1_german_gender_seed29,FixedAlpha_1,29,
25,26,0.745,0.14500000000000002,0.11000000000000001,zivzz3ln,fixed_alpha1_german_gender_seed29,FixedAlpha_1,29,
26,27,0.75,0.12,0.0975,zivzz3ln,fixed_alpha1_german_gender_seed29,FixedAlpha_1,29,
27,28,0.75,0.12,0.0975,zivzz3ln,fixed_alpha1_german_gender_seed29,FixedAlpha_1,29,
28,29,0.75,0.12,0.0975,zivzz3ln,fixed_alpha1_german_gender_seed29,FixedAlpha_1,29,
29,30,0.75,0.12,0.0975,zivzz3ln,fixed_alpha1_german_gender_seed29,FixedAlpha_1,29,
0,1,0.35,0.03,0.015,ibtuxamy,fixed_alpha1.5_german_gender_seed0,FixedAlpha_1.5,0,
1,2,0.395,0.11499999999999999,0.10750000000000001,ibtuxamy,fixed_alpha1.5_german_gender_seed0,FixedAlpha_1.5,0,
2,3,0.475,0.0,0.1375,ibtuxamy,fixed_alpha1.5_german_gender_seed0,FixedAlpha_1.5,0,
3,4,0.55,0.0050000000000000044,0.07750000000000001,ibtuxamy,fixed_alpha1.5_german_gender_seed0,FixedAlpha_1.5,0,
4,5,0.635,0.020000000000000018,0.07250000000000001,ibtuxamy,fixed_alpha1.5_german_gender_seed0,FixedAlpha_1.5,0,
5,6,0.67,0.010000000000000009,0.0675,ibtuxamy,fixed_alpha1.5_german_gender_seed0,FixedAlpha_1.5,0,
6,7,0.69,0.05999999999999994,0.10499999999999993,ibtuxamy,fixed_alpha1.5_german_gender_seed0,FixedAlpha_1.5,0,
7,8,0.68,0.05999999999999994,0.09249999999999997,ibtuxamy,fixed_alpha1.5_german_gender_seed0,FixedAlpha_1.5,0,
8,9,0.685,0.06999999999999995,0.09749999999999998,ibtuxamy,fixed_alpha1.5_german_gender_seed0,FixedAlpha_1.5,0,
9,10,0.685,0.05999999999999994,0.11749999999999994,ibtuxamy,fixed_alpha1.5_german_gender_seed0,FixedAlpha_1.5,0,
10,11,0.7,0.05999999999999994,0.07999999999999996,ibtuxamy,fixed_alpha1.5_german_gender_seed0,FixedAlpha_1.5,0,
11,12,0.7,0.07499999999999996,0.09999999999999998,ibtuxamy,fixed_alpha1.5_german_gender_seed0,FixedAlpha_1.5,0,
12,13,0.7,0.06499999999999995,0.12,ibtuxamy,fixed_alpha1.5_german_gender_seed0,FixedAlpha_1.5,0,
13,14,0.7,0.05500000000000005,0.14,ibtuxamy,fixed_alpha1.5_german_gender_seed0,FixedAlpha_1.5,0,
14,15,0.715,0.05500000000000005,0.14,ibtuxamy,fixed_alpha1.5_german_gender_seed0,FixedAlpha_1.5,0,
15,16,0.705,0.025000000000000022,0.14999999999999997,ibtuxamy,fixed_alpha1.5_german_gender_seed0,FixedAlpha_1.5,0,
16,17,0.71,0.015000000000000013,0.12,ibtuxamy,fixed_alpha1.5_german_gender_seed0,FixedAlpha_1.5,0,
17,18,0.72,0.015000000000000013,0.1325,ibtuxamy,fixed_alpha1.5_german_gender_seed0,FixedAlpha_1.5,0,
18,19,0.73,0.015000000000000013,0.10749999999999998,ibtuxamy,fixed_alpha1.5_german_gender_seed0,FixedAlpha_1.5,0,
19,20,0.73,0.015000000000000013,0.10749999999999998,ibtuxamy,fixed_alpha1.5_german_gender_seed0,FixedAlpha_1.5,0,
20,21,0.74,0.010000000000000009,0.09250000000000003,ibtuxamy,fixed_alpha1.5_german_gender_seed0,FixedAlpha_1.5,0,
21,22,0.74,0.025000000000000022,0.10000000000000003,ibtuxamy,fixed_alpha1.5_german_gender_seed0,FixedAlpha_1.5,0,
22,23,0.745,0.0,0.08750000000000002,ibtuxamy,fixed_alpha1.5_german_gender_seed0,FixedAlpha_1.5,0,
23,24,0.745,0.0,0.08750000000000002,ibtuxamy,fixed_alpha1.5_german_gender_seed0,FixedAlpha_1.5,0,
24,25,0.75,0.0,0.07500000000000001,ibtuxamy,fixed_alpha1.5_german_gender_seed0,FixedAlpha_1.5,0,
25,26,0.76,0.0,0.04999999999999999,ibtuxamy,fixed_alpha1.5_german_gender_seed0,FixedAlpha_1.5,0,
26,27,0.755,0.010000000000000009,0.05499999999999999,ibtuxamy,fixed_alpha1.5_german_gender_seed0,FixedAlpha_1.5,0,
27,28,0.755,0.015000000000000013,0.044999999999999984,ibtuxamy,fixed_alpha1.5_german_gender_seed0,FixedAlpha_1.5,0,
28,29,0.75,0.06500000000000006,0.05750000000000005,ibtuxamy,fixed_alpha1.5_german_gender_seed0,FixedAlpha_1.5,0,
29,30,0.745,0.05500000000000005,0.05250000000000005,ibtuxamy,fixed_alpha1.5_german_gender_seed0,FixedAlpha_1.5,0,
0,1,0.72,0.0,0.0625,vdcmq8ir,fixed_alpha1.5_german_gender_seed1,FixedAlpha_1.5,1,
1,2,0.705,0.010000000000000009,0.04250000000000004,vdcmq8ir,fixed_alpha1.5_german_gender_seed1,FixedAlpha_1.5,1,
2,3,0.705,0.02499999999999991,0.04999999999999999,vdcmq8ir,fixed_alpha1.5_german_gender_seed1,FixedAlpha_1.5,1,
3,4,0.71,0.02499999999999991,0.024999999999999967,vdcmq8ir,fixed_alpha1.5_german_gender_seed1,FixedAlpha_1.5,1,
4,5,0.715,0.02499999999999991,0.02499999999999991,vdcmq8ir,fixed_alpha1.5_german_gender_seed1,FixedAlpha_1.5,1,
5,6,0.74,0.02499999999999991,0.024999999999999967,vdcmq8ir,fixed_alpha1.5_german_gender_seed1,FixedAlpha_1.5,1,
6,7,0.735,0.0050000000000000044,0.015000000000000013,vdcmq8ir,fixed_alpha1.5_german_gender_seed1,FixedAlpha_1.5,1,
7,8,0.735,0.020000000000000018,0.07250000000000001,vdcmq8ir,fixed_alpha1.5_german_gender_seed1,FixedAlpha_1.5,1,
8,9,0.745,0.010000000000000009,0.030000000000000027,vdcmq8ir,fixed_alpha1.5_german_gender_seed1,FixedAlpha_1.5,1,
9,10,0.75,0.010000000000000009,0.017500000000000016,vdcmq8ir,fixed_alpha1.5_german_gender_seed1,FixedAlpha_1.5,1,
10,11,0.75,0.03500000000000003,0.017500000000000016,vdcmq8ir,fixed_alpha1.5_german_gender_seed1,FixedAlpha_1.5,1,
11,12,0.75,0.025000000000000022,0.025000000000000022,vdcmq8ir,fixed_alpha1.5_german_gender_seed1,FixedAlpha_1.5,1,
12,13,0.74,0.040000000000000036,0.03250000000000003,vdcmq8ir,fixed_alpha1.5_german_gender_seed1,FixedAlpha_1.5,1,
13,14,0.73,0.05500000000000005,0.040000000000000036,vdcmq8ir,fixed_alpha1.5_german_gender_seed1,FixedAlpha_1.5,1,
14,15,0.73,0.04500000000000004,0.04749999999999999,vdcmq8ir,fixed_alpha1.5_german_gender_seed1,FixedAlpha_1.5,1,
15,16,0.735,0.03500000000000003,0.0675,vdcmq8ir,fixed_alpha1.5_german_gender_seed1,FixedAlpha_1.5,1,
16,17,0.735,0.05999999999999994,0.09249999999999997,vdcmq8ir,fixed_alpha1.5_german_gender_seed1,FixedAlpha_1.5,1,
17,18,0.74,0.05999999999999994,0.0675,vdcmq8ir,fixed_alpha1.5_german_gender_seed1,FixedAlpha_1.5,1,
18,19,0.735,0.07499999999999996,0.0875,vdcmq8ir,fixed_alpha1.5_german_gender_seed1,FixedAlpha_1.5,1,
19,20,0.73,0.09999999999999998,0.1,vdcmq8ir,fixed_alpha1.5_german_gender_seed1,FixedAlpha_1.5,1,
20,21,0.73,0.09999999999999998,0.1,vdcmq8ir,fixed_alpha1.5_german_gender_seed1,FixedAlpha_1.5,1,
21,22,0.735,0.09999999999999998,0.07499999999999998,vdcmq8ir,fixed_alpha1.5_german_gender_seed1,FixedAlpha_1.5,1,
22,23,0.735,0.09999999999999998,0.11250000000000002,vdcmq8ir,fixed_alpha1.5_german_gender_seed1,FixedAlpha_1.5,1,
23,24,0.74,0.07499999999999996,0.1,vdcmq8ir,fixed_alpha1.5_german_gender_seed1,FixedAlpha_1.5,1,
24,25,0.745,0.07499999999999996,0.07499999999999998,vdcmq8ir,fixed_alpha1.5_german_gender_seed1,FixedAlpha_1.5,1,
25,26,0.74,0.06499999999999995,0.06999999999999998,vdcmq8ir,fixed_alpha1.5_german_gender_seed1,FixedAlpha_1.5,1,
26,27,0.735,0.08999999999999997,0.08249999999999999,vdcmq8ir,fixed_alpha1.5_german_gender_seed1,FixedAlpha_1.5,1,
27,28,0.73,0.08999999999999997,0.06999999999999998,vdcmq8ir,fixed_alpha1.5_german_gender_seed1,FixedAlpha_1.5,1,
28,29,0.725,0.11499999999999999,0.08249999999999999,vdcmq8ir,fixed_alpha1.5_german_gender_seed1,FixedAlpha_1.5,1,
29,30,0.725,0.11499999999999999,0.08249999999999999,vdcmq8ir,fixed_alpha1.5_german_gender_seed1,FixedAlpha_1.5,1,
0,1,0.295,0.04000000000000001,0.12000000000000001,cc8g4lyv,fixed_alpha1.5_german_gender_seed2,FixedAlpha_1.5,2,
1,2,0.365,0.03,0.1275,cc8g4lyv,fixed_alpha1.5_german_gender_seed2,FixedAlpha_1.5,2,
2,3,0.46,0.10000000000000003,0.275,cc8g4lyv,fixed_alpha1.5_german_gender_seed2,FixedAlpha_1.5,2,
3,4,0.555,0.06500000000000006,0.1825,cc8g4lyv,fixed_alpha1.5_german_gender_seed2,FixedAlpha_1.5,2,
4,5,0.665,0.03500000000000003,0.10499999999999998,cc8g4lyv,fixed_alpha1.5_german_gender_seed2,FixedAlpha_1.5,2,
5,6,0.695,0.030000000000000027,0.11500000000000005,cc8g4lyv,fixed_alpha1.5_german_gender_seed2,FixedAlpha_1.5,2,
6,7,0.705,0.010000000000000009,0.0675,cc8g4lyv,fixed_alpha1.5_german_gender_seed2,FixedAlpha_1.5,2,
7,8,0.69,0.010000000000000009,0.0675,cc8g4lyv,fixed_alpha1.5_german_gender_seed2,FixedAlpha_1.5,2,
8,9,0.71,0.0050000000000000044,0.08999999999999997,cc8g4lyv,fixed_alpha1.5_german_gender_seed2,FixedAlpha_1.5,2,
9,10,0.71,0.0050000000000000044,0.08999999999999997,cc8g4lyv,fixed_alpha1.5_german_gender_seed2,FixedAlpha_1.5,2,
10,11,0.705,0.010000000000000009,0.10499999999999998,cc8g4lyv,fixed_alpha1.5_german_gender_seed2,FixedAlpha_1.5,2,
11,12,0.71,0.010000000000000009,0.13,cc8g4lyv,fixed_alpha1.5_german_gender_seed2,FixedAlpha_1.5,2,
12,13,0.715,0.05999999999999994,0.15499999999999997,cc8g4lyv,fixed_alpha1.5_german_gender_seed2,FixedAlpha_1.5,2,
13,14,0.72,0.030000000000000027,0.1275,cc8g4lyv,fixed_alpha1.5_german_gender_seed2,FixedAlpha_1.5,2,
14,15,0.72,0.08000000000000007,0.16500000000000004,cc8g4lyv,fixed_alpha1.5_german_gender_seed2,FixedAlpha_1.5,2,
15,16,0.73,0.07000000000000006,0.1225,cc8g4lyv,fixed_alpha1.5_german_gender_seed2,FixedAlpha_1.5,2,
16,17,0.725,0.050000000000000044,0.09999999999999998,cc8g4lyv,fixed_alpha1.5_german_gender_seed2,FixedAlpha_1.5,2,
17,18,0.73,0.020000000000000018,0.11000000000000001,cc8g4lyv,fixed_alpha1.5_german_gender_seed2,FixedAlpha_1.5,2,
18,19,0.735,0.04500000000000004,0.0975,cc8g4lyv,fixed_alpha1.5_german_gender_seed2,FixedAlpha_1.5,2,
19,20,0.73,0.03500000000000003,0.0925,cc8g4lyv,fixed_alpha1.5_german_gender_seed2,FixedAlpha_1.5,2,
20,21,0.74,0.03500000000000003,0.06750000000000003,cc8g4lyv,fixed_alpha1.5_german_gender_seed2,FixedAlpha_1.5,2,
21,22,0.735,0.025000000000000022,0.06250000000000003,cc8g4lyv,fixed_alpha1.5_german_gender_seed2,FixedAlpha_1.5,2,
22,23,0.74,0.025000000000000022,0.05000000000000002,cc8g4lyv,fixed_alpha1.5_german_gender_seed2,FixedAlpha_1.5,2,
23,24,0.735,0.025000000000000022,0.025000000000000022,cc8g4lyv,fixed_alpha1.5_german_gender_seed2,FixedAlpha_1.5,2,
24,25,0.73,0.039999999999999925,0.019999999999999962,cc8g4lyv,fixed_alpha1.5_german_gender_seed2,FixedAlpha_1.5,2,
25,26,0.73,0.039999999999999925,0.019999999999999962,cc8g4lyv,fixed_alpha1.5_german_gender_seed2,FixedAlpha_1.5,2,
26,27,0.73,0.039999999999999925,0.019999999999999962,cc8g4lyv,fixed_alpha1.5_german_gender_seed2,FixedAlpha_1.5,2,
27,28,0.73,0.039999999999999925,0.019999999999999962,cc8g4lyv,fixed_alpha1.5_german_gender_seed2,FixedAlpha_1.5,2,
28,29,0.73,0.039999999999999925,0.019999999999999962,cc8g4lyv,fixed_alpha1.5_german_gender_seed2,FixedAlpha_1.5,2,
29,30,0.73,0.039999999999999925,0.019999999999999962,cc8g4lyv,fixed_alpha1.5_german_gender_seed2,FixedAlpha_1.5,2,
0,1,0.45,0.05500000000000002,0.052500000000000005,7jm1t8pp,fixed_alpha1.5_german_gender_seed3,FixedAlpha_1.5,3,
1,2,0.51,0.03999999999999998,0.01999999999999999,7jm1t8pp,fixed_alpha1.5_german_gender_seed3,FixedAlpha_1.5,3,
2,3,0.59,0.020000000000000018,0.11000000000000001,7jm1t8pp,fixed_alpha1.5_german_gender_seed3,FixedAlpha_1.5,3,
3,4,0.625,0.015000000000000013,0.020000000000000018,7jm1t8pp,fixed_alpha1.5_german_gender_seed3,FixedAlpha_1.5,3,
4,5,0.66,0.010000000000000009,0.02999999999999997,7jm1t8pp,fixed_alpha1.5_german_gender_seed3,FixedAlpha_1.5,3,
5,6,0.685,0.010000000000000009,0.02999999999999997,7jm1t8pp,fixed_alpha1.5_german_gender_seed3,FixedAlpha_1.5,3,
6,7,0.69,0.020000000000000018,0.010000000000000009,7jm1t8pp,fixed_alpha1.5_german_gender_seed3,FixedAlpha_1.5,3,
7,8,0.69,0.020000000000000018,0.010000000000000009,7jm1t8pp,fixed_alpha1.5_german_gender_seed3,FixedAlpha_1.5,3,
8,9,0.69,0.010000000000000009,0.02999999999999997,7jm1t8pp,fixed_alpha1.5_german_gender_seed3,FixedAlpha_1.5,3,
9,10,0.7,0.03499999999999992,0.02999999999999997,7jm1t8pp,fixed_alpha1.5_german_gender_seed3,FixedAlpha_1.5,3,
10,11,0.71,0.02499999999999991,0.024999999999999967,7jm1t8pp,fixed_alpha1.5_german_gender_seed3,FixedAlpha_1.5,3,
11,12,0.71,0.05500000000000005,0.07750000000000007,7jm1t8pp,fixed_alpha1.5_german_gender_seed3,FixedAlpha_1.5,3,
12,13,0.715,0.07000000000000006,0.08500000000000002,7jm1t8pp,fixed_alpha1.5_german_gender_seed3,FixedAlpha_1.5,3,
13,14,0.71,0.07500000000000007,0.0625,7jm1t8pp,fixed_alpha1.5_german_gender_seed3,FixedAlpha_1.5,3,
14,15,0.715,0.07500000000000007,0.08750000000000002,7jm1t8pp,fixed_alpha1.5_german_gender_seed3,FixedAlpha_1.5,3,
15,16,0.72,0.07500000000000007,0.07500000000000007,7jm1t8pp,fixed_alpha1.5_german_gender_seed3,FixedAlpha_1.5,3,
16,17,0.725,0.050000000000000044,0.06250000000000006,7jm1t8pp,fixed_alpha1.5_german_gender_seed3,FixedAlpha_1.5,3,
17,18,0.715,0.030000000000000027,0.05250000000000005,7jm1t8pp,fixed_alpha1.5_german_gender_seed3,FixedAlpha_1.5,3,
18,19,0.715,0.030000000000000027,0.05250000000000005,7jm1t8pp,fixed_alpha1.5_german_gender_seed3,FixedAlpha_1.5,3,
19,20,0.715,0.030000000000000027,0.05250000000000005,7jm1t8pp,fixed_alpha1.5_german_gender_seed3,FixedAlpha_1.5,3,
20,21,0.72,0.030000000000000027,0.040000000000000036,7jm1t8pp,fixed_alpha1.5_german_gender_seed3,FixedAlpha_1.5,3,
21,22,0.73,0.030000000000000027,0.015000000000000013,7jm1t8pp,fixed_alpha1.5_german_gender_seed3,FixedAlpha_1.5,3,
22,23,0.73,0.030000000000000027,0.015000000000000013,7jm1t8pp,fixed_alpha1.5_german_gender_seed3,FixedAlpha_1.5,3,
23,24,0.745,0.0050000000000000044,0.014999999999999958,7jm1t8pp,fixed_alpha1.5_german_gender_seed3,FixedAlpha_1.5,3,
24,25,0.75,0.0050000000000000044,0.0025000000000000022,7jm1t8pp,fixed_alpha1.5_german_gender_seed3,FixedAlpha_1.5,3,
25,26,0.745,0.0050000000000000044,0.0025000000000000022,7jm1t8pp,fixed_alpha1.5_german_gender_seed3,FixedAlpha_1.5,3,
26,27,0.74,0.015000000000000013,0.007500000000000007,7jm1t8pp,fixed_alpha1.5_german_gender_seed3,FixedAlpha_1.5,3,
27,28,0.74,0.015000000000000013,0.007500000000000007,7jm1t8pp,fixed_alpha1.5_german_gender_seed3,FixedAlpha_1.5,3,
28,29,0.735,0.010000000000000009,0.0050000000000000044,7jm1t8pp,fixed_alpha1.5_german_gender_seed3,FixedAlpha_1.5,3,
29,30,0.735,0.010000000000000009,0.0050000000000000044,7jm1t8pp,fixed_alpha1.5_german_gender_seed3,FixedAlpha_1.5,3,
0,1,0.6,0.10000000000000009,0.08750000000000002,b77wkir8,fixed_alpha1.5_german_gender_seed5,FixedAlpha_1.5,5,
1,2,0.65,0.06000000000000005,0.09250000000000003,b77wkir8,fixed_alpha1.5_german_gender_seed5,FixedAlpha_1.5,5,
2,3,0.705,0.015000000000000013,0.04500000000000004,b77wkir8,fixed_alpha1.5_german_gender_seed5,FixedAlpha_1.5,5,
3,4,0.715,0.025000000000000022,0.07500000000000001,b77wkir8,fixed_alpha1.5_german_gender_seed5,FixedAlpha_1.5,5,
4,5,0.715,0.025000000000000022,0.07500000000000001,b77wkir8,fixed_alpha1.5_german_gender_seed5,FixedAlpha_1.5,5,
5,6,0.715,0.025000000000000022,0.07500000000000001,b77wkir8,fixed_alpha1.5_german_gender_seed5,FixedAlpha_1.5,5,
6,7,0.725,0.015000000000000013,0.07,b77wkir8,fixed_alpha1.5_german_gender_seed5,FixedAlpha_1.5,5,
7,8,0.73,0.0050000000000000044,0.065,b77wkir8,fixed_alpha1.5_german_gender_seed5,FixedAlpha_1.5,5,
8,9,0.745,0.010000000000000009,0.04250000000000004,b77wkir8,fixed_alpha1.5_german_gender_seed5,FixedAlpha_1.5,5,
9,10,0.755,0.0,0.0,b77wkir8,fixed_alpha1.5_german_gender_seed5,FixedAlpha_1.5,5,
10,11,0.745,0.06499999999999995,0.05749999999999994,b77wkir8,fixed_alpha1.5_german_gender_seed5,FixedAlpha_1.5,5,
11,12,0.73,0.06000000000000005,0.0675,b77wkir8,fixed_alpha1.5_german_gender_seed5,FixedAlpha_1.5,5,
12,13,0.74,0.040000000000000036,0.10749999999999998,b77wkir8,fixed_alpha1.5_german_gender_seed5,FixedAlpha_1.5,5,
13,14,0.735,0.08999999999999997,0.10749999999999998,b77wkir8,fixed_alpha1.5_german_gender_seed5,FixedAlpha_1.5,5,
14,15,0.735,0.125,0.125,b77wkir8,fixed_alpha1.5_german_gender_seed5,FixedAlpha_1.5,5,
15,16,0.74,0.09999999999999998,0.11249999999999999,b77wkir8,fixed_alpha1.5_german_gender_seed5,FixedAlpha_1.5,5,
16,17,0.74,0.09999999999999998,0.11249999999999999,b77wkir8,fixed_alpha1.5_german_gender_seed5,FixedAlpha_1.5,5,
17,18,0.74,0.09999999999999998,0.11249999999999999,b77wkir8,fixed_alpha1.5_german_gender_seed5,FixedAlpha_1.5,5,
18,19,0.74,0.125,0.09999999999999998,b77wkir8,fixed_alpha1.5_german_gender_seed5,FixedAlpha_1.5,5,
19,20,0.74,0.14,0.08250000000000002,b77wkir8,fixed_alpha1.5_german_gender_seed5,FixedAlpha_1.5,5,
20,21,0.735,0.13,0.07750000000000001,b77wkir8,fixed_alpha1.5_german_gender_seed5,FixedAlpha_1.5,5,
21,22,0.73,0.12,0.07250000000000001,b77wkir8,fixed_alpha1.5_german_gender_seed5,FixedAlpha_1.5,5,
22,23,0.725,0.07499999999999996,0.04999999999999999,b77wkir8,fixed_alpha1.5_german_gender_seed5,FixedAlpha_1.5,5,
23,24,0.725,0.09999999999999998,0.04999999999999999,b77wkir8,fixed_alpha1.5_german_gender_seed5,FixedAlpha_1.5,5,
24,25,0.72,0.08999999999999997,0.044999999999999984,b77wkir8,fixed_alpha1.5_german_gender_seed5,FixedAlpha_1.5,5,
25,26,0.715,0.08999999999999997,0.057499999999999996,b77wkir8,fixed_alpha1.5_german_gender_seed5,FixedAlpha_1.5,5,
26,27,0.72,0.06499999999999995,0.044999999999999984,b77wkir8,fixed_alpha1.5_german_gender_seed5,FixedAlpha_1.5,5,
27,28,0.715,0.05499999999999994,0.03999999999999998,b77wkir8,fixed_alpha1.5_german_gender_seed5,FixedAlpha_1.5,5,
28,29,0.715,0.05499999999999994,0.03999999999999998,b77wkir8,fixed_alpha1.5_german_gender_seed5,FixedAlpha_1.5,5,
29,30,0.72,0.06499999999999995,0.044999999999999984,b77wkir8,fixed_alpha1.5_german_gender_seed5,FixedAlpha_1.5,5,
0,1,0.62,0.05499999999999994,0.11499999999999999,vjbie58u,fixed_alpha1.5_german_gender_seed6,FixedAlpha_1.5,6,
1,2,0.685,0.025000000000000022,0.0625,vjbie58u,fixed_alpha1.5_german_gender_seed6,FixedAlpha_1.5,6,
2,3,0.725,0.0050000000000000044,0.07750000000000001,vjbie58u,fixed_alpha1.5_german_gender_seed6,FixedAlpha_1.5,6,
3,4,0.74,0.020000000000000018,0.06,vjbie58u,fixed_alpha1.5_german_gender_seed6,FixedAlpha_1.5,6,
4,5,0.74,0.020000000000000018,0.06,vjbie58u,fixed_alpha1.5_german_gender_seed6,FixedAlpha_1.5,6,
5,6,0.745,0.020000000000000018,0.11000000000000004,vjbie58u,fixed_alpha1.5_german_gender_seed6,FixedAlpha_1.5,6,
6,7,0.75,0.0,0.025000000000000022,vjbie58u,fixed_alpha1.5_german_gender_seed6,FixedAlpha_1.5,6,
7,8,0.75,0.014999999999999902,0.019999999999999907,vjbie58u,fixed_alpha1.5_german_gender_seed6,FixedAlpha_1.5,6,
8,9,0.75,0.09500000000000008,0.06000000000000005,vjbie58u,fixed_alpha1.5_german_gender_seed6,FixedAlpha_1.5,6,
9,10,0.745,0.14500000000000002,0.09749999999999998,vjbie58u,fixed_alpha1.5_german_gender_seed6,FixedAlpha_1.5,6,
10,11,0.74,0.11499999999999999,0.07,vjbie58u,fixed_alpha1.5_german_gender_seed6,FixedAlpha_1.5,6,
11,12,0.74,0.11499999999999999,0.07,vjbie58u,fixed_alpha1.5_german_gender_seed6,FixedAlpha_1.5,6,
12,13,0.725,0.12,0.07250000000000001,vjbie58u,fixed_alpha1.5_german_gender_seed6,FixedAlpha_1.5,6,
13,14,0.72,0.17000000000000004,0.11000000000000004,vjbie58u,fixed_alpha1.5_german_gender_seed6,FixedAlpha_1.5,6,
14,15,0.715,0.16000000000000003,0.10500000000000004,vjbie58u,fixed_alpha1.5_german_gender_seed6,FixedAlpha_1.5,6,
15,16,0.715,0.16000000000000003,0.10500000000000004,vjbie58u,fixed_alpha1.5_german_gender_seed6,FixedAlpha_1.5,6,
16,17,0.71,0.15000000000000002,0.10000000000000003,vjbie58u,fixed_alpha1.5_german_gender_seed6,FixedAlpha_1.5,6,
17,18,0.715,0.15000000000000002,0.07500000000000001,vjbie58u,fixed_alpha1.5_german_gender_seed6,FixedAlpha_1.5,6,
18,19,0.715,0.15000000000000002,0.07500000000000001,vjbie58u,fixed_alpha1.5_german_gender_seed6,FixedAlpha_1.5,6,
19,20,0.72,0.15000000000000002,0.08750000000000002,vjbie58u,fixed_alpha1.5_german_gender_seed6,FixedAlpha_1.5,6,
20,21,0.72,0.15000000000000002,0.08750000000000002,vjbie58u,fixed_alpha1.5_german_gender_seed6,FixedAlpha_1.5,6,
21,22,0.71,0.13,0.07750000000000001,vjbie58u,fixed_alpha1.5_german_gender_seed6,FixedAlpha_1.5,6,
22,23,0.715,0.13,0.09,vjbie58u,fixed_alpha1.5_german_gender_seed6,FixedAlpha_1.5,6,
23,24,0.71,0.13,0.07750000000000001,vjbie58u,fixed_alpha1.5_german_gender_seed6,FixedAlpha_1.5,6,
24,25,0.71,0.13,0.07750000000000001,vjbie58u,fixed_alpha1.5_german_gender_seed6,FixedAlpha_1.5,6,
25,26,0.705,0.12,0.07250000000000001,vjbie58u,fixed_alpha1.5_german_gender_seed6,FixedAlpha_1.5,6,
26,27,0.705,0.1449999999999999,0.09749999999999995,vjbie58u,fixed_alpha1.5_german_gender_seed6,FixedAlpha_1.5,6,
27,28,0.7,0.135,0.0925,vjbie58u,fixed_alpha1.5_german_gender_seed6,FixedAlpha_1.5,6,
28,29,0.715,0.15499999999999992,0.11499999999999996,vjbie58u,fixed_alpha1.5_german_gender_seed6,FixedAlpha_1.5,6,
29,30,0.71,0.1449999999999999,0.10999999999999996,vjbie58u,fixed_alpha1.5_german_gender_seed6,FixedAlpha_1.5,6,
0,1,0.685,0.06000000000000005,0.05500000000000005,tly1q942,fixed_alpha1.5_german_gender_seed8,FixedAlpha_1.5,8,
1,2,0.71,0.010000000000000009,0.05499999999999999,tly1q942,fixed_alpha1.5_german_gender_seed8,FixedAlpha_1.5,8,
2,3,0.725,0.015000000000000013,0.057499999999999996,tly1q942,fixed_alpha1.5_german_gender_seed8,FixedAlpha_1.5,8,
3,4,0.725,0.015000000000000013,0.057499999999999996,tly1q942,fixed_alpha1.5_german_gender_seed8,FixedAlpha_1.5,8,
4,5,0.725,0.020000000000000018,0.06,tly1q942,fixed_alpha1.5_german_gender_seed8,FixedAlpha_1.5,8,
5,6,0.735,0.0050000000000000044,0.10249999999999998,tly1q942,fixed_alpha1.5_german_gender_seed8,FixedAlpha_1.5,8,
6,7,0.74,0.03499999999999992,0.05499999999999999,tly1q942,fixed_alpha1.5_german_gender_seed8,FixedAlpha_1.5,8,
7,8,0.735,0.06499999999999995,0.03249999999999997,tly1q942,fixed_alpha1.5_german_gender_seed8,FixedAlpha_1.5,8,
8,9,0.725,0.13,0.07750000000000001,tly1q942,fixed_alpha1.5_german_gender_seed8,FixedAlpha_1.5,8,
9,10,0.75,0.13,0.08999999999999997,tly1q942,fixed_alpha1.5_german_gender_seed8,FixedAlpha_1.5,8,
10,11,0.74,0.125,0.0625,tly1q942,fixed_alpha1.5_german_gender_seed8,FixedAlpha_1.5,8,
11,12,0.735,0.10499999999999998,0.065,tly1q942,fixed_alpha1.5_german_gender_seed8,FixedAlpha_1.5,8,
12,13,0.735,0.13,0.09000000000000002,tly1q942,fixed_alpha1.5_german_gender_seed8,FixedAlpha_1.5,8,
13,14,0.74,0.13,0.10250000000000004,tly1q942,fixed_alpha1.5_german_gender_seed8,FixedAlpha_1.5,8,
14,15,0.74,0.14,0.1325,tly1q942,fixed_alpha1.5_german_gender_seed8,FixedAlpha_1.5,8,
15,16,0.74,0.10499999999999998,0.11499999999999999,tly1q942,fixed_alpha1.5_german_gender_seed8,FixedAlpha_1.5,8,
16,17,0.75,0.07999999999999996,0.07750000000000001,tly1q942,fixed_alpha1.5_german_gender_seed8,FixedAlpha_1.5,8,
17,18,0.755,0.07999999999999996,0.05249999999999999,tly1q942,fixed_alpha1.5_german_gender_seed8,FixedAlpha_1.5,8,
18,19,0.755,0.06999999999999995,0.05999999999999997,tly1q942,fixed_alpha1.5_german_gender_seed8,FixedAlpha_1.5,8,
19,20,0.75,0.08499999999999996,0.07999999999999999,tly1q942,fixed_alpha1.5_german_gender_seed8,FixedAlpha_1.5,8,
20,21,0.755,0.08499999999999996,0.09249999999999997,tly1q942,fixed_alpha1.5_german_gender_seed8,FixedAlpha_1.5,8,
21,22,0.745,0.09999999999999998,0.09999999999999998,tly1q942,fixed_alpha1.5_german_gender_seed8,FixedAlpha_1.5,8,
22,23,0.755,0.04999999999999993,0.07499999999999996,tly1q942,fixed_alpha1.5_german_gender_seed8,FixedAlpha_1.5,8,
23,24,0.755,0.04999999999999993,0.07499999999999996,tly1q942,fixed_alpha1.5_german_gender_seed8,FixedAlpha_1.5,8,
24,25,0.755,0.04999999999999993,0.07499999999999996,tly1q942,fixed_alpha1.5_german_gender_seed8,FixedAlpha_1.5,8,
25,26,0.755,0.04999999999999993,0.07499999999999996,tly1q942,fixed_alpha1.5_german_gender_seed8,FixedAlpha_1.5,8,
26,27,0.755,0.04999999999999993,0.07499999999999996,tly1q942,fixed_alpha1.5_german_gender_seed8,FixedAlpha_1.5,8,
27,28,0.755,0.04999999999999993,0.07499999999999996,tly1q942,fixed_alpha1.5_german_gender_seed8,FixedAlpha_1.5,8,
28,29,0.755,0.04999999999999993,0.07499999999999996,tly1q942,fixed_alpha1.5_german_gender_seed8,FixedAlpha_1.5,8,
29,30,0.755,0.04999999999999993,0.07499999999999996,tly1q942,fixed_alpha1.5_german_gender_seed8,FixedAlpha_1.5,8,
0,1,0.56,0.05999999999999994,0.09249999999999997,35ku8ucq,fixed_alpha1.5_german_gender_seed9,FixedAlpha_1.5,9,
1,2,0.64,0.020000000000000018,0.010000000000000009,35ku8ucq,fixed_alpha1.5_german_gender_seed9,FixedAlpha_1.5,9,
2,3,0.675,0.0050000000000000044,0.040000000000000036,35ku8ucq,fixed_alpha1.5_german_gender_seed9,FixedAlpha_1.5,9,
3,4,0.695,0.015000000000000013,0.03249999999999997,35ku8ucq,fixed_alpha1.5_german_gender_seed9,FixedAlpha_1.5,9,
4,5,0.7,0.0050000000000000044,0.0025000000000000022,35ku8ucq,fixed_alpha1.5_german_gender_seed9,FixedAlpha_1.5,9,
5,6,0.7,0.0050000000000000044,0.0025000000000000022,35ku8ucq,fixed_alpha1.5_german_gender_seed9,FixedAlpha_1.5,9,
6,7,0.725,0.015000000000000013,0.07,35ku8ucq,fixed_alpha1.5_german_gender_seed9,FixedAlpha_1.5,9,
7,8,0.725,0.020000000000000018,0.07250000000000001,35ku8ucq,fixed_alpha1.5_german_gender_seed9,FixedAlpha_1.5,9,
8,9,0.73,0.08499999999999996,0.04249999999999998,35ku8ucq,fixed_alpha1.5_german_gender_seed9,FixedAlpha_1.5,9,
9,10,0.74,0.08999999999999997,0.057499999999999996,35ku8ucq,fixed_alpha1.5_german_gender_seed9,FixedAlpha_1.5,9,
10,11,0.74,0.09500000000000008,0.09750000000000003,35ku8ucq,fixed_alpha1.5_german_gender_seed9,FixedAlpha_1.5,9,
11,12,0.755,0.10999999999999999,0.15499999999999997,35ku8ucq,fixed_alpha1.5_german_gender_seed9,FixedAlpha_1.5,9,
12,13,0.75,0.125,0.1875,35ku8ucq,fixed_alpha1.5_german_gender_seed9,FixedAlpha_1.5,9,
13,14,0.755,0.125,0.1375,35ku8ucq,fixed_alpha1.5_german_gender_seed9,FixedAlpha_1.5,9,
14,15,0.755,0.125,0.1375,35ku8ucq,fixed_alpha1.5_german_gender_seed9,FixedAlpha_1.5,9,
15,16,0.755,0.135,0.15499999999999997,35ku8ucq,fixed_alpha1.5_german_gender_seed9,FixedAlpha_1.5,9,
16,17,0.755,0.14500000000000002,0.13499999999999998,35ku8ucq,fixed_alpha1.5_german_gender_seed9,FixedAlpha_1.5,9,
17,18,0.76,0.14500000000000002,0.12250000000000003,35ku8ucq,fixed_alpha1.5_german_gender_seed9,FixedAlpha_1.5,9,
18,19,0.77,0.15500000000000003,0.11500000000000002,35ku8ucq,fixed_alpha1.5_german_gender_seed9,FixedAlpha_1.5,9,
19,20,0.76,0.135,0.10500000000000001,35ku8ucq,fixed_alpha1.5_german_gender_seed9,FixedAlpha_1.5,9,
20,21,0.755,0.125,0.1,35ku8ucq,fixed_alpha1.5_german_gender_seed9,FixedAlpha_1.5,9,
21,22,0.75,0.10499999999999998,0.07749999999999999,35ku8ucq,fixed_alpha1.5_german_gender_seed9,FixedAlpha_1.5,9,
22,23,0.745,0.09499999999999997,0.07249999999999998,35ku8ucq,fixed_alpha1.5_german_gender_seed9,FixedAlpha_1.5,9,
23,24,0.75,0.10499999999999998,0.07749999999999999,35ku8ucq,fixed_alpha1.5_german_gender_seed9,FixedAlpha_1.5,9,
24,25,0.75,0.10499999999999998,0.07749999999999999,35ku8ucq,fixed_alpha1.5_german_gender_seed9,FixedAlpha_1.5,9,
25,26,0.745,0.13,0.09,35ku8ucq,fixed_alpha1.5_german_gender_seed9,FixedAlpha_1.5,9,
26,27,0.745,0.16500000000000004,0.10750000000000001,35ku8ucq,fixed_alpha1.5_german_gender_seed9,FixedAlpha_1.5,9,
27,28,0.735,0.16500000000000004,0.09500000000000003,35ku8ucq,fixed_alpha1.5_german_gender_seed9,FixedAlpha_1.5,9,
28,29,0.74,0.14,0.08250000000000002,35ku8ucq,fixed_alpha1.5_german_gender_seed9,FixedAlpha_1.5,9,
29,30,0.73,0.12,0.07250000000000001,35ku8ucq,fixed_alpha1.5_german_gender_seed9,FixedAlpha_1.5,9,
0,1,0.7,0.015000000000000013,0.057499999999999996,css4qj13,fixed_alpha1.5_german_gender_seed4,FixedAlpha_1.5,4,
1,2,0.695,0.015000000000000013,0.03250000000000003,css4qj13,fixed_alpha1.5_german_gender_seed4,FixedAlpha_1.5,4,
2,3,0.7,0.015000000000000013,0.020000000000000018,css4qj13,fixed_alpha1.5_german_gender_seed4,FixedAlpha_1.5,4,
3,4,0.695,0.040000000000000036,0.03250000000000003,css4qj13,fixed_alpha1.5_german_gender_seed4,FixedAlpha_1.5,4,
4,5,0.695,0.06499999999999995,0.03249999999999997,css4qj13,fixed_alpha1.5_german_gender_seed4,FixedAlpha_1.5,4,
5,6,0.7,0.05499999999999994,0.07749999999999996,css4qj13,fixed_alpha1.5_german_gender_seed4,FixedAlpha_1.5,4,
6,7,0.705,0.05499999999999994,0.065,css4qj13,fixed_alpha1.5_german_gender_seed4,FixedAlpha_1.5,4,
7,8,0.71,0.04499999999999993,0.07249999999999995,css4qj13,fixed_alpha1.5_german_gender_seed4,FixedAlpha_1.5,4,
8,9,0.72,0.03499999999999992,0.10499999999999998,css4qj13,fixed_alpha1.5_german_gender_seed4,FixedAlpha_1.5,4,
9,10,0.705,0.135,0.14250000000000002,css4qj13,fixed_alpha1.5_german_gender_seed4,FixedAlpha_1.5,4,
10,11,0.7,0.09500000000000008,0.12250000000000005,css4qj13,fixed_alpha1.5_german_gender_seed4,FixedAlpha_1.5,4,
11,12,0.7,0.06500000000000006,0.07,css4qj13,fixed_alpha1.5_german_gender_seed4,FixedAlpha_1.5,4,
12,13,0.7,0.06500000000000006,0.07,css4qj13,fixed_alpha1.5_german_gender_seed4,FixedAlpha_1.5,4,
13,14,0.705,0.06500000000000006,0.09500000000000003,css4qj13,fixed_alpha1.5_german_gender_seed4,FixedAlpha_1.5,4,
14,15,0.705,0.08999999999999997,0.13249999999999995,css4qj13,fixed_alpha1.5_german_gender_seed4,FixedAlpha_1.5,4,
15,16,0.715,0.08999999999999997,0.10749999999999998,css4qj13,fixed_alpha1.5_german_gender_seed4,FixedAlpha_1.5,4,
16,17,0.72,0.08999999999999997,0.09499999999999997,css4qj13,fixed_alpha1.5_german_gender_seed4,FixedAlpha_1.5,4,
17,18,0.72,0.08999999999999997,0.09499999999999997,css4qj13,fixed_alpha1.5_german_gender_seed4,FixedAlpha_1.5,4,
18,19,0.72,0.08999999999999997,0.09499999999999997,css4qj13,fixed_alpha1.5_german_gender_seed4,FixedAlpha_1.5,4,
19,20,0.725,0.11499999999999999,0.12,css4qj13,fixed_alpha1.5_german_gender_seed4,FixedAlpha_1.5,4,
20,21,0.725,0.11499999999999999,0.12,css4qj13,fixed_alpha1.5_german_gender_seed4,FixedAlpha_1.5,4,
21,22,0.725,0.11499999999999999,0.12,css4qj13,fixed_alpha1.5_german_gender_seed4,FixedAlpha_1.5,4,
22,23,0.735,0.11499999999999999,0.09499999999999997,css4qj13,fixed_alpha1.5_german_gender_seed4,FixedAlpha_1.5,4,
23,24,0.735,0.11499999999999999,0.09499999999999997,css4qj13,fixed_alpha1.5_german_gender_seed4,FixedAlpha_1.5,4,
24,25,0.73,0.09499999999999997,0.07250000000000001,css4qj13,fixed_alpha1.5_german_gender_seed4,FixedAlpha_1.5,4,
25,26,0.73,0.09499999999999997,0.07250000000000001,css4qj13,fixed_alpha1.5_german_gender_seed4,FixedAlpha_1.5,4,
26,27,0.73,0.09499999999999997,0.07250000000000001,css4qj13,fixed_alpha1.5_german_gender_seed4,FixedAlpha_1.5,4,
27,28,0.735,0.06999999999999995,0.06,css4qj13,fixed_alpha1.5_german_gender_seed4,FixedAlpha_1.5,4,
28,29,0.735,0.06999999999999995,0.06,css4qj13,fixed_alpha1.5_german_gender_seed4,FixedAlpha_1.5,4,
29,30,0.735,0.06999999999999995,0.06,css4qj13,fixed_alpha1.5_german_gender_seed4,FixedAlpha_1.5,4,
0,1,0.7,0.03500000000000003,0.030000000000000027,vh8wbjf3,fixed_alpha1.5_german_gender_seed7,FixedAlpha_1.5,7,
1,2,0.69,0.015000000000000013,0.007500000000000007,vh8wbjf3,fixed_alpha1.5_german_gender_seed7,FixedAlpha_1.5,7,
2,3,0.69,0.015000000000000013,0.007500000000000007,vh8wbjf3,fixed_alpha1.5_german_gender_seed7,FixedAlpha_1.5,7,
3,4,0.695,0.010000000000000009,0.030000000000000027,vh8wbjf3,fixed_alpha1.5_german_gender_seed7,FixedAlpha_1.5,7,
4,5,0.715,0.03500000000000003,0.04249999999999998,vh8wbjf3,fixed_alpha1.5_german_gender_seed7,FixedAlpha_1.5,7,
5,6,0.72,0.0050000000000000044,0.05250000000000005,vh8wbjf3,fixed_alpha1.5_german_gender_seed7,FixedAlpha_1.5,7,
6,7,0.725,0.0050000000000000044,0.027500000000000024,vh8wbjf3,fixed_alpha1.5_german_gender_seed7,FixedAlpha_1.5,7,
7,8,0.73,0.010000000000000009,0.01749999999999996,vh8wbjf3,fixed_alpha1.5_german_gender_seed7,FixedAlpha_1.5,7,
8,9,0.71,0.050000000000000044,0.025000000000000022,vh8wbjf3,fixed_alpha1.5_german_gender_seed7,FixedAlpha_1.5,7,
9,10,0.715,0.025000000000000022,0.0625,vh8wbjf3,fixed_alpha1.5_german_gender_seed7,FixedAlpha_1.5,7,
10,11,0.72,0.0,0.024999999999999967,vh8wbjf3,fixed_alpha1.5_german_gender_seed7,FixedAlpha_1.5,7,
11,12,0.72,0.025000000000000022,0.024999999999999967,vh8wbjf3,fixed_alpha1.5_german_gender_seed7,FixedAlpha_1.5,7,
12,13,0.725,0.025000000000000022,0.012500000000000011,vh8wbjf3,fixed_alpha1.5_german_gender_seed7,FixedAlpha_1.5,7,
13,14,0.72,0.015000000000000013,0.007500000000000007,vh8wbjf3,fixed_alpha1.5_german_gender_seed7,FixedAlpha_1.5,7,
14,15,0.715,0.014999999999999902,0.03249999999999997,vh8wbjf3,fixed_alpha1.5_german_gender_seed7,FixedAlpha_1.5,7,
15,16,0.72,0.014999999999999902,0.044999999999999984,vh8wbjf3,fixed_alpha1.5_german_gender_seed7,FixedAlpha_1.5,7,
16,17,0.715,0.02499999999999991,0.04999999999999999,vh8wbjf3,fixed_alpha1.5_german_gender_seed7,FixedAlpha_1.5,7,
17,18,0.72,0.02499999999999991,0.024999999999999967,vh8wbjf3,fixed_alpha1.5_german_gender_seed7,FixedAlpha_1.5,7,
18,19,0.725,0.014999999999999902,0.019999999999999962,vh8wbjf3,fixed_alpha1.5_german_gender_seed7,FixedAlpha_1.5,7,
19,20,0.73,0.014999999999999902,0.032499999999999946,vh8wbjf3,fixed_alpha1.5_german_gender_seed7,FixedAlpha_1.5,7,
20,21,0.73,0.0050000000000000044,0.015000000000000013,vh8wbjf3,fixed_alpha1.5_german_gender_seed7,FixedAlpha_1.5,7,
21,22,0.735,0.0050000000000000044,0.015000000000000013,vh8wbjf3,fixed_alpha1.5_german_gender_seed7,FixedAlpha_1.5,7,
22,23,0.73,0.014999999999999902,0.032499999999999946,vh8wbjf3,fixed_alpha1.5_german_gender_seed7,FixedAlpha_1.5,7,
23,24,0.73,0.02499999999999991,0.012499999999999956,vh8wbjf3,fixed_alpha1.5_german_gender_seed7,FixedAlpha_1.5,7,
24,25,0.73,0.02499999999999991,0.012499999999999956,vh8wbjf3,fixed_alpha1.5_german_gender_seed7,FixedAlpha_1.5,7,
25,26,0.73,0.02499999999999991,0.012499999999999956,vh8wbjf3,fixed_alpha1.5_german_gender_seed7,FixedAlpha_1.5,7,
26,27,0.74,0.0050000000000000044,0.0025000000000000022,vh8wbjf3,fixed_alpha1.5_german_gender_seed7,FixedAlpha_1.5,7,
27,28,0.74,0.0050000000000000044,0.0025000000000000022,vh8wbjf3,fixed_alpha1.5_german_gender_seed7,FixedAlpha_1.5,7,
28,29,0.735,0.0050000000000000044,0.014999999999999986,vh8wbjf3,fixed_alpha1.5_german_gender_seed7,FixedAlpha_1.5,7,
29,30,0.73,0.014999999999999902,0.019999999999999934,vh8wbjf3,fixed_alpha1.5_german_gender_seed7,FixedAlpha_1.5,7,
0,1,0.52,0.015000000000000013,0.0325,h1w6y3e4,fixed_alpha1.5_german_gender_seed10,FixedAlpha_1.5,10,
1,2,0.55,0.05999999999999994,0.14249999999999996,h1w6y3e4,fixed_alpha1.5_german_gender_seed10,FixedAlpha_1.5,10,
2,3,0.61,0.050000000000000044,0.10000000000000003,h1w6y3e4,fixed_alpha1.5_german_gender_seed10,FixedAlpha_1.5,10,
3,4,0.695,0.04500000000000004,0.09750000000000003,h1w6y3e4,fixed_alpha1.5_german_gender_seed10,FixedAlpha_1.5,10,
4,5,0.695,0.05500000000000005,0.09000000000000002,h1w6y3e4,fixed_alpha1.5_german_gender_seed10,FixedAlpha_1.5,10,
5,6,0.705,0.039999999999999925,0.08249999999999996,h1w6y3e4,fixed_alpha1.5_german_gender_seed10,FixedAlpha_1.5,10,
6,7,0.705,0.039999999999999925,0.08249999999999996,h1w6y3e4,fixed_alpha1.5_german_gender_seed10,FixedAlpha_1.5,10,
7,8,0.71,0.039999999999999925,0.09499999999999997,h1w6y3e4,fixed_alpha1.5_german_gender_seed10,FixedAlpha_1.5,10,
8,9,0.7,0.05500000000000005,0.10250000000000004,h1w6y3e4,fixed_alpha1.5_german_gender_seed10,FixedAlpha_1.5,10,
9,10,0.67,0.030000000000000027,0.09000000000000002,h1w6y3e4,fixed_alpha1.5_german_gender_seed10,FixedAlpha_1.5,10,
10,11,0.69,0.020000000000000018,0.03500000000000003,h1w6y3e4,fixed_alpha1.5_german_gender_seed10,FixedAlpha_1.5,10,
11,12,0.695,0.04500000000000004,0.07250000000000001,h1w6y3e4,fixed_alpha1.5_german_gender_seed10,FixedAlpha_1.5,10,
12,13,0.68,0.10999999999999999,0.07999999999999996,h1w6y3e4,fixed_alpha1.5_german_gender_seed10,FixedAlpha_1.5,10,
13,14,0.7,0.08499999999999996,0.0675,h1w6y3e4,fixed_alpha1.5_german_gender_seed10,FixedAlpha_1.5,10,
14,15,0.705,0.08499999999999996,0.08000000000000002,h1w6y3e4,fixed_alpha1.5_german_gender_seed10,FixedAlpha_1.5,10,
15,16,0.705,0.08499999999999996,0.08000000000000002,h1w6y3e4,fixed_alpha1.5_german_gender_seed10,FixedAlpha_1.5,10,
16,17,0.705,0.08499999999999996,0.08000000000000002,h1w6y3e4,fixed_alpha1.5_german_gender_seed10,FixedAlpha_1.5,10,
17,18,0.71,0.08499999999999996,0.05499999999999999,h1w6y3e4,fixed_alpha1.5_german_gender_seed10,FixedAlpha_1.5,10,
18,19,0.71,0.08499999999999996,0.05499999999999999,h1w6y3e4,fixed_alpha1.5_german_gender_seed10,FixedAlpha_1.5,10,
19,20,0.715,0.08499999999999996,0.06749999999999995,h1w6y3e4,fixed_alpha1.5_german_gender_seed10,FixedAlpha_1.5,10,
20,21,0.705,0.06499999999999995,0.05749999999999994,h1w6y3e4,fixed_alpha1.5_german_gender_seed10,FixedAlpha_1.5,10,
21,22,0.7,0.06499999999999995,0.044999999999999984,h1w6y3e4,fixed_alpha1.5_german_gender_seed10,FixedAlpha_1.5,10,
22,23,0.695,0.07999999999999996,0.06499999999999995,h1w6y3e4,fixed_alpha1.5_german_gender_seed10,FixedAlpha_1.5,10,
23,24,0.685,0.06000000000000005,0.05499999999999999,h1w6y3e4,fixed_alpha1.5_german_gender_seed10,FixedAlpha_1.5,10,
24,25,0.685,0.06000000000000005,0.05499999999999999,h1w6y3e4,fixed_alpha1.5_german_gender_seed10,FixedAlpha_1.5,10,
25,26,0.7,0.03500000000000003,0.030000000000000027,h1w6y3e4,fixed_alpha1.5_german_gender_seed10,FixedAlpha_1.5,10,
26,27,0.7,0.03500000000000003,0.030000000000000027,h1w6y3e4,fixed_alpha1.5_german_gender_seed10,FixedAlpha_1.5,10,
27,28,0.7,0.03500000000000003,0.030000000000000027,h1w6y3e4,fixed_alpha1.5_german_gender_seed10,FixedAlpha_1.5,10,
28,29,0.7,0.03500000000000003,0.030000000000000027,h1w6y3e4,fixed_alpha1.5_german_gender_seed10,FixedAlpha_1.5,10,
29,30,0.7,0.03500000000000003,0.030000000000000027,h1w6y3e4,fixed_alpha1.5_german_gender_seed10,FixedAlpha_1.5,10,
0,1,0.62,0.12,0.12249999999999997,5bi0tni5,fixed_alpha1.5_german_gender_seed11,FixedAlpha_1.5,11,
1,2,0.695,0.0,0.024999999999999967,5bi0tni5,fixed_alpha1.5_german_gender_seed11,FixedAlpha_1.5,11,
2,3,0.74,0.03499999999999992,0.09249999999999997,5bi0tni5,fixed_alpha1.5_german_gender_seed11,FixedAlpha_1.5,11,
3,4,0.735,0.04499999999999993,0.07249999999999995,5bi0tni5,fixed_alpha1.5_german_gender_seed11,FixedAlpha_1.5,11,
4,5,0.735,0.04499999999999993,0.07249999999999995,5bi0tni5,fixed_alpha1.5_german_gender_seed11,FixedAlpha_1.5,11,
5,6,0.725,0.04499999999999993,0.12249999999999994,5bi0tni5,fixed_alpha1.5_german_gender_seed11,FixedAlpha_1.5,11,
6,7,0.71,0.09999999999999998,0.1375,5bi0tni5,fixed_alpha1.5_german_gender_seed11,FixedAlpha_1.5,11,
7,8,0.71,0.08500000000000008,0.15500000000000003,5bi0tni5,fixed_alpha1.5_german_gender_seed11,FixedAlpha_1.5,11,
8,9,0.735,0.10999999999999999,0.16749999999999998,5bi0tni5,fixed_alpha1.5_german_gender_seed11,FixedAlpha_1.5,11,
9,10,0.74,0.09999999999999998,0.11249999999999999,5bi0tni5,fixed_alpha1.5_german_gender_seed11,FixedAlpha_1.5,11,
10,11,0.735,0.09499999999999997,0.07250000000000001,5bi0tni5,fixed_alpha1.5_german_gender_seed11,FixedAlpha_1.5,11,
11,12,0.73,0.12,0.08500000000000002,5bi0tni5,fixed_alpha1.5_german_gender_seed11,FixedAlpha_1.5,11,
12,13,0.72,0.10999999999999999,0.10499999999999998,5bi0tni5,fixed_alpha1.5_german_gender_seed11,FixedAlpha_1.5,11,
13,14,0.71,0.10999999999999999,0.1175,5bi0tni5,fixed_alpha1.5_german_gender_seed11,FixedAlpha_1.5,11,
14,15,0.72,0.08499999999999996,0.1175,5bi0tni5,fixed_alpha1.5_german_gender_seed11,FixedAlpha_1.5,11,
15,16,0.72,0.07499999999999996,0.125,5bi0tni5,fixed_alpha1.5_german_gender_seed11,FixedAlpha_1.5,11,
16,17,0.71,0.05499999999999994,0.11499999999999999,5bi0tni5,fixed_alpha1.5_german_gender_seed11,FixedAlpha_1.5,11,
17,18,0.72,0.06499999999999995,0.09499999999999997,5bi0tni5,fixed_alpha1.5_german_gender_seed11,FixedAlpha_1.5,11,
18,19,0.72,0.06499999999999995,0.09499999999999997,5bi0tni5,fixed_alpha1.5_german_gender_seed11,FixedAlpha_1.5,11,
19,20,0.72,0.06499999999999995,0.09499999999999997,5bi0tni5,fixed_alpha1.5_german_gender_seed11,FixedAlpha_1.5,11,
20,21,0.715,0.08999999999999997,0.10749999999999998,5bi0tni5,fixed_alpha1.5_german_gender_seed11,FixedAlpha_1.5,11,
21,22,0.72,0.08999999999999997,0.11999999999999997,5bi0tni5,fixed_alpha1.5_german_gender_seed11,FixedAlpha_1.5,11,
22,23,0.715,0.11499999999999999,0.13249999999999998,5bi0tni5,fixed_alpha1.5_german_gender_seed11,FixedAlpha_1.5,11,
23,24,0.715,0.11499999999999999,0.13249999999999998,5bi0tni5,fixed_alpha1.5_german_gender_seed11,FixedAlpha_1.5,11,
24,25,0.715,0.11499999999999999,0.13249999999999998,5bi0tni5,fixed_alpha1.5_german_gender_seed11,FixedAlpha_1.5,11,
25,26,0.715,0.11499999999999999,0.13249999999999998,5bi0tni5,fixed_alpha1.5_german_gender_seed11,FixedAlpha_1.5,11,
26,27,0.715,0.11499999999999999,0.13249999999999998,5bi0tni5,fixed_alpha1.5_german_gender_seed11,FixedAlpha_1.5,11,
27,28,0.715,0.11499999999999999,0.13249999999999998,5bi0tni5,fixed_alpha1.5_german_gender_seed11,FixedAlpha_1.5,11,
28,29,0.72,0.11499999999999999,0.145,5bi0tni5,fixed_alpha1.5_german_gender_seed11,FixedAlpha_1.5,11,
29,30,0.72,0.11499999999999999,0.145,5bi0tni5,fixed_alpha1.5_german_gender_seed11,FixedAlpha_1.5,11,
0,1,0.64,0.050000000000000044,0.0625,9qoyrf0q,fixed_alpha1.5_german_gender_seed12,FixedAlpha_1.5,12,
1,2,0.68,0.08000000000000007,0.07750000000000001,9qoyrf0q,fixed_alpha1.5_german_gender_seed12,FixedAlpha_1.5,12,
2,3,0.69,0.010000000000000009,0.02999999999999997,9qoyrf0q,fixed_alpha1.5_german_gender_seed12,FixedAlpha_1.5,12,
3,4,0.69,0.020000000000000018,0.010000000000000009,9qoyrf0q,fixed_alpha1.5_german_gender_seed12,FixedAlpha_1.5,12,
4,5,0.69,0.020000000000000018,0.010000000000000009,9qoyrf0q,fixed_alpha1.5_german_gender_seed12,FixedAlpha_1.5,12,
5,6,0.69,0.020000000000000018,0.010000000000000009,9qoyrf0q,fixed_alpha1.5_german_gender_seed12,FixedAlpha_1.5,12,
6,7,0.695,0.020000000000000018,0.034999999999999976,9qoyrf0q,fixed_alpha1.5_german_gender_seed12,FixedAlpha_1.5,12,
7,8,0.7,0.010000000000000009,0.0050000000000000044,9qoyrf0q,fixed_alpha1.5_german_gender_seed12,FixedAlpha_1.5,12,
8,9,0.7,0.0,0.012500000000000011,9qoyrf0q,fixed_alpha1.5_german_gender_seed12,FixedAlpha_1.5,12,
9,10,0.715,0.02499999999999991,0.02499999999999991,9qoyrf0q,fixed_alpha1.5_german_gender_seed12,FixedAlpha_1.5,12,
10,11,0.725,0.014999999999999902,0.057499999999999996,9qoyrf0q,fixed_alpha1.5_german_gender_seed12,FixedAlpha_1.5,12,
11,12,0.74,0.0050000000000000044,0.03999999999999998,9qoyrf0q,fixed_alpha1.5_german_gender_seed12,FixedAlpha_1.5,12,
12,13,0.74,0.0050000000000000044,0.065,9qoyrf0q,fixed_alpha1.5_german_gender_seed12,FixedAlpha_1.5,12,
13,14,0.755,0.020000000000000018,0.02250000000000002,9qoyrf0q,fixed_alpha1.5_german_gender_seed12,FixedAlpha_1.5,12,
14,15,0.765,0.04500000000000004,0.034999999999999976,9qoyrf0q,fixed_alpha1.5_german_gender_seed12,FixedAlpha_1.5,12,
15,16,0.76,0.050000000000000044,0.050000000000000044,9qoyrf0q,fixed_alpha1.5_german_gender_seed12,FixedAlpha_1.5,12,
16,17,0.755,0.09999999999999998,0.0625,9qoyrf0q,fixed_alpha1.5_german_gender_seed12,FixedAlpha_1.5,12,
17,18,0.75,0.08999999999999997,0.057499999999999996,9qoyrf0q,fixed_alpha1.5_german_gender_seed12,FixedAlpha_1.5,12,
18,19,0.75,0.08999999999999997,0.057499999999999996,9qoyrf0q,fixed_alpha1.5_german_gender_seed12,FixedAlpha_1.5,12,
19,20,0.75,0.08999999999999997,0.057499999999999996,9qoyrf0q,fixed_alpha1.5_german_gender_seed12,FixedAlpha_1.5,12,
20,21,0.745,0.07999999999999996,0.05249999999999999,9qoyrf0q,fixed_alpha1.5_german_gender_seed12,FixedAlpha_1.5,12,
21,22,0.73,0.04999999999999993,0.03749999999999998,9qoyrf0q,fixed_alpha1.5_german_gender_seed12,FixedAlpha_1.5,12,
22,23,0.725,0.07499999999999996,0.04999999999999999,9qoyrf0q,fixed_alpha1.5_german_gender_seed12,FixedAlpha_1.5,12,
23,24,0.73,0.07499999999999996,0.07499999999999998,9qoyrf0q,fixed_alpha1.5_german_gender_seed12,FixedAlpha_1.5,12,
24,25,0.73,0.07499999999999996,0.07499999999999998,9qoyrf0q,fixed_alpha1.5_german_gender_seed12,FixedAlpha_1.5,12,
25,26,0.735,0.07499999999999996,0.06249999999999997,9qoyrf0q,fixed_alpha1.5_german_gender_seed12,FixedAlpha_1.5,12,
26,27,0.73,0.06499999999999995,0.05749999999999997,9qoyrf0q,fixed_alpha1.5_german_gender_seed12,FixedAlpha_1.5,12,
27,28,0.73,0.06499999999999995,0.05749999999999997,9qoyrf0q,fixed_alpha1.5_german_gender_seed12,FixedAlpha_1.5,12,
28,29,0.725,0.08999999999999997,0.06999999999999998,9qoyrf0q,fixed_alpha1.5_german_gender_seed12,FixedAlpha_1.5,12,
29,30,0.72,0.11499999999999999,0.08249999999999999,9qoyrf0q,fixed_alpha1.5_german_gender_seed12,FixedAlpha_1.5,12,
0,1,0.43,0.010000000000000009,0.04250000000000001,ejqd9qg1,fixed_alpha1.5_german_gender_seed14,FixedAlpha_1.5,14,
1,2,0.585,0.0,0.04999999999999999,ejqd9qg1,fixed_alpha1.5_german_gender_seed14,FixedAlpha_1.5,14,
2,3,0.655,0.04500000000000004,0.03500000000000003,ejqd9qg1,fixed_alpha1.5_german_gender_seed14,FixedAlpha_1.5,14,
3,4,0.695,0.029999999999999916,0.05249999999999999,ejqd9qg1,fixed_alpha1.5_german_gender_seed14,FixedAlpha_1.5,14,
4,5,0.715,0.030000000000000027,0.05249999999999999,ejqd9qg1,fixed_alpha1.5_german_gender_seed14,FixedAlpha_1.5,14,
5,6,0.71,0.030000000000000027,0.03999999999999998,ejqd9qg1,fixed_alpha1.5_german_gender_seed14,FixedAlpha_1.5,14,
6,7,0.715,0.030000000000000027,0.05249999999999999,ejqd9qg1,fixed_alpha1.5_german_gender_seed14,FixedAlpha_1.5,14,
7,8,0.715,0.0050000000000000044,0.015000000000000013,ejqd9qg1,fixed_alpha1.5_german_gender_seed14,FixedAlpha_1.5,14,
8,9,0.73,0.04499999999999993,0.05999999999999994,ejqd9qg1,fixed_alpha1.5_german_gender_seed14,FixedAlpha_1.5,14,
9,10,0.74,0.04499999999999993,0.08499999999999996,ejqd9qg1,fixed_alpha1.5_german_gender_seed14,FixedAlpha_1.5,14,
10,11,0.72,0.07499999999999996,0.09999999999999998,ejqd9qg1,fixed_alpha1.5_german_gender_seed14,FixedAlpha_1.5,14,
11,12,0.73,0.09999999999999998,0.14999999999999997,ejqd9qg1,fixed_alpha1.5_german_gender_seed14,FixedAlpha_1.5,14,
12,13,0.73,0.125,0.1375,ejqd9qg1,fixed_alpha1.5_german_gender_seed14,FixedAlpha_1.5,14,
13,14,0.73,0.1050000000000001,0.11500000000000005,ejqd9qg1,fixed_alpha1.5_german_gender_seed14,FixedAlpha_1.5,14,
14,15,0.74,0.13,0.1275,ejqd9qg1,fixed_alpha1.5_german_gender_seed14,FixedAlpha_1.5,14,
15,16,0.735,0.10999999999999999,0.12999999999999995,ejqd9qg1,fixed_alpha1.5_german_gender_seed14,FixedAlpha_1.5,14,
16,17,0.735,0.10999999999999999,0.12999999999999995,ejqd9qg1,fixed_alpha1.5_german_gender_seed14,FixedAlpha_1.5,14,
17,18,0.73,0.09999999999999998,0.12499999999999994,ejqd9qg1,fixed_alpha1.5_german_gender_seed14,FixedAlpha_1.5,14,
18,19,0.73,0.08999999999999997,0.09499999999999997,ejqd9qg1,fixed_alpha1.5_german_gender_seed14,FixedAlpha_1.5,14,
19,20,0.73,0.08999999999999997,0.09499999999999997,ejqd9qg1,fixed_alpha1.5_german_gender_seed14,FixedAlpha_1.5,14,
20,21,0.735,0.08999999999999997,0.06999999999999995,ejqd9qg1,fixed_alpha1.5_german_gender_seed14,FixedAlpha_1.5,14,
21,22,0.735,0.08999999999999997,0.06999999999999995,ejqd9qg1,fixed_alpha1.5_german_gender_seed14,FixedAlpha_1.5,14,
22,23,0.735,0.08999999999999997,0.06999999999999995,ejqd9qg1,fixed_alpha1.5_german_gender_seed14,FixedAlpha_1.5,14,
23,24,0.73,0.07999999999999996,0.06499999999999995,ejqd9qg1,fixed_alpha1.5_german_gender_seed14,FixedAlpha_1.5,14,
24,25,0.73,0.07999999999999996,0.06499999999999995,ejqd9qg1,fixed_alpha1.5_german_gender_seed14,FixedAlpha_1.5,14,
25,26,0.74,0.07999999999999996,0.05249999999999999,ejqd9qg1,fixed_alpha1.5_german_gender_seed14,FixedAlpha_1.5,14,
26,27,0.74,0.07999999999999996,0.05249999999999999,ejqd9qg1,fixed_alpha1.5_german_gender_seed14,FixedAlpha_1.5,14,
27,28,0.735,0.10499999999999998,0.065,ejqd9qg1,fixed_alpha1.5_german_gender_seed14,FixedAlpha_1.5,14,
28,29,0.73,0.09499999999999997,0.06,ejqd9qg1,fixed_alpha1.5_german_gender_seed14,FixedAlpha_1.5,14,
29,30,0.725,0.12,0.07250000000000001,ejqd9qg1,fixed_alpha1.5_german_gender_seed14,FixedAlpha_1.5,14,
0,1,0.435,0.03999999999999998,0.032499999999999994,tlzd3ux1,fixed_alpha1.5_german_gender_seed13,FixedAlpha_1.5,13,
1,2,0.545,0.06,0.06749999999999999,tlzd3ux1,fixed_alpha1.5_german_gender_seed13,FixedAlpha_1.5,13,
2,3,0.62,0.0050000000000000044,0.0025000000000000022,tlzd3ux1,fixed_alpha1.5_german_gender_seed13,FixedAlpha_1.5,13,
3,4,0.66,0.039999999999999925,0.08249999999999996,tlzd3ux1,fixed_alpha1.5_german_gender_seed13,FixedAlpha_1.5,13,
4,5,0.685,0.020000000000000018,0.08499999999999996,tlzd3ux1,fixed_alpha1.5_german_gender_seed13,FixedAlpha_1.5,13,
5,6,0.71,0.015000000000000013,0.09500000000000003,tlzd3ux1,fixed_alpha1.5_german_gender_seed13,FixedAlpha_1.5,13,
6,7,0.705,0.015000000000000013,0.08250000000000002,tlzd3ux1,fixed_alpha1.5_german_gender_seed13,FixedAlpha_1.5,13,
7,8,0.7,0.025000000000000022,0.08750000000000002,tlzd3ux1,fixed_alpha1.5_german_gender_seed13,FixedAlpha_1.5,13,
8,9,0.705,0.03500000000000003,0.1175,tlzd3ux1,fixed_alpha1.5_german_gender_seed13,FixedAlpha_1.5,13,
9,10,0.715,0.020000000000000018,0.08500000000000002,tlzd3ux1,fixed_alpha1.5_german_gender_seed13,FixedAlpha_1.5,13,
10,11,0.725,0.010000000000000009,0.04249999999999998,tlzd3ux1,fixed_alpha1.5_german_gender_seed13,FixedAlpha_1.5,13,
11,12,0.745,0.010000000000000009,0.017500000000000016,tlzd3ux1,fixed_alpha1.5_german_gender_seed13,FixedAlpha_1.5,13,
12,13,0.765,0.010000000000000009,0.05499999999999999,tlzd3ux1,fixed_alpha1.5_german_gender_seed13,FixedAlpha_1.5,13,
13,14,0.77,0.020000000000000018,0.010000000000000009,tlzd3ux1,fixed_alpha1.5_german_gender_seed13,FixedAlpha_1.5,13,
14,15,0.77,0.0050000000000000044,0.027499999999999997,tlzd3ux1,fixed_alpha1.5_german_gender_seed13,FixedAlpha_1.5,13,
15,16,0.76,0.010000000000000009,0.03,tlzd3ux1,fixed_alpha1.5_german_gender_seed13,FixedAlpha_1.5,13,
16,17,0.755,0.0,0.024999999999999994,tlzd3ux1,fixed_alpha1.5_german_gender_seed13,FixedAlpha_1.5,13,
17,18,0.76,0.010000000000000009,0.03,tlzd3ux1,fixed_alpha1.5_german_gender_seed13,FixedAlpha_1.5,13,
18,19,0.755,0.010000000000000009,0.05500000000000002,tlzd3ux1,fixed_alpha1.5_german_gender_seed13,FixedAlpha_1.5,13,
19,20,0.75,0.010000000000000009,0.04250000000000004,tlzd3ux1,fixed_alpha1.5_german_gender_seed13,FixedAlpha_1.5,13,
20,21,0.75,0.010000000000000009,0.04250000000000004,tlzd3ux1,fixed_alpha1.5_german_gender_seed13,FixedAlpha_1.5,13,
21,22,0.755,0.020000000000000018,0.04750000000000004,tlzd3ux1,fixed_alpha1.5_german_gender_seed13,FixedAlpha_1.5,13,
22,23,0.755,0.020000000000000018,0.04750000000000004,tlzd3ux1,fixed_alpha1.5_german_gender_seed13,FixedAlpha_1.5,13,
23,24,0.755,0.020000000000000018,0.04750000000000004,tlzd3ux1,fixed_alpha1.5_german_gender_seed13,FixedAlpha_1.5,13,
24,25,0.745,0.03500000000000003,0.05500000000000005,tlzd3ux1,fixed_alpha1.5_german_gender_seed13,FixedAlpha_1.5,13,
25,26,0.74,0.025000000000000022,0.050000000000000044,tlzd3ux1,fixed_alpha1.5_german_gender_seed13,FixedAlpha_1.5,13,
26,27,0.73,0.029999999999999916,0.06499999999999997,tlzd3ux1,fixed_alpha1.5_german_gender_seed13,FixedAlpha_1.5,13,
27,28,0.725,0.05499999999999994,0.07749999999999999,tlzd3ux1,fixed_alpha1.5_german_gender_seed13,FixedAlpha_1.5,13,
28,29,0.72,0.04499999999999993,0.07249999999999998,tlzd3ux1,fixed_alpha1.5_german_gender_seed13,FixedAlpha_1.5,13,
29,30,0.715,0.03500000000000003,0.06750000000000003,tlzd3ux1,fixed_alpha1.5_german_gender_seed13,FixedAlpha_1.5,13,
0,1,0.62,0.09499999999999997,0.1725,33m2u1fx,fixed_alpha1.5_german_gender_seed15,FixedAlpha_1.5,15,
1,2,0.665,0.135,0.20500000000000002,33m2u1fx,fixed_alpha1.5_german_gender_seed15,FixedAlpha_1.5,15,
2,3,0.71,0.07499999999999996,0.16249999999999998,33m2u1fx,fixed_alpha1.5_german_gender_seed15,FixedAlpha_1.5,15,
3,4,0.72,0.025000000000000022,0.09999999999999998,33m2u1fx,fixed_alpha1.5_german_gender_seed15,FixedAlpha_1.5,15,
4,5,0.715,0.025000000000000022,0.08749999999999997,33m2u1fx,fixed_alpha1.5_german_gender_seed15,FixedAlpha_1.5,15,
5,6,0.725,0.015000000000000013,0.09499999999999997,33m2u1fx,fixed_alpha1.5_german_gender_seed15,FixedAlpha_1.5,15,
6,7,0.73,0.025000000000000022,0.125,33m2u1fx,fixed_alpha1.5_german_gender_seed15,FixedAlpha_1.5,15,
7,8,0.735,0.03500000000000003,0.08000000000000002,33m2u1fx,fixed_alpha1.5_german_gender_seed15,FixedAlpha_1.5,15,
8,9,0.735,0.04499999999999993,0.06,33m2u1fx,fixed_alpha1.5_german_gender_seed15,FixedAlpha_1.5,15,
9,10,0.75,0.029999999999999916,0.11499999999999999,33m2u1fx,fixed_alpha1.5_german_gender_seed15,FixedAlpha_1.5,15,
10,11,0.75,0.039999999999999925,0.1325,33m2u1fx,fixed_alpha1.5_german_gender_seed15,FixedAlpha_1.5,15,
11,12,0.75,0.0,0.11249999999999999,33m2u1fx,fixed_alpha1.5_german_gender_seed15,FixedAlpha_1.5,15,
12,13,0.765,0.0,0.07500000000000001,33m2u1fx,fixed_alpha1.5_german_gender_seed15,FixedAlpha_1.5,15,
13,14,0.765,0.010000000000000009,0.05499999999999999,33m2u1fx,fixed_alpha1.5_german_gender_seed15,FixedAlpha_1.5,15,
14,15,0.76,0.020000000000000018,0.06,33m2u1fx,fixed_alpha1.5_german_gender_seed15,FixedAlpha_1.5,15,
15,16,0.765,0.020000000000000018,0.07250000000000001,33m2u1fx,fixed_alpha1.5_german_gender_seed15,FixedAlpha_1.5,15,
16,17,0.77,0.020000000000000018,0.04750000000000004,33m2u1fx,fixed_alpha1.5_german_gender_seed15,FixedAlpha_1.5,15,
17,18,0.76,0.040000000000000036,0.05750000000000005,33m2u1fx,fixed_alpha1.5_german_gender_seed15,FixedAlpha_1.5,15,
18,19,0.745,0.03500000000000003,0.05500000000000005,33m2u1fx,fixed_alpha1.5_german_gender_seed15,FixedAlpha_1.5,15,
19,20,0.74,0.05999999999999994,0.0675,33m2u1fx,fixed_alpha1.5_german_gender_seed15,FixedAlpha_1.5,15,
20,21,0.74,0.05999999999999994,0.0675,33m2u1fx,fixed_alpha1.5_german_gender_seed15,FixedAlpha_1.5,15,
21,22,0.735,0.04999999999999993,0.0625,33m2u1fx,fixed_alpha1.5_german_gender_seed15,FixedAlpha_1.5,15,
22,23,0.735,0.04999999999999993,0.0625,33m2u1fx,fixed_alpha1.5_german_gender_seed15,FixedAlpha_1.5,15,
23,24,0.735,0.04999999999999993,0.0625,33m2u1fx,fixed_alpha1.5_german_gender_seed15,FixedAlpha_1.5,15,
24,25,0.735,0.04999999999999993,0.0625,33m2u1fx,fixed_alpha1.5_german_gender_seed15,FixedAlpha_1.5,15,
25,26,0.735,0.04999999999999993,0.0625,33m2u1fx,fixed_alpha1.5_german_gender_seed15,FixedAlpha_1.5,15,
26,27,0.735,0.04999999999999993,0.0625,33m2u1fx,fixed_alpha1.5_german_gender_seed15,FixedAlpha_1.5,15,
27,28,0.735,0.04999999999999993,0.0625,33m2u1fx,fixed_alpha1.5_german_gender_seed15,FixedAlpha_1.5,15,
28,29,0.735,0.04999999999999993,0.0625,33m2u1fx,fixed_alpha1.5_german_gender_seed15,FixedAlpha_1.5,15,
29,30,0.74,0.04999999999999993,0.07499999999999998,33m2u1fx,fixed_alpha1.5_german_gender_seed15,FixedAlpha_1.5,15,
0,1,0.585,0.07499999999999996,0.0875,n74v7i55,fixed_alpha1.5_german_gender_seed17,FixedAlpha_1.5,17,
1,2,0.68,0.020000000000000018,0.06,n74v7i55,fixed_alpha1.5_german_gender_seed17,FixedAlpha_1.5,17,
2,3,0.7,0.015000000000000013,0.007500000000000007,n74v7i55,fixed_alpha1.5_german_gender_seed17,FixedAlpha_1.5,17,
3,4,0.72,0.020000000000000018,0.010000000000000009,n74v7i55,fixed_alpha1.5_german_gender_seed17,FixedAlpha_1.5,17,
4,5,0.7,0.020000000000000018,0.034999999999999976,n74v7i55,fixed_alpha1.5_german_gender_seed17,FixedAlpha_1.5,17,
5,6,0.7,0.0050000000000000044,0.014999999999999958,n74v7i55,fixed_alpha1.5_german_gender_seed17,FixedAlpha_1.5,17,
6,7,0.705,0.0050000000000000044,0.02749999999999997,n74v7i55,fixed_alpha1.5_german_gender_seed17,FixedAlpha_1.5,17,
7,8,0.705,0.0050000000000000044,0.02749999999999997,n74v7i55,fixed_alpha1.5_german_gender_seed17,FixedAlpha_1.5,17,
8,9,0.705,0.010000000000000009,0.05499999999999999,n74v7i55,fixed_alpha1.5_german_gender_seed17,FixedAlpha_1.5,17,
9,10,0.72,0.010000000000000009,0.04249999999999998,n74v7i55,fixed_alpha1.5_german_gender_seed17,FixedAlpha_1.5,17,
10,11,0.74,0.014999999999999902,0.019999999999999962,n74v7i55,fixed_alpha1.5_german_gender_seed17,FixedAlpha_1.5,17,
11,12,0.755,0.030000000000000027,0.040000000000000036,n74v7i55,fixed_alpha1.5_german_gender_seed17,FixedAlpha_1.5,17,
12,13,0.76,0.020000000000000018,0.010000000000000009,n74v7i55,fixed_alpha1.5_german_gender_seed17,FixedAlpha_1.5,17,
13,14,0.76,0.03500000000000003,0.0675,n74v7i55,fixed_alpha1.5_german_gender_seed17,FixedAlpha_1.5,17,
14,15,0.765,0.03500000000000003,0.05499999999999999,n74v7i55,fixed_alpha1.5_german_gender_seed17,FixedAlpha_1.5,17,
15,16,0.77,0.025000000000000022,0.025000000000000022,n74v7i55,fixed_alpha1.5_german_gender_seed17,FixedAlpha_1.5,17,
16,17,0.765,0.015000000000000013,0.020000000000000018,n74v7i55,fixed_alpha1.5_german_gender_seed17,FixedAlpha_1.5,17,
17,18,0.76,0.040000000000000036,0.03250000000000003,n74v7i55,fixed_alpha1.5_german_gender_seed17,FixedAlpha_1.5,17,
18,19,0.745,0.04500000000000004,0.03500000000000003,n74v7i55,fixed_alpha1.5_german_gender_seed17,FixedAlpha_1.5,17,
19,20,0.74,0.03500000000000003,0.030000000000000027,n74v7i55,fixed_alpha1.5_german_gender_seed17,FixedAlpha_1.5,17,
20,21,0.745,0.04500000000000004,0.03500000000000003,n74v7i55,fixed_alpha1.5_german_gender_seed17,FixedAlpha_1.5,17,
21,22,0.74,0.025000000000000022,0.05000000000000002,n74v7i55,fixed_alpha1.5_german_gender_seed17,FixedAlpha_1.5,17,
22,23,0.735,0.015000000000000013,0.007500000000000007,n74v7i55,fixed_alpha1.5_german_gender_seed17,FixedAlpha_1.5,17,
23,24,0.735,0.039999999999999925,0.03249999999999997,n74v7i55,fixed_alpha1.5_german_gender_seed17,FixedAlpha_1.5,17,
24,25,0.735,0.039999999999999925,0.03249999999999997,n74v7i55,fixed_alpha1.5_german_gender_seed17,FixedAlpha_1.5,17,
25,26,0.73,0.029999999999999916,0.02749999999999997,n74v7i55,fixed_alpha1.5_german_gender_seed17,FixedAlpha_1.5,17,
26,27,0.73,0.029999999999999916,0.02749999999999997,n74v7i55,fixed_alpha1.5_german_gender_seed17,FixedAlpha_1.5,17,
27,28,0.73,0.029999999999999916,0.02749999999999997,n74v7i55,fixed_alpha1.5_german_gender_seed17,FixedAlpha_1.5,17,
28,29,0.73,0.029999999999999916,0.02749999999999997,n74v7i55,fixed_alpha1.5_german_gender_seed17,FixedAlpha_1.5,17,
29,30,0.735,0.039999999999999925,0.03249999999999997,n74v7i55,fixed_alpha1.5_german_gender_seed17,FixedAlpha_1.5,17,
0,1,0.61,0.07499999999999996,0.14999999999999997,qxb5hpk5,fixed_alpha1.5_german_gender_seed19,FixedAlpha_1.5,19,
1,2,0.685,0.03500000000000003,0.205,qxb5hpk5,fixed_alpha1.5_german_gender_seed19,FixedAlpha_1.5,19,
2,3,0.71,0.0050000000000000044,0.14,qxb5hpk5,fixed_alpha1.5_german_gender_seed19,FixedAlpha_1.5,19,
3,4,0.72,0.06999999999999995,0.15999999999999998,qxb5hpk5,fixed_alpha1.5_german_gender_seed19,FixedAlpha_1.5,19,
4,5,0.72,0.050000000000000044,0.10000000000000003,qxb5hpk5,fixed_alpha1.5_german_gender_seed19,FixedAlpha_1.5,19,
5,6,0.725,0.0050000000000000044,0.07750000000000001,qxb5hpk5,fixed_alpha1.5_german_gender_seed19,FixedAlpha_1.5,19,
6,7,0.73,0.010000000000000009,0.1175,qxb5hpk5,fixed_alpha1.5_german_gender_seed19,FixedAlpha_1.5,19,
7,8,0.73,0.02499999999999991,0.09999999999999992,qxb5hpk5,fixed_alpha1.5_german_gender_seed19,FixedAlpha_1.5,19,
8,9,0.745,0.0050000000000000044,0.14,qxb5hpk5,fixed_alpha1.5_german_gender_seed19,FixedAlpha_1.5,19,
9,10,0.735,0.04500000000000004,0.14750000000000002,qxb5hpk5,fixed_alpha1.5_german_gender_seed19,FixedAlpha_1.5,19,
10,11,0.745,0.03500000000000003,0.10500000000000004,qxb5hpk5,fixed_alpha1.5_german_gender_seed19,FixedAlpha_1.5,19,
11,12,0.73,0.05500000000000005,0.12750000000000003,qxb5hpk5,fixed_alpha1.5_german_gender_seed19,FixedAlpha_1.5,19,
12,13,0.725,0.04500000000000004,0.12250000000000003,qxb5hpk5,fixed_alpha1.5_german_gender_seed19,FixedAlpha_1.5,19,
13,14,0.73,0.05500000000000005,0.12750000000000003,qxb5hpk5,fixed_alpha1.5_german_gender_seed19,FixedAlpha_1.5,19,
14,15,0.735,0.05500000000000005,0.15250000000000002,qxb5hpk5,fixed_alpha1.5_german_gender_seed19,FixedAlpha_1.5,19,
15,16,0.74,0.05500000000000005,0.14,qxb5hpk5,fixed_alpha1.5_german_gender_seed19,FixedAlpha_1.5,19,
16,17,0.735,0.05500000000000005,0.11500000000000002,qxb5hpk5,fixed_alpha1.5_german_gender_seed19,FixedAlpha_1.5,19,
17,18,0.735,0.05500000000000005,0.11500000000000002,qxb5hpk5,fixed_alpha1.5_german_gender_seed19,FixedAlpha_1.5,19,
18,19,0.735,0.05500000000000005,0.07750000000000001,qxb5hpk5,fixed_alpha1.5_german_gender_seed19,FixedAlpha_1.5,19,
19,20,0.735,0.04500000000000004,0.06,qxb5hpk5,fixed_alpha1.5_german_gender_seed19,FixedAlpha_1.5,19,
20,21,0.725,0.09499999999999997,0.08499999999999996,qxb5hpk5,fixed_alpha1.5_german_gender_seed19,FixedAlpha_1.5,19,
21,22,0.73,0.09499999999999997,0.07250000000000001,qxb5hpk5,fixed_alpha1.5_german_gender_seed19,FixedAlpha_1.5,19,
22,23,0.725,0.08499999999999996,0.0675,qxb5hpk5,fixed_alpha1.5_german_gender_seed19,FixedAlpha_1.5,19,
23,24,0.725,0.08499999999999996,0.0675,qxb5hpk5,fixed_alpha1.5_german_gender_seed19,FixedAlpha_1.5,19,
24,25,0.71,0.05499999999999994,0.05249999999999999,qxb5hpk5,fixed_alpha1.5_german_gender_seed19,FixedAlpha_1.5,19,
25,26,0.71,0.05499999999999994,0.05249999999999999,qxb5hpk5,fixed_alpha1.5_german_gender_seed19,FixedAlpha_1.5,19,
26,27,0.705,0.05499999999999994,0.02749999999999997,qxb5hpk5,fixed_alpha1.5_german_gender_seed19,FixedAlpha_1.5,19,
27,28,0.71,0.06499999999999995,0.03249999999999997,qxb5hpk5,fixed_alpha1.5_german_gender_seed19,FixedAlpha_1.5,19,
28,29,0.71,0.06499999999999995,0.03249999999999997,qxb5hpk5,fixed_alpha1.5_german_gender_seed19,FixedAlpha_1.5,19,
29,30,0.715,0.06499999999999995,0.044999999999999984,qxb5hpk5,fixed_alpha1.5_german_gender_seed19,FixedAlpha_1.5,19,
0,1,0.5,0.040000000000000036,0.020000000000000018,k8vfpta7,fixed_alpha1.5_german_gender_seed16,FixedAlpha_1.5,16,
1,2,0.62,0.020000000000000018,0.06,k8vfpta7,fixed_alpha1.5_german_gender_seed16,FixedAlpha_1.5,16,
2,3,0.65,0.08999999999999997,0.08250000000000002,k8vfpta7,fixed_alpha1.5_german_gender_seed16,FixedAlpha_1.5,16,
3,4,0.69,0.03499999999999992,0.07999999999999996,k8vfpta7,fixed_alpha1.5_german_gender_seed16,FixedAlpha_1.5,16,
4,5,0.715,0.015000000000000013,0.07,k8vfpta7,fixed_alpha1.5_german_gender_seed16,FixedAlpha_1.5,16,
5,6,0.715,0.010000000000000009,0.05499999999999999,k8vfpta7,fixed_alpha1.5_german_gender_seed16,FixedAlpha_1.5,16,
6,7,0.715,0.010000000000000009,0.05499999999999999,k8vfpta7,fixed_alpha1.5_german_gender_seed16,FixedAlpha_1.5,16,
7,8,0.71,0.020000000000000018,0.06,k8vfpta7,fixed_alpha1.5_german_gender_seed16,FixedAlpha_1.5,16,
8,9,0.71,0.0050000000000000044,0.065,k8vfpta7,fixed_alpha1.5_german_gender_seed16,FixedAlpha_1.5,16,
9,10,0.715,0.0050000000000000044,0.03999999999999998,k8vfpta7,fixed_alpha1.5_german_gender_seed16,FixedAlpha_1.5,16,
10,11,0.74,0.030000000000000027,0.05249999999999999,k8vfpta7,fixed_alpha1.5_german_gender_seed16,FixedAlpha_1.5,16,
11,12,0.725,0.0,0.03749999999999998,k8vfpta7,fixed_alpha1.5_german_gender_seed16,FixedAlpha_1.5,16,
12,13,0.73,0.030000000000000027,0.07750000000000001,k8vfpta7,fixed_alpha1.5_german_gender_seed16,FixedAlpha_1.5,16,
13,14,0.725,0.08000000000000007,0.07750000000000001,k8vfpta7,fixed_alpha1.5_german_gender_seed16,FixedAlpha_1.5,16,
14,15,0.72,0.06000000000000005,0.08000000000000002,k8vfpta7,fixed_alpha1.5_german_gender_seed16,FixedAlpha_1.5,16,
15,16,0.725,0.08500000000000008,0.11750000000000005,k8vfpta7,fixed_alpha1.5_german_gender_seed16,FixedAlpha_1.5,16,
16,17,0.735,0.08500000000000008,0.10500000000000004,k8vfpta7,fixed_alpha1.5_german_gender_seed16,FixedAlpha_1.5,16,
17,18,0.73,0.125,0.11249999999999999,k8vfpta7,fixed_alpha1.5_german_gender_seed16,FixedAlpha_1.5,16,
18,19,0.735,0.125,0.125,k8vfpta7,fixed_alpha1.5_german_gender_seed16,FixedAlpha_1.5,16,
19,20,0.74,0.125,0.09999999999999998,k8vfpta7,fixed_alpha1.5_german_gender_seed16,FixedAlpha_1.5,16,
20,21,0.735,0.125,0.08749999999999997,k8vfpta7,fixed_alpha1.5_german_gender_seed16,FixedAlpha_1.5,16,
21,22,0.735,0.125,0.08749999999999997,k8vfpta7,fixed_alpha1.5_german_gender_seed16,FixedAlpha_1.5,16,
22,23,0.735,0.125,0.08749999999999997,k8vfpta7,fixed_alpha1.5_german_gender_seed16,FixedAlpha_1.5,16,
23,24,0.73,0.15000000000000002,0.09999999999999998,k8vfpta7,fixed_alpha1.5_german_gender_seed16,FixedAlpha_1.5,16,
24,25,0.715,0.15500000000000003,0.10249999999999998,k8vfpta7,fixed_alpha1.5_german_gender_seed16,FixedAlpha_1.5,16,
25,26,0.71,0.17000000000000004,0.16000000000000003,k8vfpta7,fixed_alpha1.5_german_gender_seed16,FixedAlpha_1.5,16,
26,27,0.71,0.17000000000000004,0.16000000000000003,k8vfpta7,fixed_alpha1.5_german_gender_seed16,FixedAlpha_1.5,16,
27,28,0.71,0.17000000000000004,0.16000000000000003,k8vfpta7,fixed_alpha1.5_german_gender_seed16,FixedAlpha_1.5,16,
28,29,0.71,0.17000000000000004,0.16000000000000003,k8vfpta7,fixed_alpha1.5_german_gender_seed16,FixedAlpha_1.5,16,
29,30,0.71,0.17000000000000004,0.16000000000000003,k8vfpta7,fixed_alpha1.5_german_gender_seed16,FixedAlpha_1.5,16,
0,1,0.675,0.05499999999999994,0.039999999999999925,z3r2cog9,fixed_alpha1.5_german_gender_seed18,FixedAlpha_1.5,18,
1,2,0.69,0.015000000000000013,0.007500000000000007,z3r2cog9,fixed_alpha1.5_german_gender_seed18,FixedAlpha_1.5,18,
2,3,0.705,0.015000000000000013,0.044999999999999984,z3r2cog9,fixed_alpha1.5_german_gender_seed18,FixedAlpha_1.5,18,
3,4,0.705,0.03500000000000003,0.08000000000000002,z3r2cog9,fixed_alpha1.5_german_gender_seed18,FixedAlpha_1.5,18,
4,5,0.715,0.03500000000000003,0.10499999999999998,z3r2cog9,fixed_alpha1.5_german_gender_seed18,FixedAlpha_1.5,18,
5,6,0.725,0.010000000000000009,0.017500000000000016,z3r2cog9,fixed_alpha1.5_german_gender_seed18,FixedAlpha_1.5,18,
6,7,0.71,0.0050000000000000044,0.015000000000000013,z3r2cog9,fixed_alpha1.5_german_gender_seed18,FixedAlpha_1.5,18,
7,8,0.705,0.0,0.03750000000000003,z3r2cog9,fixed_alpha1.5_german_gender_seed18,FixedAlpha_1.5,18,
8,9,0.705,0.010000000000000009,0.05500000000000005,z3r2cog9,fixed_alpha1.5_german_gender_seed18,FixedAlpha_1.5,18,
9,10,0.7,0.03500000000000003,0.05499999999999999,z3r2cog9,fixed_alpha1.5_german_gender_seed18,FixedAlpha_1.5,18,
10,11,0.695,0.015000000000000013,0.057499999999999996,z3r2cog9,fixed_alpha1.5_german_gender_seed18,FixedAlpha_1.5,18,
11,12,0.7,0.039999999999999925,0.09499999999999992,z3r2cog9,fixed_alpha1.5_german_gender_seed18,FixedAlpha_1.5,18,
12,13,0.71,0.039999999999999925,0.04499999999999993,z3r2cog9,fixed_alpha1.5_german_gender_seed18,FixedAlpha_1.5,18,
13,14,0.7,0.019999999999999907,0.03499999999999992,z3r2cog9,fixed_alpha1.5_german_gender_seed18,FixedAlpha_1.5,18,
14,15,0.705,0.029999999999999916,0.039999999999999925,z3r2cog9,fixed_alpha1.5_german_gender_seed18,FixedAlpha_1.5,18,
15,16,0.71,0.029999999999999916,0.052499999999999936,z3r2cog9,fixed_alpha1.5_german_gender_seed18,FixedAlpha_1.5,18,
16,17,0.7,0.010000000000000009,0.04249999999999998,z3r2cog9,fixed_alpha1.5_german_gender_seed18,FixedAlpha_1.5,18,
17,18,0.695,0.025000000000000022,0.025000000000000022,z3r2cog9,fixed_alpha1.5_german_gender_seed18,FixedAlpha_1.5,18,
18,19,0.68,0.0050000000000000044,0.015000000000000013,z3r2cog9,fixed_alpha1.5_german_gender_seed18,FixedAlpha_1.5,18,
19,20,0.68,0.0050000000000000044,0.015000000000000013,z3r2cog9,fixed_alpha1.5_german_gender_seed18,FixedAlpha_1.5,18,
20,21,0.68,0.0050000000000000044,0.015000000000000013,z3r2cog9,fixed_alpha1.5_german_gender_seed18,FixedAlpha_1.5,18,
21,22,0.68,0.0050000000000000044,0.015000000000000013,z3r2cog9,fixed_alpha1.5_german_gender_seed18,FixedAlpha_1.5,18,
22,23,0.685,0.030000000000000027,0.040000000000000036,z3r2cog9,fixed_alpha1.5_german_gender_seed18,FixedAlpha_1.5,18,
23,24,0.68,0.020000000000000018,0.03500000000000003,z3r2cog9,fixed_alpha1.5_german_gender_seed18,FixedAlpha_1.5,18,
24,25,0.68,0.020000000000000018,0.03500000000000003,z3r2cog9,fixed_alpha1.5_german_gender_seed18,FixedAlpha_1.5,18,
25,26,0.68,0.020000000000000018,0.03500000000000003,z3r2cog9,fixed_alpha1.5_german_gender_seed18,FixedAlpha_1.5,18,
26,27,0.68,0.020000000000000018,0.03500000000000003,z3r2cog9,fixed_alpha1.5_german_gender_seed18,FixedAlpha_1.5,18,
27,28,0.68,0.020000000000000018,0.03500000000000003,z3r2cog9,fixed_alpha1.5_german_gender_seed18,FixedAlpha_1.5,18,
28,29,0.68,0.020000000000000018,0.03500000000000003,z3r2cog9,fixed_alpha1.5_german_gender_seed18,FixedAlpha_1.5,18,
29,30,0.68,0.020000000000000018,0.03500000000000003,z3r2cog9,fixed_alpha1.5_german_gender_seed18,FixedAlpha_1.5,18,
0,1,0.57,0.12,0.08500000000000002,v60r9et7,fixed_alpha1.5_german_gender_seed21,FixedAlpha_1.5,21,
1,2,0.69,0.03500000000000003,0.017500000000000016,v60r9et7,fixed_alpha1.5_german_gender_seed21,FixedAlpha_1.5,21,
2,3,0.685,0.010000000000000009,0.04249999999999998,v60r9et7,fixed_alpha1.5_german_gender_seed21,FixedAlpha_1.5,21,
3,4,0.695,0.030000000000000027,0.05249999999999999,v60r9et7,fixed_alpha1.5_german_gender_seed21,FixedAlpha_1.5,21,
4,5,0.695,0.030000000000000027,0.05249999999999999,v60r9et7,fixed_alpha1.5_german_gender_seed21,FixedAlpha_1.5,21,
5,6,0.69,0.020000000000000018,0.04749999999999999,v60r9et7,fixed_alpha1.5_german_gender_seed21,FixedAlpha_1.5,21,
6,7,0.7,0.020000000000000018,0.034999999999999976,v60r9et7,fixed_alpha1.5_german_gender_seed21,FixedAlpha_1.5,21,
7,8,0.71,0.010000000000000009,0.0675,v60r9et7,fixed_alpha1.5_german_gender_seed21,FixedAlpha_1.5,21,
8,9,0.74,0.03499999999999992,0.05499999999999999,v60r9et7,fixed_alpha1.5_german_gender_seed21,FixedAlpha_1.5,21,
9,10,0.775,0.04999999999999993,0.09999999999999998,v60r9et7,fixed_alpha1.5_german_gender_seed21,FixedAlpha_1.5,21,
10,11,0.765,0.08000000000000007,0.12750000000000003,v60r9et7,fixed_alpha1.5_german_gender_seed21,FixedAlpha_1.5,21,
11,12,0.765,0.12,0.14749999999999996,v60r9et7,fixed_alpha1.5_german_gender_seed21,FixedAlpha_1.5,21,
12,13,0.765,0.10999999999999999,0.13,v60r9et7,fixed_alpha1.5_german_gender_seed21,FixedAlpha_1.5,21,
13,14,0.765,0.07500000000000007,0.11250000000000004,v60r9et7,fixed_alpha1.5_german_gender_seed21,FixedAlpha_1.5,21,
14,15,0.76,0.07500000000000007,0.125,v60r9et7,fixed_alpha1.5_german_gender_seed21,FixedAlpha_1.5,21,
15,16,0.76,0.07500000000000007,0.125,v60r9et7,fixed_alpha1.5_german_gender_seed21,FixedAlpha_1.5,21,
16,17,0.76,0.07500000000000007,0.125,v60r9et7,fixed_alpha1.5_german_gender_seed21,FixedAlpha_1.5,21,
17,18,0.76,0.07500000000000007,0.125,v60r9et7,fixed_alpha1.5_german_gender_seed21,FixedAlpha_1.5,21,
18,19,0.76,0.07500000000000007,0.125,v60r9et7,fixed_alpha1.5_german_gender_seed21,FixedAlpha_1.5,21,
19,20,0.76,0.07500000000000007,0.08750000000000005,v60r9et7,fixed_alpha1.5_german_gender_seed21,FixedAlpha_1.5,21,
20,21,0.76,0.06500000000000006,0.07000000000000003,v60r9et7,fixed_alpha1.5_german_gender_seed21,FixedAlpha_1.5,21,
21,22,0.745,0.10499999999999998,0.09,v60r9et7,fixed_alpha1.5_german_gender_seed21,FixedAlpha_1.5,21,
22,23,0.745,0.10499999999999998,0.09,v60r9et7,fixed_alpha1.5_german_gender_seed21,FixedAlpha_1.5,21,
23,24,0.74,0.09499999999999997,0.04749999999999999,v60r9et7,fixed_alpha1.5_german_gender_seed21,FixedAlpha_1.5,21,
24,25,0.74,0.09499999999999997,0.04749999999999999,v60r9et7,fixed_alpha1.5_german_gender_seed21,FixedAlpha_1.5,21,
25,26,0.735,0.09499999999999997,0.07250000000000001,v60r9et7,fixed_alpha1.5_german_gender_seed21,FixedAlpha_1.5,21,
26,27,0.74,0.06999999999999995,0.06,v60r9et7,fixed_alpha1.5_german_gender_seed21,FixedAlpha_1.5,21,
27,28,0.735,0.06999999999999995,0.04749999999999999,v60r9et7,fixed_alpha1.5_german_gender_seed21,FixedAlpha_1.5,21,
28,29,0.73,0.05999999999999994,0.04249999999999998,v60r9et7,fixed_alpha1.5_german_gender_seed21,FixedAlpha_1.5,21,
29,30,0.725,0.08499999999999996,0.05499999999999999,v60r9et7,fixed_alpha1.5_german_gender_seed21,FixedAlpha_1.5,21,
0,1,0.605,0.09499999999999997,0.10999999999999999,ngz8ycpb,fixed_alpha1.5_german_gender_seed20,FixedAlpha_1.5,20,
1,2,0.65,0.125,0.10000000000000003,ngz8ycpb,fixed_alpha1.5_german_gender_seed20,FixedAlpha_1.5,20,
2,3,0.68,0.07499999999999996,0.03749999999999998,ngz8ycpb,fixed_alpha1.5_german_gender_seed20,FixedAlpha_1.5,20,
3,4,0.685,0.08499999999999996,0.04249999999999998,ngz8ycpb,fixed_alpha1.5_german_gender_seed20,FixedAlpha_1.5,20,
4,5,0.68,0.07499999999999996,0.03749999999999998,ngz8ycpb,fixed_alpha1.5_german_gender_seed20,FixedAlpha_1.5,20,
5,6,0.69,0.04999999999999993,0.03749999999999998,ngz8ycpb,fixed_alpha1.5_german_gender_seed20,FixedAlpha_1.5,20,
6,7,0.665,0.13,0.09000000000000002,ngz8ycpb,fixed_alpha1.5_german_gender_seed20,FixedAlpha_1.5,20,
7,8,0.675,0.135,0.1175,ngz8ycpb,fixed_alpha1.5_german_gender_seed20,FixedAlpha_1.5,20,
8,9,0.69,0.11499999999999999,0.09499999999999997,ngz8ycpb,fixed_alpha1.5_german_gender_seed20,FixedAlpha_1.5,20,
9,10,0.705,0.11499999999999999,0.057499999999999996,ngz8ycpb,fixed_alpha1.5_german_gender_seed20,FixedAlpha_1.5,20,
10,11,0.705,0.14500000000000002,0.09749999999999998,ngz8ycpb,fixed_alpha1.5_german_gender_seed20,FixedAlpha_1.5,20,
11,12,0.69,0.11499999999999999,0.08249999999999996,ngz8ycpb,fixed_alpha1.5_german_gender_seed20,FixedAlpha_1.5,20,
12,13,0.705,0.11499999999999999,0.08250000000000002,ngz8ycpb,fixed_alpha1.5_german_gender_seed20,FixedAlpha_1.5,20,
13,14,0.71,0.08999999999999997,0.07,ngz8ycpb,fixed_alpha1.5_german_gender_seed20,FixedAlpha_1.5,20,
14,15,0.72,0.10999999999999999,0.08000000000000002,ngz8ycpb,fixed_alpha1.5_german_gender_seed20,FixedAlpha_1.5,20,
15,16,0.73,0.12,0.07250000000000001,ngz8ycpb,fixed_alpha1.5_german_gender_seed20,FixedAlpha_1.5,20,
16,17,0.73,0.12,0.07250000000000001,ngz8ycpb,fixed_alpha1.5_german_gender_seed20,FixedAlpha_1.5,20,
17,18,0.725,0.10999999999999999,0.0675,ngz8ycpb,fixed_alpha1.5_german_gender_seed20,FixedAlpha_1.5,20,
18,19,0.725,0.10999999999999999,0.0675,ngz8ycpb,fixed_alpha1.5_german_gender_seed20,FixedAlpha_1.5,20,
19,20,0.725,0.10999999999999999,0.0675,ngz8ycpb,fixed_alpha1.5_german_gender_seed20,FixedAlpha_1.5,20,
20,21,0.725,0.07499999999999996,0.04999999999999999,ngz8ycpb,fixed_alpha1.5_german_gender_seed20,FixedAlpha_1.5,20,
21,22,0.725,0.08999999999999997,0.10749999999999998,ngz8ycpb,fixed_alpha1.5_german_gender_seed20,FixedAlpha_1.5,20,
22,23,0.725,0.08999999999999997,0.10749999999999998,ngz8ycpb,fixed_alpha1.5_german_gender_seed20,FixedAlpha_1.5,20,
23,24,0.725,0.08999999999999997,0.10749999999999998,ngz8ycpb,fixed_alpha1.5_german_gender_seed20,FixedAlpha_1.5,20,
24,25,0.725,0.08999999999999997,0.10749999999999998,ngz8ycpb,fixed_alpha1.5_german_gender_seed20,FixedAlpha_1.5,20,
25,26,0.725,0.08999999999999997,0.10749999999999998,ngz8ycpb,fixed_alpha1.5_german_gender_seed20,FixedAlpha_1.5,20,
26,27,0.725,0.08999999999999997,0.10749999999999998,ngz8ycpb,fixed_alpha1.5_german_gender_seed20,FixedAlpha_1.5,20,
27,28,0.725,0.08999999999999997,0.10749999999999998,ngz8ycpb,fixed_alpha1.5_german_gender_seed20,FixedAlpha_1.5,20,
28,29,0.725,0.08999999999999997,0.10749999999999998,ngz8ycpb,fixed_alpha1.5_german_gender_seed20,FixedAlpha_1.5,20,
29,30,0.715,0.08999999999999997,0.095,ngz8ycpb,fixed_alpha1.5_german_gender_seed20,FixedAlpha_1.5,20,
0,1,0.67,0.125,0.125,v9h9m2dd,fixed_alpha1.5_german_gender_seed23,FixedAlpha_1.5,23,
1,2,0.675,0.125,0.08750000000000002,v9h9m2dd,fixed_alpha1.5_german_gender_seed23,FixedAlpha_1.5,23,
2,3,0.685,0.15500000000000003,0.07750000000000001,v9h9m2dd,fixed_alpha1.5_german_gender_seed23,FixedAlpha_1.5,23,
3,4,0.68,0.135,0.09250000000000003,v9h9m2dd,fixed_alpha1.5_german_gender_seed23,FixedAlpha_1.5,23,
4,5,0.71,0.135,0.1175,v9h9m2dd,fixed_alpha1.5_german_gender_seed23,FixedAlpha_1.5,23,
5,6,0.735,0.125,0.08749999999999997,v9h9m2dd,fixed_alpha1.5_german_gender_seed23,FixedAlpha_1.5,23,
6,7,0.75,0.1399999999999999,0.18249999999999997,v9h9m2dd,fixed_alpha1.5_german_gender_seed23,FixedAlpha_1.5,23,
7,8,0.745,0.18000000000000005,0.17750000000000002,v9h9m2dd,fixed_alpha1.5_german_gender_seed23,FixedAlpha_1.5,23,
8,9,0.745,0.17000000000000004,0.16,v9h9m2dd,fixed_alpha1.5_german_gender_seed23,FixedAlpha_1.5,23,
9,10,0.755,0.17000000000000004,0.13500000000000004,v9h9m2dd,fixed_alpha1.5_german_gender_seed23,FixedAlpha_1.5,23,
10,11,0.755,0.135,0.11750000000000002,v9h9m2dd,fixed_alpha1.5_german_gender_seed23,FixedAlpha_1.5,23,
11,12,0.75,0.16000000000000003,0.13000000000000003,v9h9m2dd,fixed_alpha1.5_german_gender_seed23,FixedAlpha_1.5,23,
12,13,0.75,0.16000000000000003,0.13000000000000003,v9h9m2dd,fixed_alpha1.5_german_gender_seed23,FixedAlpha_1.5,23,
13,14,0.75,0.16000000000000003,0.13000000000000003,v9h9m2dd,fixed_alpha1.5_german_gender_seed23,FixedAlpha_1.5,23,
14,15,0.75,0.16000000000000003,0.13000000000000003,v9h9m2dd,fixed_alpha1.5_german_gender_seed23,FixedAlpha_1.5,23,
15,16,0.75,0.16000000000000003,0.13000000000000003,v9h9m2dd,fixed_alpha1.5_german_gender_seed23,FixedAlpha_1.5,23,
16,17,0.755,0.125,0.1,v9h9m2dd,fixed_alpha1.5_german_gender_seed23,FixedAlpha_1.5,23,
17,18,0.74,0.16500000000000004,0.12000000000000002,v9h9m2dd,fixed_alpha1.5_german_gender_seed23,FixedAlpha_1.5,23,
18,19,0.74,0.14,0.08250000000000002,v9h9m2dd,fixed_alpha1.5_german_gender_seed23,FixedAlpha_1.5,23,
19,20,0.74,0.14,0.08250000000000002,v9h9m2dd,fixed_alpha1.5_german_gender_seed23,FixedAlpha_1.5,23,
20,21,0.735,0.13,0.07750000000000001,v9h9m2dd,fixed_alpha1.5_german_gender_seed23,FixedAlpha_1.5,23,
21,22,0.73,0.15500000000000003,0.09000000000000002,v9h9m2dd,fixed_alpha1.5_german_gender_seed23,FixedAlpha_1.5,23,
22,23,0.725,0.14500000000000002,0.08500000000000002,v9h9m2dd,fixed_alpha1.5_german_gender_seed23,FixedAlpha_1.5,23,
23,24,0.72,0.14500000000000002,0.09750000000000003,v9h9m2dd,fixed_alpha1.5_german_gender_seed23,FixedAlpha_1.5,23,
24,25,0.72,0.14500000000000002,0.09750000000000003,v9h9m2dd,fixed_alpha1.5_german_gender_seed23,FixedAlpha_1.5,23,
25,26,0.725,0.12,0.08500000000000002,v9h9m2dd,fixed_alpha1.5_german_gender_seed23,FixedAlpha_1.5,23,
26,27,0.73,0.12,0.07250000000000001,v9h9m2dd,fixed_alpha1.5_german_gender_seed23,FixedAlpha_1.5,23,
27,28,0.73,0.12,0.07250000000000001,v9h9m2dd,fixed_alpha1.5_german_gender_seed23,FixedAlpha_1.5,23,
28,29,0.73,0.12,0.07250000000000001,v9h9m2dd,fixed_alpha1.5_german_gender_seed23,FixedAlpha_1.5,23,
29,30,0.735,0.13,0.07750000000000001,v9h9m2dd,fixed_alpha1.5_german_gender_seed23,FixedAlpha_1.5,23,
0,1,0.54,0.08999999999999997,0.09499999999999997,yzyk5apm,fixed_alpha1.5_german_gender_seed22,FixedAlpha_1.5,22,
1,2,0.64,0.14,0.15749999999999997,yzyk5apm,fixed_alpha1.5_german_gender_seed22,FixedAlpha_1.5,22,
2,3,0.665,0.14500000000000002,0.135,yzyk5apm,fixed_alpha1.5_german_gender_seed22,FixedAlpha_1.5,22,
3,4,0.675,0.11499999999999999,0.10749999999999998,yzyk5apm,fixed_alpha1.5_german_gender_seed22,FixedAlpha_1.5,22,
4,5,0.69,0.08499999999999996,0.09249999999999997,yzyk5apm,fixed_alpha1.5_german_gender_seed22,FixedAlpha_1.5,22,
5,6,0.695,0.07499999999999996,0.08749999999999997,yzyk5apm,fixed_alpha1.5_german_gender_seed22,FixedAlpha_1.5,22,
6,7,0.7,0.08499999999999996,0.04249999999999998,yzyk5apm,fixed_alpha1.5_german_gender_seed22,FixedAlpha_1.5,22,
7,8,0.71,0.09499999999999997,0.04749999999999999,yzyk5apm,fixed_alpha1.5_german_gender_seed22,FixedAlpha_1.5,22,
8,9,0.725,0.010000000000000009,0.0675,yzyk5apm,fixed_alpha1.5_german_gender_seed22,FixedAlpha_1.5,22,
9,10,0.74,0.040000000000000036,0.03250000000000003,yzyk5apm,fixed_alpha1.5_german_gender_seed22,FixedAlpha_1.5,22,
10,11,0.74,0.030000000000000027,0.03999999999999998,yzyk5apm,fixed_alpha1.5_german_gender_seed22,FixedAlpha_1.5,22,
11,12,0.75,0.020000000000000018,0.02250000000000002,yzyk5apm,fixed_alpha1.5_german_gender_seed22,FixedAlpha_1.5,22,
12,13,0.75,0.020000000000000018,0.02250000000000002,yzyk5apm,fixed_alpha1.5_german_gender_seed22,FixedAlpha_1.5,22,
13,14,0.73,0.010000000000000009,0.017500000000000016,yzyk5apm,fixed_alpha1.5_german_gender_seed22,FixedAlpha_1.5,22,
14,15,0.72,0.015000000000000013,0.044999999999999984,yzyk5apm,fixed_alpha1.5_german_gender_seed22,FixedAlpha_1.5,22,
15,16,0.725,0.015000000000000013,0.057499999999999996,yzyk5apm,fixed_alpha1.5_german_gender_seed22,FixedAlpha_1.5,22,
16,17,0.725,0.015000000000000013,0.057499999999999996,yzyk5apm,fixed_alpha1.5_german_gender_seed22,FixedAlpha_1.5,22,
17,18,0.715,0.029999999999999916,0.06499999999999995,yzyk5apm,fixed_alpha1.5_german_gender_seed22,FixedAlpha_1.5,22,
18,19,0.715,0.029999999999999916,0.06499999999999995,yzyk5apm,fixed_alpha1.5_german_gender_seed22,FixedAlpha_1.5,22,
19,20,0.715,0.029999999999999916,0.06499999999999995,yzyk5apm,fixed_alpha1.5_german_gender_seed22,FixedAlpha_1.5,22,
20,21,0.71,0.05499999999999994,0.07749999999999996,yzyk5apm,fixed_alpha1.5_german_gender_seed22,FixedAlpha_1.5,22,
21,22,0.715,0.05499999999999994,0.08999999999999997,yzyk5apm,fixed_alpha1.5_german_gender_seed22,FixedAlpha_1.5,22,
22,23,0.715,0.05499999999999994,0.08999999999999997,yzyk5apm,fixed_alpha1.5_german_gender_seed22,FixedAlpha_1.5,22,
23,24,0.715,0.05499999999999994,0.08999999999999997,yzyk5apm,fixed_alpha1.5_german_gender_seed22,FixedAlpha_1.5,22,
24,25,0.715,0.04499999999999993,0.06,yzyk5apm,fixed_alpha1.5_german_gender_seed22,FixedAlpha_1.5,22,
25,26,0.715,0.04499999999999993,0.06,yzyk5apm,fixed_alpha1.5_german_gender_seed22,FixedAlpha_1.5,22,
26,27,0.71,0.06999999999999995,0.07250000000000001,yzyk5apm,fixed_alpha1.5_german_gender_seed22,FixedAlpha_1.5,22,
27,28,0.71,0.06999999999999995,0.07250000000000001,yzyk5apm,fixed_alpha1.5_german_gender_seed22,FixedAlpha_1.5,22,
28,29,0.715,0.04499999999999993,0.06,yzyk5apm,fixed_alpha1.5_german_gender_seed22,FixedAlpha_1.5,22,
29,30,0.715,0.04499999999999993,0.06,yzyk5apm,fixed_alpha1.5_german_gender_seed22,FixedAlpha_1.5,22,
0,1,0.395,0.044999999999999984,0.1475,h5rkaocu,fixed_alpha1.5_german_gender_seed25,FixedAlpha_1.5,25,
1,2,0.505,0.1399999999999999,0.08249999999999996,h5rkaocu,fixed_alpha1.5_german_gender_seed25,FixedAlpha_1.5,25,
2,3,0.555,0.04500000000000004,0.03500000000000003,h5rkaocu,fixed_alpha1.5_german_gender_seed25,FixedAlpha_1.5,25,
3,4,0.63,0.040000000000000036,0.044999999999999984,h5rkaocu,fixed_alpha1.5_german_gender_seed25,FixedAlpha_1.5,25,
4,5,0.67,0.04999999999999993,0.062499999999999944,h5rkaocu,fixed_alpha1.5_german_gender_seed25,FixedAlpha_1.5,25,
5,6,0.68,0.07999999999999996,0.08999999999999997,h5rkaocu,fixed_alpha1.5_german_gender_seed25,FixedAlpha_1.5,25,
6,7,0.68,0.08999999999999997,0.07,h5rkaocu,fixed_alpha1.5_german_gender_seed25,FixedAlpha_1.5,25,
7,8,0.675,0.05499999999999994,0.02749999999999997,h5rkaocu,fixed_alpha1.5_german_gender_seed25,FixedAlpha_1.5,25,
8,9,0.69,0.06499999999999995,0.044999999999999984,h5rkaocu,fixed_alpha1.5_german_gender_seed25,FixedAlpha_1.5,25,
9,10,0.69,0.05499999999999994,0.02749999999999997,h5rkaocu,fixed_alpha1.5_german_gender_seed25,FixedAlpha_1.5,25,
10,11,0.695,0.04499999999999993,0.034999999999999976,h5rkaocu,fixed_alpha1.5_german_gender_seed25,FixedAlpha_1.5,25,
11,12,0.715,0.03499999999999992,0.04249999999999993,h5rkaocu,fixed_alpha1.5_german_gender_seed25,FixedAlpha_1.5,25,
12,13,0.72,0.04999999999999993,0.04999999999999999,h5rkaocu,fixed_alpha1.5_german_gender_seed25,FixedAlpha_1.5,25,
13,14,0.735,0.05500000000000005,0.09000000000000002,h5rkaocu,fixed_alpha1.5_german_gender_seed25,FixedAlpha_1.5,25,
14,15,0.73,0.04500000000000004,0.08500000000000002,h5rkaocu,fixed_alpha1.5_german_gender_seed25,FixedAlpha_1.5,25,
15,16,0.725,0.07000000000000006,0.09750000000000003,h5rkaocu,fixed_alpha1.5_german_gender_seed25,FixedAlpha_1.5,25,
16,17,0.705,0.06500000000000006,0.09500000000000003,h5rkaocu,fixed_alpha1.5_german_gender_seed25,FixedAlpha_1.5,25,
17,18,0.71,0.05500000000000005,0.10249999999999998,h5rkaocu,fixed_alpha1.5_german_gender_seed25,FixedAlpha_1.5,25,
18,19,0.71,0.04500000000000004,0.08500000000000002,h5rkaocu,fixed_alpha1.5_german_gender_seed25,FixedAlpha_1.5,25,
19,20,0.72,0.06500000000000006,0.09500000000000003,h5rkaocu,fixed_alpha1.5_german_gender_seed25,FixedAlpha_1.5,25,
20,21,0.725,0.06500000000000006,0.08250000000000002,h5rkaocu,fixed_alpha1.5_german_gender_seed25,FixedAlpha_1.5,25,
21,22,0.735,0.07500000000000007,0.07500000000000001,h5rkaocu,fixed_alpha1.5_german_gender_seed25,FixedAlpha_1.5,25,
22,23,0.74,0.07500000000000007,0.0625,h5rkaocu,fixed_alpha1.5_german_gender_seed25,FixedAlpha_1.5,25,
23,24,0.74,0.07500000000000007,0.0625,h5rkaocu,fixed_alpha1.5_german_gender_seed25,FixedAlpha_1.5,25,
24,25,0.735,0.05500000000000005,0.03999999999999998,h5rkaocu,fixed_alpha1.5_german_gender_seed25,FixedAlpha_1.5,25,
25,26,0.74,0.05500000000000005,0.027500000000000024,h5rkaocu,fixed_alpha1.5_german_gender_seed25,FixedAlpha_1.5,25,
26,27,0.745,0.04500000000000004,0.04750000000000004,h5rkaocu,fixed_alpha1.5_german_gender_seed25,FixedAlpha_1.5,25,
27,28,0.74,0.03500000000000003,0.04250000000000004,h5rkaocu,fixed_alpha1.5_german_gender_seed25,FixedAlpha_1.5,25,
28,29,0.73,0.05999999999999994,0.04249999999999998,h5rkaocu,fixed_alpha1.5_german_gender_seed25,FixedAlpha_1.5,25,
29,30,0.72,0.07499999999999996,0.04999999999999999,h5rkaocu,fixed_alpha1.5_german_gender_seed25,FixedAlpha_1.5,25,
0,1,0.62,0.06499999999999995,0.07,zem8u31c,fixed_alpha1.5_german_gender_seed26,FixedAlpha_1.5,26,
1,2,0.715,0.050000000000000044,0.03750000000000003,zem8u31c,fixed_alpha1.5_german_gender_seed26,FixedAlpha_1.5,26,
2,3,0.73,0.010000000000000009,0.030000000000000027,zem8u31c,fixed_alpha1.5_german_gender_seed26,FixedAlpha_1.5,26,
3,4,0.72,0.010000000000000009,0.017500000000000016,zem8u31c,fixed_alpha1.5_german_gender_seed26,FixedAlpha_1.5,26,
4,5,0.725,0.010000000000000009,0.0050000000000000044,zem8u31c,fixed_alpha1.5_german_gender_seed26,FixedAlpha_1.5,26,
5,6,0.725,0.010000000000000009,0.0050000000000000044,zem8u31c,fixed_alpha1.5_german_gender_seed26,FixedAlpha_1.5,26,
6,7,0.73,0.020000000000000018,0.03500000000000003,zem8u31c,fixed_alpha1.5_german_gender_seed26,FixedAlpha_1.5,26,
7,8,0.735,0.015000000000000013,0.044999999999999984,zem8u31c,fixed_alpha1.5_german_gender_seed26,FixedAlpha_1.5,26,
8,9,0.73,0.019999999999999907,0.04749999999999999,zem8u31c,fixed_alpha1.5_german_gender_seed26,FixedAlpha_1.5,26,
9,10,0.725,0.010000000000000009,0.0050000000000000044,zem8u31c,fixed_alpha1.5_german_gender_seed26,FixedAlpha_1.5,26,
10,11,0.73,0.015000000000000013,0.03250000000000003,zem8u31c,fixed_alpha1.5_german_gender_seed26,FixedAlpha_1.5,26,
11,12,0.73,0.0050000000000000044,0.015000000000000013,zem8u31c,fixed_alpha1.5_german_gender_seed26,FixedAlpha_1.5,26,
12,13,0.715,0.010000000000000009,0.017500000000000016,zem8u31c,fixed_alpha1.5_german_gender_seed26,FixedAlpha_1.5,26,
13,14,0.71,0.0,0.012500000000000011,zem8u31c,fixed_alpha1.5_german_gender_seed26,FixedAlpha_1.5,26,
14,15,0.715,0.010000000000000009,0.0675,zem8u31c,fixed_alpha1.5_german_gender_seed26,FixedAlpha_1.5,26,
15,16,0.71,0.03500000000000003,0.08000000000000002,zem8u31c,fixed_alpha1.5_german_gender_seed26,FixedAlpha_1.5,26,
16,17,0.715,0.03500000000000003,0.05500000000000005,zem8u31c,fixed_alpha1.5_german_gender_seed26,FixedAlpha_1.5,26,
17,18,0.715,0.03500000000000003,0.05500000000000005,zem8u31c,fixed_alpha1.5_german_gender_seed26,FixedAlpha_1.5,26,
18,19,0.715,0.03500000000000003,0.05500000000000005,zem8u31c,fixed_alpha1.5_german_gender_seed26,FixedAlpha_1.5,26,
19,20,0.72,0.03500000000000003,0.030000000000000027,zem8u31c,fixed_alpha1.5_german_gender_seed26,FixedAlpha_1.5,26,
20,21,0.715,0.05999999999999994,0.04249999999999998,zem8u31c,fixed_alpha1.5_german_gender_seed26,FixedAlpha_1.5,26,
21,22,0.705,0.07499999999999996,0.04999999999999999,zem8u31c,fixed_alpha1.5_german_gender_seed26,FixedAlpha_1.5,26,
22,23,0.705,0.09999999999999998,0.062499999999999944,zem8u31c,fixed_alpha1.5_german_gender_seed26,FixedAlpha_1.5,26,
23,24,0.7,0.125,0.07499999999999996,zem8u31c,fixed_alpha1.5_german_gender_seed26,FixedAlpha_1.5,26,
24,25,0.695,0.11499999999999999,0.06999999999999995,zem8u31c,fixed_alpha1.5_german_gender_seed26,FixedAlpha_1.5,26,
25,26,0.695,0.11499999999999999,0.06999999999999995,zem8u31c,fixed_alpha1.5_german_gender_seed26,FixedAlpha_1.5,26,
26,27,0.695,0.07999999999999996,0.052499999999999936,zem8u31c,fixed_alpha1.5_german_gender_seed26,FixedAlpha_1.5,26,
27,28,0.705,0.09999999999999998,0.062499999999999944,zem8u31c,fixed_alpha1.5_german_gender_seed26,FixedAlpha_1.5,26,
28,29,0.7,0.08999999999999997,0.05749999999999994,zem8u31c,fixed_alpha1.5_german_gender_seed26,FixedAlpha_1.5,26,
29,30,0.7,0.08999999999999997,0.05749999999999994,zem8u31c,fixed_alpha1.5_german_gender_seed26,FixedAlpha_1.5,26,
0,1,0.685,0.020000000000000018,0.010000000000000009,zttul24l,fixed_alpha1.5_german_gender_seed24,FixedAlpha_1.5,24,
1,2,0.695,0.03499999999999992,0.05499999999999999,zttul24l,fixed_alpha1.5_german_gender_seed24,FixedAlpha_1.5,24,
2,3,0.7,0.06499999999999995,0.05749999999999994,zttul24l,fixed_alpha1.5_german_gender_seed24,FixedAlpha_1.5,24,
3,4,0.68,0.02499999999999991,0.03749999999999992,zttul24l,fixed_alpha1.5_german_gender_seed24,FixedAlpha_1.5,24,
4,5,0.68,0.04999999999999993,0.07499999999999996,zttul24l,fixed_alpha1.5_german_gender_seed24,FixedAlpha_1.5,24,
5,6,0.68,0.030000000000000027,0.07750000000000001,zttul24l,fixed_alpha1.5_german_gender_seed24,FixedAlpha_1.5,24,
6,7,0.695,0.030000000000000027,0.03999999999999998,zttul24l,fixed_alpha1.5_german_gender_seed24,FixedAlpha_1.5,24,
7,8,0.715,0.030000000000000027,0.027500000000000024,zttul24l,fixed_alpha1.5_german_gender_seed24,FixedAlpha_1.5,24,
8,9,0.71,0.020000000000000018,0.02250000000000002,zttul24l,fixed_alpha1.5_german_gender_seed24,FixedAlpha_1.5,24,
9,10,0.71,0.025000000000000022,0.025000000000000022,zttul24l,fixed_alpha1.5_german_gender_seed24,FixedAlpha_1.5,24,
10,11,0.72,0.0,0.0,zttul24l,fixed_alpha1.5_german_gender_seed24,FixedAlpha_1.5,24,
11,12,0.73,0.010000000000000009,0.01749999999999996,zttul24l,fixed_alpha1.5_german_gender_seed24,FixedAlpha_1.5,24,
12,13,0.73,0.0,0.024999999999999967,zttul24l,fixed_alpha1.5_german_gender_seed24,FixedAlpha_1.5,24,
13,14,0.74,0.0,0.012500000000000011,zttul24l,fixed_alpha1.5_german_gender_seed24,FixedAlpha_1.5,24,
14,15,0.73,0.020000000000000018,0.02250000000000002,zttul24l,fixed_alpha1.5_german_gender_seed24,FixedAlpha_1.5,24,
15,16,0.74,0.020000000000000018,0.04749999999999999,zttul24l,fixed_alpha1.5_german_gender_seed24,FixedAlpha_1.5,24,
16,17,0.735,0.06999999999999995,0.08499999999999996,zttul24l,fixed_alpha1.5_german_gender_seed24,FixedAlpha_1.5,24,
17,18,0.735,0.06999999999999995,0.08499999999999996,zttul24l,fixed_alpha1.5_german_gender_seed24,FixedAlpha_1.5,24,
18,19,0.735,0.06999999999999995,0.08499999999999996,zttul24l,fixed_alpha1.5_german_gender_seed24,FixedAlpha_1.5,24,
19,20,0.74,0.06999999999999995,0.06,zttul24l,fixed_alpha1.5_german_gender_seed24,FixedAlpha_1.5,24,
20,21,0.74,0.06999999999999995,0.04749999999999999,zttul24l,fixed_alpha1.5_german_gender_seed24,FixedAlpha_1.5,24,
21,22,0.74,0.06999999999999995,0.04749999999999999,zttul24l,fixed_alpha1.5_german_gender_seed24,FixedAlpha_1.5,24,
22,23,0.735,0.05999999999999994,0.04249999999999998,zttul24l,fixed_alpha1.5_german_gender_seed24,FixedAlpha_1.5,24,
23,24,0.745,0.08499999999999996,0.09249999999999997,zttul24l,fixed_alpha1.5_german_gender_seed24,FixedAlpha_1.5,24,
24,25,0.75,0.08499999999999996,0.07999999999999996,zttul24l,fixed_alpha1.5_german_gender_seed24,FixedAlpha_1.5,24,
25,26,0.735,0.05499999999999994,0.06499999999999995,zttul24l,fixed_alpha1.5_german_gender_seed24,FixedAlpha_1.5,24,
26,27,0.745,0.07499999999999996,0.07499999999999996,zttul24l,fixed_alpha1.5_german_gender_seed24,FixedAlpha_1.5,24,
27,28,0.745,0.07499999999999996,0.07499999999999996,zttul24l,fixed_alpha1.5_german_gender_seed24,FixedAlpha_1.5,24,
28,29,0.745,0.07499999999999996,0.07499999999999996,zttul24l,fixed_alpha1.5_german_gender_seed24,FixedAlpha_1.5,24,
29,30,0.745,0.07499999999999996,0.07499999999999996,zttul24l,fixed_alpha1.5_german_gender_seed24,FixedAlpha_1.5,24,
0,1,0.66,0.06500000000000006,0.057499999999999996,yyo4awyp,fixed_alpha1.5_german_gender_seed27,FixedAlpha_1.5,27,
1,2,0.68,0.06000000000000005,0.08000000000000002,yyo4awyp,fixed_alpha1.5_german_gender_seed27,FixedAlpha_1.5,27,
2,3,0.68,0.07000000000000006,0.06,yyo4awyp,fixed_alpha1.5_german_gender_seed27,FixedAlpha_1.5,27,
3,4,0.705,0.08000000000000007,0.05250000000000005,yyo4awyp,fixed_alpha1.5_german_gender_seed27,FixedAlpha_1.5,27,
4,5,0.72,0.08000000000000007,0.06500000000000006,yyo4awyp,fixed_alpha1.5_german_gender_seed27,FixedAlpha_1.5,27,
5,6,0.72,0.07000000000000006,0.07250000000000001,yyo4awyp,fixed_alpha1.5_german_gender_seed27,FixedAlpha_1.5,27,
6,7,0.715,0.06000000000000005,0.0675,yyo4awyp,fixed_alpha1.5_german_gender_seed27,FixedAlpha_1.5,27,
7,8,0.725,0.06000000000000005,0.05499999999999999,yyo4awyp,fixed_alpha1.5_german_gender_seed27,FixedAlpha_1.5,27,
8,9,0.715,0.07500000000000007,0.0625,yyo4awyp,fixed_alpha1.5_german_gender_seed27,FixedAlpha_1.5,27,
9,10,0.715,0.06500000000000006,0.07,yyo4awyp,fixed_alpha1.5_german_gender_seed27,FixedAlpha_1.5,27,
10,11,0.725,0.05500000000000005,0.06500000000000006,yyo4awyp,fixed_alpha1.5_german_gender_seed27,FixedAlpha_1.5,27,
11,12,0.735,0.05500000000000005,0.09000000000000002,yyo4awyp,fixed_alpha1.5_german_gender_seed27,FixedAlpha_1.5,27,
12,13,0.73,0.04500000000000004,0.08500000000000002,yyo4awyp,fixed_alpha1.5_german_gender_seed27,FixedAlpha_1.5,27,
13,14,0.73,0.04500000000000004,0.08500000000000002,yyo4awyp,fixed_alpha1.5_german_gender_seed27,FixedAlpha_1.5,27,
14,15,0.735,0.04500000000000004,0.09750000000000003,yyo4awyp,fixed_alpha1.5_german_gender_seed27,FixedAlpha_1.5,27,
15,16,0.74,0.020000000000000018,0.08500000000000002,yyo4awyp,fixed_alpha1.5_german_gender_seed27,FixedAlpha_1.5,27,
16,17,0.74,0.04500000000000004,0.07250000000000001,yyo4awyp,fixed_alpha1.5_german_gender_seed27,FixedAlpha_1.5,27,
17,18,0.745,0.05500000000000005,0.07750000000000001,yyo4awyp,fixed_alpha1.5_german_gender_seed27,FixedAlpha_1.5,27,
18,19,0.745,0.05500000000000005,0.07750000000000001,yyo4awyp,fixed_alpha1.5_german_gender_seed27,FixedAlpha_1.5,27,
19,20,0.74,0.03500000000000003,0.08000000000000002,yyo4awyp,fixed_alpha1.5_german_gender_seed27,FixedAlpha_1.5,27,
20,21,0.75,0.04500000000000004,0.0975,yyo4awyp,fixed_alpha1.5_german_gender_seed27,FixedAlpha_1.5,27,
21,22,0.745,0.03500000000000003,0.0925,yyo4awyp,fixed_alpha1.5_german_gender_seed27,FixedAlpha_1.5,27,
22,23,0.74,0.025000000000000022,0.0875,yyo4awyp,fixed_alpha1.5_german_gender_seed27,FixedAlpha_1.5,27,
23,24,0.74,0.025000000000000022,0.0875,yyo4awyp,fixed_alpha1.5_german_gender_seed27,FixedAlpha_1.5,27,
24,25,0.74,0.025000000000000022,0.0875,yyo4awyp,fixed_alpha1.5_german_gender_seed27,FixedAlpha_1.5,27,
25,26,0.745,0.0,0.07499999999999998,yyo4awyp,fixed_alpha1.5_german_gender_seed27,FixedAlpha_1.5,27,
26,27,0.75,0.010000000000000009,0.07999999999999999,yyo4awyp,fixed_alpha1.5_german_gender_seed27,FixedAlpha_1.5,27,
27,28,0.745,0.0,0.07499999999999998,yyo4awyp,fixed_alpha1.5_german_gender_seed27,FixedAlpha_1.5,27,
28,29,0.745,0.0,0.07499999999999998,yyo4awyp,fixed_alpha1.5_german_gender_seed27,FixedAlpha_1.5,27,
29,30,0.745,0.0,0.07499999999999998,yyo4awyp,fixed_alpha1.5_german_gender_seed27,FixedAlpha_1.5,27,
0,1,0.69,0.030000000000000027,0.027500000000000024,903z3e9z,dynamic_german_gender_seed0,DynamicAlpha,0,
1,2,0.7,0.0050000000000000044,0.0025000000000000022,903z3e9z,dynamic_german_gender_seed0,DynamicAlpha,0,
2,3,0.715,0.015000000000000013,0.020000000000000018,903z3e9z,dynamic_german_gender_seed0,DynamicAlpha,0,
3,4,0.715,0.030000000000000027,0.027500000000000024,903z3e9z,dynamic_german_gender_seed0,DynamicAlpha,0,
4,5,0.735,0.020000000000000018,0.08500000000000002,903z3e9z,dynamic_german_gender_seed0,DynamicAlpha,0,
5,6,0.745,0.0050000000000000044,0.05249999999999999,903z3e9z,dynamic_german_gender_seed0,DynamicAlpha,0,
6,7,0.755,0.0050000000000000044,0.07750000000000001,903z3e9z,dynamic_german_gender_seed0,DynamicAlpha,0,
7,8,0.75,0.025000000000000022,0.09999999999999998,903z3e9z,dynamic_german_gender_seed0,DynamicAlpha,0,
8,9,0.745,0.019999999999999907,0.08499999999999996,903z3e9z,dynamic_german_gender_seed0,DynamicAlpha,0,
9,10,0.74,0.015000000000000013,0.07,903z3e9z,dynamic_german_gender_seed0,DynamicAlpha,0,
10,11,0.73,0.04500000000000004,0.06,903z3e9z,dynamic_german_gender_seed0,DynamicAlpha,0,
11,12,0.73,0.05500000000000005,0.040000000000000036,903z3e9z,dynamic_german_gender_seed0,DynamicAlpha,0,
12,13,0.73,0.06500000000000006,0.05750000000000005,903z3e9z,dynamic_german_gender_seed0,DynamicAlpha,0,
13,14,0.735,0.040000000000000036,0.03250000000000003,903z3e9z,dynamic_german_gender_seed0,DynamicAlpha,0,
14,15,0.74,0.050000000000000044,0.0625,903z3e9z,dynamic_german_gender_seed0,DynamicAlpha,0,
15,16,0.74,0.025000000000000022,0.025000000000000022,903z3e9z,dynamic_german_gender_seed0,DynamicAlpha,0,
16,17,0.75,0.025000000000000022,0.012500000000000011,903z3e9z,dynamic_german_gender_seed0,DynamicAlpha,0,
17,18,0.75,0.025000000000000022,0.012500000000000011,903z3e9z,dynamic_german_gender_seed0,DynamicAlpha,0,
18,19,0.73,0.0050000000000000044,0.0025000000000000022,903z3e9z,dynamic_german_gender_seed0,DynamicAlpha,0,
19,20,0.73,0.020000000000000018,0.02250000000000002,903z3e9z,dynamic_german_gender_seed0,DynamicAlpha,0,
20,21,0.735,0.010000000000000009,0.017500000000000016,903z3e9z,dynamic_german_gender_seed0,DynamicAlpha,0,
21,22,0.73,0.020000000000000018,0.02250000000000002,903z3e9z,dynamic_german_gender_seed0,DynamicAlpha,0,
22,23,0.725,0.0050000000000000044,0.015000000000000013,903z3e9z,dynamic_german_gender_seed0,DynamicAlpha,0,
23,24,0.72,0.029999999999999916,0.02749999999999997,903z3e9z,dynamic_german_gender_seed0,DynamicAlpha,0,
24,25,0.725,0.029999999999999916,0.014999999999999958,903z3e9z,dynamic_german_gender_seed0,DynamicAlpha,0,
25,26,0.73,0.029999999999999916,0.02749999999999997,903z3e9z,dynamic_german_gender_seed0,DynamicAlpha,0,
26,27,0.73,0.029999999999999916,0.02749999999999997,903z3e9z,dynamic_german_gender_seed0,DynamicAlpha,0,
27,28,0.73,0.029999999999999916,0.02749999999999997,903z3e9z,dynamic_german_gender_seed0,DynamicAlpha,0,
28,29,0.735,0.039999999999999925,0.03249999999999997,903z3e9z,dynamic_german_gender_seed0,DynamicAlpha,0,
29,30,0.725,0.019999999999999907,0.022499999999999964,903z3e9z,dynamic_german_gender_seed0,DynamicAlpha,0,
0,1,0.475,0.044999999999999984,0.1725,2j6yur5f,dynamic_german_gender_seed1,DynamicAlpha,1,
1,2,0.57,0.13,0.27749999999999997,2j6yur5f,dynamic_german_gender_seed1,DynamicAlpha,1,
2,3,0.66,0.135,0.26749999999999996,2j6yur5f,dynamic_german_gender_seed1,DynamicAlpha,1,
3,4,0.68,0.09500000000000008,0.13500000000000006,2j6yur5f,dynamic_german_gender_seed1,DynamicAlpha,1,
4,5,0.68,0.039999999999999925,0.09499999999999992,2j6yur5f,dynamic_german_gender_seed1,DynamicAlpha,1,
5,6,0.7,0.010000000000000009,0.07999999999999996,2j6yur5f,dynamic_german_gender_seed1,DynamicAlpha,1,
6,7,0.71,0.015000000000000013,0.07,2j6yur5f,dynamic_german_gender_seed1,DynamicAlpha,1,
7,8,0.72,0.015000000000000013,0.044999999999999984,2j6yur5f,dynamic_german_gender_seed1,DynamicAlpha,1,
8,9,0.7,0.0050000000000000044,0.065,2j6yur5f,dynamic_german_gender_seed1,DynamicAlpha,1,
9,10,0.695,0.015000000000000013,0.09500000000000003,2j6yur5f,dynamic_german_gender_seed1,DynamicAlpha,1,
10,11,0.7,0.06000000000000005,0.14250000000000002,2j6yur5f,dynamic_german_gender_seed1,DynamicAlpha,1,
11,12,0.685,0.15000000000000002,0.2,2j6yur5f,dynamic_german_gender_seed1,DynamicAlpha,1,
12,13,0.7,0.15500000000000003,0.1275,2j6yur5f,dynamic_german_gender_seed1,DynamicAlpha,1,
13,14,0.7,0.135,0.09249999999999997,2j6yur5f,dynamic_german_gender_seed1,DynamicAlpha,1,
14,15,0.695,0.125,0.08749999999999997,2j6yur5f,dynamic_german_gender_seed1,DynamicAlpha,1,
15,16,0.7,0.09999999999999998,0.07499999999999996,2j6yur5f,dynamic_german_gender_seed1,DynamicAlpha,1,
16,17,0.7,0.09999999999999998,0.07499999999999996,2j6yur5f,dynamic_german_gender_seed1,DynamicAlpha,1,
17,18,0.7,0.09999999999999998,0.07499999999999996,2j6yur5f,dynamic_german_gender_seed1,DynamicAlpha,1,
18,19,0.705,0.09999999999999998,0.062499999999999944,2j6yur5f,dynamic_german_gender_seed1,DynamicAlpha,1,
19,20,0.71,0.06499999999999995,0.03249999999999997,2j6yur5f,dynamic_german_gender_seed1,DynamicAlpha,1,
20,21,0.71,0.06499999999999995,0.03249999999999997,2j6yur5f,dynamic_german_gender_seed1,DynamicAlpha,1,
21,22,0.715,0.039999999999999925,0.019999999999999962,2j6yur5f,dynamic_german_gender_seed1,DynamicAlpha,1,
22,23,0.715,0.039999999999999925,0.019999999999999962,2j6yur5f,dynamic_german_gender_seed1,DynamicAlpha,1,
23,24,0.715,0.039999999999999925,0.019999999999999962,2j6yur5f,dynamic_german_gender_seed1,DynamicAlpha,1,
24,25,0.71,0.029999999999999916,0.014999999999999958,2j6yur5f,dynamic_german_gender_seed1,DynamicAlpha,1,
25,26,0.715,0.029999999999999916,0.02749999999999997,2j6yur5f,dynamic_german_gender_seed1,DynamicAlpha,1,
26,27,0.715,0.029999999999999916,0.02749999999999997,2j6yur5f,dynamic_german_gender_seed1,DynamicAlpha,1,
27,28,0.715,0.029999999999999916,0.02749999999999997,2j6yur5f,dynamic_german_gender_seed1,DynamicAlpha,1,
28,29,0.71,0.019999999999999907,0.022499999999999964,2j6yur5f,dynamic_german_gender_seed1,DynamicAlpha,1,
29,30,0.715,0.029999999999999916,0.02749999999999997,2j6yur5f,dynamic_german_gender_seed1,DynamicAlpha,1,
0,1,0.57,0.0,0.0,x9sl6iek,dynamic_german_gender_seed2,DynamicAlpha,2,
1,2,0.64,0.0050000000000000044,0.0025000000000000022,x9sl6iek,dynamic_german_gender_seed2,DynamicAlpha,2,
2,3,0.695,0.0050000000000000044,0.0025000000000000022,x9sl6iek,dynamic_german_gender_seed2,DynamicAlpha,2,
3,4,0.71,0.025000000000000022,0.025000000000000022,x9sl6iek,dynamic_german_gender_seed2,DynamicAlpha,2,
4,5,0.695,0.030000000000000027,0.040000000000000036,x9sl6iek,dynamic_german_gender_seed2,DynamicAlpha,2,
5,6,0.685,0.015000000000000013,0.03250000000000003,x9sl6iek,dynamic_german_gender_seed2,DynamicAlpha,2,
6,7,0.69,0.015000000000000013,0.007500000000000007,x9sl6iek,dynamic_german_gender_seed2,DynamicAlpha,2,
7,8,0.715,0.015000000000000013,0.03250000000000003,x9sl6iek,dynamic_german_gender_seed2,DynamicAlpha,2,
8,9,0.72,0.03500000000000003,0.08000000000000002,x9sl6iek,dynamic_german_gender_seed2,DynamicAlpha,2,
9,10,0.71,0.06499999999999995,0.08249999999999996,x9sl6iek,dynamic_german_gender_seed2,DynamicAlpha,2,
10,11,0.71,0.07000000000000006,0.1225,x9sl6iek,dynamic_german_gender_seed2,DynamicAlpha,2,
11,12,0.735,0.08500000000000008,0.10500000000000004,x9sl6iek,dynamic_german_gender_seed2,DynamicAlpha,2,
12,13,0.74,0.10999999999999999,0.10499999999999998,x9sl6iek,dynamic_german_gender_seed2,DynamicAlpha,2,
13,14,0.755,0.12,0.09749999999999998,x9sl6iek,dynamic_german_gender_seed2,DynamicAlpha,2,
14,15,0.75,0.09999999999999998,0.09999999999999998,x9sl6iek,dynamic_german_gender_seed2,DynamicAlpha,2,
15,16,0.75,0.09999999999999998,0.09999999999999998,x9sl6iek,dynamic_german_gender_seed2,DynamicAlpha,2,
16,17,0.74,0.11499999999999999,0.10749999999999998,x9sl6iek,dynamic_german_gender_seed2,DynamicAlpha,2,
17,18,0.74,0.11499999999999999,0.10749999999999998,x9sl6iek,dynamic_german_gender_seed2,DynamicAlpha,2,
18,19,0.745,0.08999999999999997,0.09499999999999997,x9sl6iek,dynamic_german_gender_seed2,DynamicAlpha,2,
19,20,0.74,0.11499999999999999,0.10749999999999998,x9sl6iek,dynamic_german_gender_seed2,DynamicAlpha,2,
20,21,0.74,0.10499999999999998,0.11499999999999999,x9sl6iek,dynamic_german_gender_seed2,DynamicAlpha,2,
21,22,0.73,0.08499999999999996,0.10499999999999998,x9sl6iek,dynamic_german_gender_seed2,DynamicAlpha,2,
22,23,0.72,0.06499999999999995,0.09499999999999997,x9sl6iek,dynamic_german_gender_seed2,DynamicAlpha,2,
23,24,0.71,0.04499999999999993,0.08499999999999996,x9sl6iek,dynamic_german_gender_seed2,DynamicAlpha,2,
24,25,0.71,0.04499999999999993,0.08499999999999996,x9sl6iek,dynamic_german_gender_seed2,DynamicAlpha,2,
25,26,0.71,0.04499999999999993,0.04749999999999999,x9sl6iek,dynamic_german_gender_seed2,DynamicAlpha,2,
26,27,0.71,0.04499999999999993,0.04749999999999999,x9sl6iek,dynamic_german_gender_seed2,DynamicAlpha,2,
27,28,0.715,0.04499999999999993,0.06,x9sl6iek,dynamic_german_gender_seed2,DynamicAlpha,2,
28,29,0.715,0.04499999999999993,0.06,x9sl6iek,dynamic_german_gender_seed2,DynamicAlpha,2,
29,30,0.725,0.06499999999999995,0.07,x9sl6iek,dynamic_german_gender_seed2,DynamicAlpha,2,
0,1,0.35,0.0050000000000000044,0.07749999999999999,9vjy3zbu,fixed_alpha1.5_german_gender_seed29,FixedAlpha_1.5,29,
1,2,0.48,0.0050000000000000044,0.07750000000000001,9vjy3zbu,fixed_alpha1.5_german_gender_seed29,FixedAlpha_1.5,29,
2,3,0.595,0.029999999999999916,0.05249999999999999,9vjy3zbu,fixed_alpha1.5_german_gender_seed29,FixedAlpha_1.5,29,
3,4,0.68,0.030000000000000027,0.027500000000000024,9vjy3zbu,fixed_alpha1.5_german_gender_seed29,FixedAlpha_1.5,29,
4,5,0.7,0.010000000000000009,0.017500000000000016,9vjy3zbu,fixed_alpha1.5_german_gender_seed29,FixedAlpha_1.5,29,
5,6,0.71,0.0050000000000000044,0.0025000000000000022,9vjy3zbu,fixed_alpha1.5_german_gender_seed29,FixedAlpha_1.5,29,
6,7,0.725,0.025000000000000022,0.012500000000000011,9vjy3zbu,fixed_alpha1.5_german_gender_seed29,FixedAlpha_1.5,29,
7,8,0.715,0.015000000000000013,0.020000000000000018,9vjy3zbu,fixed_alpha1.5_german_gender_seed29,FixedAlpha_1.5,29,
8,9,0.72,0.0050000000000000044,0.027500000000000024,9vjy3zbu,fixed_alpha1.5_german_gender_seed29,FixedAlpha_1.5,29,
9,10,0.72,0.015000000000000013,0.044999999999999984,9vjy3zbu,fixed_alpha1.5_german_gender_seed29,FixedAlpha_1.5,29,
10,11,0.725,0.015000000000000013,0.03249999999999997,9vjy3zbu,fixed_alpha1.5_german_gender_seed29,FixedAlpha_1.5,29,
11,12,0.735,0.025000000000000022,0.03750000000000003,9vjy3zbu,fixed_alpha1.5_german_gender_seed29,FixedAlpha_1.5,29,
12,13,0.72,0.0050000000000000044,0.015000000000000013,9vjy3zbu,fixed_alpha1.5_german_gender_seed29,FixedAlpha_1.5,29,
13,14,0.715,0.010000000000000009,0.0050000000000000044,9vjy3zbu,fixed_alpha1.5_german_gender_seed29,FixedAlpha_1.5,29,
14,15,0.73,0.015000000000000013,0.03250000000000003,9vjy3zbu,fixed_alpha1.5_german_gender_seed29,FixedAlpha_1.5,29,
15,16,0.725,0.015000000000000013,0.044999999999999984,9vjy3zbu,fixed_alpha1.5_german_gender_seed29,FixedAlpha_1.5,29,
16,17,0.72,0.025000000000000022,0.04999999999999999,9vjy3zbu,fixed_alpha1.5_german_gender_seed29,FixedAlpha_1.5,29,
17,18,0.71,0.04500000000000004,0.06,9vjy3zbu,fixed_alpha1.5_german_gender_seed29,FixedAlpha_1.5,29,
18,19,0.705,0.020000000000000018,0.04749999999999999,9vjy3zbu,fixed_alpha1.5_german_gender_seed29,FixedAlpha_1.5,29,
19,20,0.7,0.0050000000000000044,0.03999999999999998,9vjy3zbu,fixed_alpha1.5_german_gender_seed29,FixedAlpha_1.5,29,
20,21,0.705,0.0050000000000000044,0.02749999999999997,9vjy3zbu,fixed_alpha1.5_german_gender_seed29,FixedAlpha_1.5,29,
21,22,0.705,0.0050000000000000044,0.02749999999999997,9vjy3zbu,fixed_alpha1.5_german_gender_seed29,FixedAlpha_1.5,29,
22,23,0.705,0.0050000000000000044,0.02749999999999997,9vjy3zbu,fixed_alpha1.5_german_gender_seed29,FixedAlpha_1.5,29,
23,24,0.705,0.0050000000000000044,0.014999999999999958,9vjy3zbu,fixed_alpha1.5_german_gender_seed29,FixedAlpha_1.5,29,
24,25,0.71,0.0050000000000000044,0.0025000000000000022,9vjy3zbu,fixed_alpha1.5_german_gender_seed29,FixedAlpha_1.5,29,
25,26,0.71,0.0050000000000000044,0.0025000000000000022,9vjy3zbu,fixed_alpha1.5_german_gender_seed29,FixedAlpha_1.5,29,
26,27,0.705,0.019999999999999907,0.009999999999999953,9vjy3zbu,fixed_alpha1.5_german_gender_seed29,FixedAlpha_1.5,29,
27,28,0.715,0.019999999999999907,0.034999999999999976,9vjy3zbu,fixed_alpha1.5_german_gender_seed29,FixedAlpha_1.5,29,
28,29,0.715,0.04499999999999993,0.06,9vjy3zbu,fixed_alpha1.5_german_gender_seed29,FixedAlpha_1.5,29,
29,30,0.715,0.04499999999999993,0.06,9vjy3zbu,fixed_alpha1.5_german_gender_seed29,FixedAlpha_1.5,29,
0,1,0.63,0.040000000000000036,0.03249999999999997,ej2nungf,fixed_alpha1.5_german_gender_seed28,FixedAlpha_1.5,28,
1,2,0.675,0.07999999999999996,0.03999999999999998,ej2nungf,fixed_alpha1.5_german_gender_seed28,FixedAlpha_1.5,28,
2,3,0.685,0.050000000000000044,0.050000000000000044,ej2nungf,fixed_alpha1.5_german_gender_seed28,FixedAlpha_1.5,28,
3,4,0.7,0.020000000000000018,0.02250000000000002,ej2nungf,fixed_alpha1.5_german_gender_seed28,FixedAlpha_1.5,28,
4,5,0.71,0.0,0.012500000000000011,ej2nungf,fixed_alpha1.5_german_gender_seed28,FixedAlpha_1.5,28,
5,6,0.695,0.0050000000000000044,0.015000000000000013,ej2nungf,fixed_alpha1.5_german_gender_seed28,FixedAlpha_1.5,28,
6,7,0.695,0.05499999999999994,0.039999999999999925,ej2nungf,fixed_alpha1.5_german_gender_seed28,FixedAlpha_1.5,28,
7,8,0.68,0.08499999999999996,0.05499999999999999,ej2nungf,fixed_alpha1.5_german_gender_seed28,FixedAlpha_1.5,28,
8,9,0.695,0.06499999999999995,0.05749999999999994,ej2nungf,fixed_alpha1.5_german_gender_seed28,FixedAlpha_1.5,28,
9,10,0.705,0.05500000000000005,0.05250000000000005,ej2nungf,fixed_alpha1.5_german_gender_seed28,FixedAlpha_1.5,28,
10,11,0.71,0.07000000000000006,0.04750000000000004,ej2nungf,fixed_alpha1.5_german_gender_seed28,FixedAlpha_1.5,28,
11,12,0.725,0.09500000000000008,0.06000000000000005,ej2nungf,fixed_alpha1.5_german_gender_seed28,FixedAlpha_1.5,28,
12,13,0.73,0.09500000000000008,0.08500000000000008,ej2nungf,fixed_alpha1.5_german_gender_seed28,FixedAlpha_1.5,28,
13,14,0.73,0.09999999999999998,0.125,ej2nungf,fixed_alpha1.5_german_gender_seed28,FixedAlpha_1.5,28,
14,15,0.73,0.09999999999999998,0.125,ej2nungf,fixed_alpha1.5_german_gender_seed28,FixedAlpha_1.5,28,
15,16,0.75,0.09999999999999998,0.11249999999999996,ej2nungf,fixed_alpha1.5_german_gender_seed28,FixedAlpha_1.5,28,
16,17,0.745,0.08999999999999997,0.10749999999999996,ej2nungf,fixed_alpha1.5_german_gender_seed28,FixedAlpha_1.5,28,
17,18,0.74,0.06999999999999995,0.08499999999999999,ej2nungf,fixed_alpha1.5_german_gender_seed28,FixedAlpha_1.5,28,
18,19,0.73,0.04999999999999993,0.07499999999999998,ej2nungf,fixed_alpha1.5_german_gender_seed28,FixedAlpha_1.5,28,
19,20,0.74,0.04999999999999993,0.04999999999999996,ej2nungf,fixed_alpha1.5_german_gender_seed28,FixedAlpha_1.5,28,
20,21,0.735,0.07499999999999996,0.06249999999999997,ej2nungf,fixed_alpha1.5_german_gender_seed28,FixedAlpha_1.5,28,
21,22,0.735,0.07499999999999996,0.06249999999999997,ej2nungf,fixed_alpha1.5_german_gender_seed28,FixedAlpha_1.5,28,
22,23,0.735,0.07499999999999996,0.06249999999999997,ej2nungf,fixed_alpha1.5_german_gender_seed28,FixedAlpha_1.5,28,
23,24,0.735,0.07499999999999996,0.06249999999999997,ej2nungf,fixed_alpha1.5_german_gender_seed28,FixedAlpha_1.5,28,
24,25,0.735,0.07499999999999996,0.06249999999999997,ej2nungf,fixed_alpha1.5_german_gender_seed28,FixedAlpha_1.5,28,
25,26,0.725,0.06499999999999995,0.03249999999999997,ej2nungf,fixed_alpha1.5_german_gender_seed28,FixedAlpha_1.5,28,
26,27,0.725,0.06499999999999995,0.03249999999999997,ej2nungf,fixed_alpha1.5_german_gender_seed28,FixedAlpha_1.5,28,
27,28,0.72,0.05499999999999994,0.02749999999999997,ej2nungf,fixed_alpha1.5_german_gender_seed28,FixedAlpha_1.5,28,
28,29,0.715,0.04499999999999993,0.022499999999999964,ej2nungf,fixed_alpha1.5_german_gender_seed28,FixedAlpha_1.5,28,
29,30,0.705,0.025000000000000022,0.012500000000000011,ej2nungf,fixed_alpha1.5_german_gender_seed28,FixedAlpha_1.5,28,
0,1,0.59,0.1449999999999999,0.15999999999999998,3mkk3d3n,dynamic_german_gender_seed3,DynamicAlpha,3,
1,2,0.65,0.08000000000000007,0.11500000000000005,3mkk3d3n,dynamic_german_gender_seed3,DynamicAlpha,3,
2,3,0.675,0.05999999999999994,0.07999999999999996,3mkk3d3n,dynamic_german_gender_seed3,DynamicAlpha,3,
3,4,0.69,0.04499999999999993,0.06,3mkk3d3n,dynamic_german_gender_seed3,DynamicAlpha,3,
4,5,0.7,0.015000000000000013,0.057499999999999996,3mkk3d3n,dynamic_german_gender_seed3,DynamicAlpha,3,
5,6,0.695,0.025000000000000022,0.0625,3mkk3d3n,dynamic_german_gender_seed3,DynamicAlpha,3,
6,7,0.69,0.03500000000000003,0.0675,3mkk3d3n,dynamic_german_gender_seed3,DynamicAlpha,3,
7,8,0.695,0.05499999999999994,0.03999999999999998,3mkk3d3n,dynamic_german_gender_seed3,DynamicAlpha,3,
8,9,0.7,0.04999999999999993,0.024999999999999967,3mkk3d3n,dynamic_german_gender_seed3,DynamicAlpha,3,
9,10,0.695,0.06500000000000006,0.04500000000000004,3mkk3d3n,dynamic_german_gender_seed3,DynamicAlpha,3,
10,11,0.7,0.09500000000000008,0.06000000000000005,3mkk3d3n,dynamic_german_gender_seed3,DynamicAlpha,3,
11,12,0.7,0.05500000000000005,0.040000000000000036,3mkk3d3n,dynamic_german_gender_seed3,DynamicAlpha,3,
12,13,0.695,0.014999999999999902,0.03249999999999992,3mkk3d3n,dynamic_german_gender_seed3,DynamicAlpha,3,
13,14,0.705,0.014999999999999902,0.04499999999999993,3mkk3d3n,dynamic_german_gender_seed3,DynamicAlpha,3,
14,15,0.7,0.014999999999999902,0.019999999999999907,3mkk3d3n,dynamic_german_gender_seed3,DynamicAlpha,3,
15,16,0.705,0.0050000000000000044,0.02749999999999997,3mkk3d3n,dynamic_german_gender_seed3,DynamicAlpha,3,
16,17,0.7,0.05499999999999994,0.039999999999999925,3mkk3d3n,dynamic_german_gender_seed3,DynamicAlpha,3,
17,18,0.705,0.05499999999999994,0.02749999999999997,3mkk3d3n,dynamic_german_gender_seed3,DynamicAlpha,3,
18,19,0.695,0.06999999999999995,0.034999999999999976,3mkk3d3n,dynamic_german_gender_seed3,DynamicAlpha,3,
19,20,0.685,0.050000000000000044,0.025000000000000022,3mkk3d3n,dynamic_german_gender_seed3,DynamicAlpha,3,
20,21,0.7,0.06999999999999995,0.04749999999999999,3mkk3d3n,dynamic_german_gender_seed3,DynamicAlpha,3,
21,22,0.7,0.09499999999999997,0.07250000000000001,3mkk3d3n,dynamic_german_gender_seed3,DynamicAlpha,3,
22,23,0.7,0.09499999999999997,0.07250000000000001,3mkk3d3n,dynamic_german_gender_seed3,DynamicAlpha,3,
23,24,0.705,0.10499999999999998,0.07750000000000001,3mkk3d3n,dynamic_german_gender_seed3,DynamicAlpha,3,
24,25,0.705,0.10499999999999998,0.07750000000000001,3mkk3d3n,dynamic_german_gender_seed3,DynamicAlpha,3,
25,26,0.71,0.10499999999999998,0.09000000000000002,3mkk3d3n,dynamic_german_gender_seed3,DynamicAlpha,3,
26,27,0.71,0.13,0.11500000000000002,3mkk3d3n,dynamic_german_gender_seed3,DynamicAlpha,3,
27,28,0.715,0.14,0.12000000000000002,3mkk3d3n,dynamic_german_gender_seed3,DynamicAlpha,3,
28,29,0.715,0.14,0.12000000000000002,3mkk3d3n,dynamic_german_gender_seed3,DynamicAlpha,3,
29,30,0.715,0.14,0.12000000000000002,3mkk3d3n,dynamic_german_gender_seed3,DynamicAlpha,3,
0,1,0.335,0.07,0.035,s12fo2o7,dynamic_german_gender_seed4,DynamicAlpha,4,
1,2,0.37,0.19,0.14500000000000002,s12fo2o7,dynamic_german_gender_seed4,DynamicAlpha,4,
2,3,0.45,0.065,0.0325,s12fo2o7,dynamic_german_gender_seed4,DynamicAlpha,4,
3,4,0.53,0.03999999999999998,0.10749999999999998,s12fo2o7,dynamic_german_gender_seed4,DynamicAlpha,4,
4,5,0.64,0.019999999999999907,0.10999999999999993,s12fo2o7,dynamic_german_gender_seed4,DynamicAlpha,4,
5,6,0.685,0.06000000000000005,0.09250000000000003,s12fo2o7,dynamic_german_gender_seed4,DynamicAlpha,4,
6,7,0.705,0.04500000000000004,0.13500000000000006,s12fo2o7,dynamic_german_gender_seed4,DynamicAlpha,4,
7,8,0.705,0.050000000000000044,0.16250000000000003,s12fo2o7,dynamic_german_gender_seed4,DynamicAlpha,4,
8,9,0.725,0.039999999999999925,0.13249999999999995,s12fo2o7,dynamic_german_gender_seed4,DynamicAlpha,4,
9,10,0.725,0.04999999999999993,0.125,s12fo2o7,dynamic_german_gender_seed4,DynamicAlpha,4,
10,11,0.725,0.05999999999999994,0.1175,s12fo2o7,dynamic_german_gender_seed4,DynamicAlpha,4,
11,12,0.725,0.039999999999999925,0.09499999999999997,s12fo2o7,dynamic_german_gender_seed4,DynamicAlpha,4,
12,13,0.725,0.05500000000000005,0.09000000000000002,s12fo2o7,dynamic_german_gender_seed4,DynamicAlpha,4,
13,14,0.73,0.05500000000000005,0.065,s12fo2o7,dynamic_german_gender_seed4,DynamicAlpha,4,
14,15,0.73,0.03500000000000003,0.04249999999999998,s12fo2o7,dynamic_german_gender_seed4,DynamicAlpha,4,
15,16,0.73,0.025000000000000022,0.04999999999999999,s12fo2o7,dynamic_german_gender_seed4,DynamicAlpha,4,
16,17,0.73,0.040000000000000036,0.03250000000000003,s12fo2o7,dynamic_german_gender_seed4,DynamicAlpha,4,
17,18,0.725,0.030000000000000027,0.027500000000000024,s12fo2o7,dynamic_german_gender_seed4,DynamicAlpha,4,
18,19,0.73,0.030000000000000027,0.015000000000000013,s12fo2o7,dynamic_german_gender_seed4,DynamicAlpha,4,
19,20,0.74,0.020000000000000018,0.010000000000000009,s12fo2o7,dynamic_german_gender_seed4,DynamicAlpha,4,
20,21,0.74,0.04500000000000004,0.03500000000000003,s12fo2o7,dynamic_german_gender_seed4,DynamicAlpha,4,
21,22,0.74,0.03500000000000003,0.04250000000000004,s12fo2o7,dynamic_german_gender_seed4,DynamicAlpha,4,
22,23,0.74,0.025000000000000022,0.012500000000000011,s12fo2o7,dynamic_german_gender_seed4,DynamicAlpha,4,
23,24,0.74,0.025000000000000022,0.012500000000000011,s12fo2o7,dynamic_german_gender_seed4,DynamicAlpha,4,
24,25,0.74,0.025000000000000022,0.012500000000000011,s12fo2o7,dynamic_german_gender_seed4,DynamicAlpha,4,
25,26,0.745,0.025000000000000022,0.025000000000000022,s12fo2o7,dynamic_german_gender_seed4,DynamicAlpha,4,
26,27,0.745,0.015000000000000013,0.01999999999999999,s12fo2o7,dynamic_german_gender_seed4,DynamicAlpha,4,
27,28,0.745,0.015000000000000013,0.01999999999999999,s12fo2o7,dynamic_german_gender_seed4,DynamicAlpha,4,
28,29,0.745,0.015000000000000013,0.01999999999999999,s12fo2o7,dynamic_german_gender_seed4,DynamicAlpha,4,
29,30,0.74,0.039999999999999925,0.032499999999999946,s12fo2o7,dynamic_german_gender_seed4,DynamicAlpha,4,
0,1,0.475,0.02499999999999991,0.11249999999999993,u9l674lo,dynamic_german_gender_seed5,DynamicAlpha,5,
1,2,0.595,0.020000000000000018,0.010000000000000009,u9l674lo,dynamic_german_gender_seed5,DynamicAlpha,5,
2,3,0.675,0.029999999999999916,0.07749999999999996,u9l674lo,dynamic_german_gender_seed5,DynamicAlpha,5,
3,4,0.685,0.03500000000000003,0.0675,u9l674lo,dynamic_german_gender_seed5,DynamicAlpha,5,
4,5,0.695,0.015000000000000013,0.057499999999999996,u9l674lo,dynamic_german_gender_seed5,DynamicAlpha,5,
5,6,0.7,0.0050000000000000044,0.05249999999999999,u9l674lo,dynamic_german_gender_seed5,DynamicAlpha,5,
6,7,0.715,0.020000000000000018,0.02250000000000002,u9l674lo,dynamic_german_gender_seed5,DynamicAlpha,5,
7,8,0.71,0.010000000000000009,0.017500000000000016,u9l674lo,dynamic_german_gender_seed5,DynamicAlpha,5,
8,9,0.69,0.0050000000000000044,0.0025000000000000022,u9l674lo,dynamic_german_gender_seed5,DynamicAlpha,5,
9,10,0.7,0.010000000000000009,0.04250000000000004,u9l674lo,dynamic_german_gender_seed5,DynamicAlpha,5,
10,11,0.725,0.010000000000000009,0.017500000000000016,u9l674lo,dynamic_german_gender_seed5,DynamicAlpha,5,
11,12,0.7,0.04500000000000004,0.03500000000000003,u9l674lo,dynamic_german_gender_seed5,DynamicAlpha,5,
12,13,0.705,0.06999999999999995,0.04749999999999999,u9l674lo,dynamic_german_gender_seed5,DynamicAlpha,5,
13,14,0.71,0.04500000000000004,0.03500000000000003,u9l674lo,dynamic_german_gender_seed5,DynamicAlpha,5,
14,15,0.715,0.04500000000000004,0.03500000000000003,u9l674lo,dynamic_german_gender_seed5,DynamicAlpha,5,
15,16,0.72,0.05500000000000005,0.040000000000000036,u9l674lo,dynamic_german_gender_seed5,DynamicAlpha,5,
16,17,0.72,0.04500000000000004,0.02250000000000002,u9l674lo,dynamic_german_gender_seed5,DynamicAlpha,5,
17,18,0.72,0.04500000000000004,0.02250000000000002,u9l674lo,dynamic_german_gender_seed5,DynamicAlpha,5,
18,19,0.72,0.03500000000000003,0.030000000000000027,u9l674lo,dynamic_german_gender_seed5,DynamicAlpha,5,
19,20,0.72,0.04999999999999993,0.062499999999999944,u9l674lo,dynamic_german_gender_seed5,DynamicAlpha,5,
20,21,0.725,0.04999999999999993,0.07499999999999996,u9l674lo,dynamic_german_gender_seed5,DynamicAlpha,5,
21,22,0.725,0.04999999999999993,0.07499999999999996,u9l674lo,dynamic_german_gender_seed5,DynamicAlpha,5,
22,23,0.73,0.04999999999999993,0.04999999999999999,u9l674lo,dynamic_german_gender_seed5,DynamicAlpha,5,
23,24,0.73,0.04999999999999993,0.04999999999999999,u9l674lo,dynamic_german_gender_seed5,DynamicAlpha,5,
24,25,0.725,0.07499999999999996,0.0625,u9l674lo,dynamic_german_gender_seed5,DynamicAlpha,5,
25,26,0.72,0.07499999999999996,0.04999999999999999,u9l674lo,dynamic_german_gender_seed5,DynamicAlpha,5,
26,27,0.715,0.07499999999999996,0.03749999999999998,u9l674lo,dynamic_german_gender_seed5,DynamicAlpha,5,
27,28,0.72,0.08499999999999996,0.04249999999999998,u9l674lo,dynamic_german_gender_seed5,DynamicAlpha,5,
28,29,0.725,0.08499999999999996,0.05499999999999999,u9l674lo,dynamic_german_gender_seed5,DynamicAlpha,5,
29,30,0.725,0.08499999999999996,0.05499999999999999,u9l674lo,dynamic_german_gender_seed5,DynamicAlpha,5,
0,1,0.61,0.030000000000000027,0.065,okt7rbwc,dynamic_german_gender_seed7,DynamicAlpha,7,
1,2,0.665,0.050000000000000044,0.10000000000000003,okt7rbwc,dynamic_german_gender_seed7,DynamicAlpha,7,
2,3,0.66,0.025000000000000022,0.025000000000000022,okt7rbwc,dynamic_german_gender_seed7,DynamicAlpha,7,
3,4,0.68,0.010000000000000009,0.030000000000000027,okt7rbwc,dynamic_german_gender_seed7,DynamicAlpha,7,
4,5,0.685,0.020000000000000018,0.03500000000000003,okt7rbwc,dynamic_german_gender_seed7,DynamicAlpha,7,
5,6,0.68,0.04499999999999993,0.04749999999999999,okt7rbwc,dynamic_german_gender_seed7,DynamicAlpha,7,
6,7,0.69,0.04499999999999993,0.03499999999999992,okt7rbwc,dynamic_german_gender_seed7,DynamicAlpha,7,
7,8,0.695,0.03499999999999992,0.01749999999999996,okt7rbwc,dynamic_german_gender_seed7,DynamicAlpha,7,
8,9,0.7,0.05999999999999994,0.04249999999999998,okt7rbwc,dynamic_german_gender_seed7,DynamicAlpha,7,
9,10,0.7,0.07499999999999996,0.062499999999999944,okt7rbwc,dynamic_german_gender_seed7,DynamicAlpha,7,
10,11,0.71,0.05500000000000005,0.11499999999999999,okt7rbwc,dynamic_german_gender_seed7,DynamicAlpha,7,
11,12,0.73,0.07000000000000006,0.04750000000000004,okt7rbwc,dynamic_german_gender_seed7,DynamicAlpha,7,
12,13,0.725,0.09500000000000008,0.06000000000000005,okt7rbwc,dynamic_german_gender_seed7,DynamicAlpha,7,
13,14,0.725,0.08500000000000008,0.04250000000000004,okt7rbwc,dynamic_german_gender_seed7,DynamicAlpha,7,
14,15,0.715,0.09999999999999998,0.04999999999999999,okt7rbwc,dynamic_german_gender_seed7,DynamicAlpha,7,
15,16,0.72,0.07500000000000007,0.03750000000000003,okt7rbwc,dynamic_german_gender_seed7,DynamicAlpha,7,
16,17,0.72,0.07500000000000007,0.03750000000000003,okt7rbwc,dynamic_german_gender_seed7,DynamicAlpha,7,
17,18,0.72,0.06500000000000006,0.04500000000000004,okt7rbwc,dynamic_german_gender_seed7,DynamicAlpha,7,
18,19,0.72,0.05500000000000005,0.040000000000000036,okt7rbwc,dynamic_german_gender_seed7,DynamicAlpha,7,
19,20,0.73,0.05500000000000005,0.040000000000000036,okt7rbwc,dynamic_german_gender_seed7,DynamicAlpha,7,
20,21,0.73,0.06999999999999995,0.07249999999999995,okt7rbwc,dynamic_german_gender_seed7,DynamicAlpha,7,
21,22,0.73,0.06999999999999995,0.07249999999999995,okt7rbwc,dynamic_german_gender_seed7,DynamicAlpha,7,
22,23,0.725,0.05999999999999994,0.06749999999999995,okt7rbwc,dynamic_german_gender_seed7,DynamicAlpha,7,
23,24,0.73,0.04999999999999993,0.08749999999999997,okt7rbwc,dynamic_german_gender_seed7,DynamicAlpha,7,
24,25,0.73,0.04999999999999993,0.08749999999999997,okt7rbwc,dynamic_german_gender_seed7,DynamicAlpha,7,
25,26,0.725,0.07499999999999996,0.09999999999999998,okt7rbwc,dynamic_german_gender_seed7,DynamicAlpha,7,
26,27,0.72,0.09999999999999998,0.11249999999999999,okt7rbwc,dynamic_german_gender_seed7,DynamicAlpha,7,
27,28,0.72,0.09999999999999998,0.11249999999999999,okt7rbwc,dynamic_german_gender_seed7,DynamicAlpha,7,
28,29,0.715,0.08999999999999997,0.10749999999999998,okt7rbwc,dynamic_german_gender_seed7,DynamicAlpha,7,
29,30,0.71,0.11499999999999999,0.12,okt7rbwc,dynamic_german_gender_seed7,DynamicAlpha,7,
0,1,0.635,0.15000000000000002,0.21250000000000002,wzy4w8fa,dynamic_german_gender_seed8,DynamicAlpha,8,
1,2,0.685,0.04500000000000004,0.19750000000000004,wzy4w8fa,dynamic_german_gender_seed8,DynamicAlpha,8,
2,3,0.71,0.05999999999999994,0.16749999999999998,wzy4w8fa,dynamic_german_gender_seed8,DynamicAlpha,8,
3,4,0.705,0.03499999999999992,0.14249999999999996,wzy4w8fa,dynamic_german_gender_seed8,DynamicAlpha,8,
4,5,0.71,0.05499999999999994,0.16499999999999998,wzy4w8fa,dynamic_german_gender_seed8,DynamicAlpha,8,
5,6,0.7,0.05499999999999994,0.11499999999999994,wzy4w8fa,dynamic_german_gender_seed8,DynamicAlpha,8,
6,7,0.71,0.05499999999999994,0.08999999999999997,wzy4w8fa,dynamic_german_gender_seed8,DynamicAlpha,8,
7,8,0.715,0.03499999999999992,0.1175,wzy4w8fa,dynamic_german_gender_seed8,DynamicAlpha,8,
8,9,0.715,0.04999999999999993,0.09999999999999998,wzy4w8fa,dynamic_german_gender_seed8,DynamicAlpha,8,
9,10,0.715,0.030000000000000027,0.10249999999999998,wzy4w8fa,dynamic_german_gender_seed8,DynamicAlpha,8,
10,11,0.71,0.06000000000000005,0.08000000000000002,wzy4w8fa,dynamic_german_gender_seed8,DynamicAlpha,8,
11,12,0.715,0.050000000000000044,0.08750000000000002,wzy4w8fa,dynamic_german_gender_seed8,DynamicAlpha,8,
12,13,0.72,0.050000000000000044,0.11249999999999999,wzy4w8fa,dynamic_german_gender_seed8,DynamicAlpha,8,
13,14,0.725,0.050000000000000044,0.09999999999999998,wzy4w8fa,dynamic_german_gender_seed8,DynamicAlpha,8,
14,15,0.71,0.05500000000000005,0.10249999999999998,wzy4w8fa,dynamic_german_gender_seed8,DynamicAlpha,8,
15,16,0.71,0.05500000000000005,0.10249999999999998,wzy4w8fa,dynamic_german_gender_seed8,DynamicAlpha,8,
16,17,0.71,0.05500000000000005,0.10249999999999998,wzy4w8fa,dynamic_german_gender_seed8,DynamicAlpha,8,
17,18,0.705,0.07999999999999996,0.11499999999999994,wzy4w8fa,dynamic_german_gender_seed8,DynamicAlpha,8,
18,19,0.7,0.05999999999999994,0.09249999999999997,wzy4w8fa,dynamic_german_gender_seed8,DynamicAlpha,8,
19,20,0.705,0.05999999999999994,0.07999999999999996,wzy4w8fa,dynamic_german_gender_seed8,DynamicAlpha,8,
20,21,0.705,0.05999999999999994,0.07999999999999996,wzy4w8fa,dynamic_german_gender_seed8,DynamicAlpha,8,
21,22,0.705,0.05999999999999994,0.07999999999999996,wzy4w8fa,dynamic_german_gender_seed8,DynamicAlpha,8,
22,23,0.715,0.05999999999999994,0.05499999999999994,wzy4w8fa,dynamic_german_gender_seed8,DynamicAlpha,8,
23,24,0.705,0.04999999999999993,0.024999999999999967,wzy4w8fa,dynamic_german_gender_seed8,DynamicAlpha,8,
24,25,0.7,0.07499999999999996,0.03749999999999998,wzy4w8fa,dynamic_german_gender_seed8,DynamicAlpha,8,
25,26,0.7,0.09999999999999998,0.0625,wzy4w8fa,dynamic_german_gender_seed8,DynamicAlpha,8,
26,27,0.715,0.09999999999999998,0.09999999999999998,wzy4w8fa,dynamic_german_gender_seed8,DynamicAlpha,8,
27,28,0.715,0.09999999999999998,0.09999999999999998,wzy4w8fa,dynamic_german_gender_seed8,DynamicAlpha,8,
28,29,0.715,0.09999999999999998,0.09999999999999998,wzy4w8fa,dynamic_german_gender_seed8,DynamicAlpha,8,
29,30,0.715,0.09999999999999998,0.09999999999999998,wzy4w8fa,dynamic_german_gender_seed8,DynamicAlpha,8,
0,1,0.535,0.10999999999999999,0.1175,raucsj7s,dynamic_german_gender_seed9,DynamicAlpha,9,
1,2,0.59,0.245,0.19749999999999998,raucsj7s,dynamic_german_gender_seed9,DynamicAlpha,9,
2,3,0.675,0.235,0.2425,raucsj7s,dynamic_german_gender_seed9,DynamicAlpha,9,
3,4,0.68,0.05500000000000005,0.19,raucsj7s,dynamic_german_gender_seed9,DynamicAlpha,9,
4,5,0.67,0.08499999999999996,0.1175,raucsj7s,dynamic_german_gender_seed9,DynamicAlpha,9,
5,6,0.68,0.06999999999999995,0.10999999999999999,raucsj7s,dynamic_german_gender_seed9,DynamicAlpha,9,
6,7,0.69,0.05499999999999994,0.10249999999999998,raucsj7s,dynamic_german_gender_seed9,DynamicAlpha,9,
7,8,0.705,0.030000000000000027,0.065,raucsj7s,dynamic_german_gender_seed9,DynamicAlpha,9,
8,9,0.71,0.030000000000000027,0.05250000000000005,raucsj7s,dynamic_german_gender_seed9,DynamicAlpha,9,
9,10,0.71,0.03499999999999992,0.01749999999999996,raucsj7s,dynamic_german_gender_seed9,DynamicAlpha,9,
10,11,0.71,0.07499999999999996,0.03749999999999998,raucsj7s,dynamic_german_gender_seed9,DynamicAlpha,9,
11,12,0.705,0.08000000000000007,0.05250000000000005,raucsj7s,dynamic_german_gender_seed9,DynamicAlpha,9,
12,13,0.695,0.09999999999999998,0.07500000000000001,raucsj7s,dynamic_german_gender_seed9,DynamicAlpha,9,
13,14,0.7,0.06500000000000006,0.07,raucsj7s,dynamic_german_gender_seed9,DynamicAlpha,9,
14,15,0.715,0.06500000000000006,0.07,raucsj7s,dynamic_german_gender_seed9,DynamicAlpha,9,
15,16,0.715,0.08999999999999997,0.09499999999999997,raucsj7s,dynamic_german_gender_seed9,DynamicAlpha,9,
16,17,0.72,0.08999999999999997,0.07,raucsj7s,dynamic_german_gender_seed9,DynamicAlpha,9,
17,18,0.71,0.10499999999999998,0.07750000000000001,raucsj7s,dynamic_german_gender_seed9,DynamicAlpha,9,
18,19,0.715,0.10499999999999998,0.09000000000000002,raucsj7s,dynamic_german_gender_seed9,DynamicAlpha,9,
19,20,0.715,0.10499999999999998,0.09000000000000002,raucsj7s,dynamic_german_gender_seed9,DynamicAlpha,9,
20,21,0.715,0.10499999999999998,0.09000000000000002,raucsj7s,dynamic_german_gender_seed9,DynamicAlpha,9,
21,22,0.725,0.10499999999999998,0.11499999999999999,raucsj7s,dynamic_german_gender_seed9,DynamicAlpha,9,
22,23,0.73,0.15500000000000003,0.14,raucsj7s,dynamic_german_gender_seed9,DynamicAlpha,9,
23,24,0.73,0.15500000000000003,0.14,raucsj7s,dynamic_german_gender_seed9,DynamicAlpha,9,
24,25,0.735,0.12,0.13499999999999998,raucsj7s,dynamic_german_gender_seed9,DynamicAlpha,9,
25,26,0.735,0.12,0.13499999999999998,raucsj7s,dynamic_german_gender_seed9,DynamicAlpha,9,
26,27,0.73,0.10999999999999999,0.12999999999999998,raucsj7s,dynamic_german_gender_seed9,DynamicAlpha,9,
27,28,0.73,0.10999999999999999,0.12999999999999998,raucsj7s,dynamic_german_gender_seed9,DynamicAlpha,9,
28,29,0.73,0.10999999999999999,0.12999999999999998,raucsj7s,dynamic_german_gender_seed9,DynamicAlpha,9,
29,30,0.73,0.10999999999999999,0.12999999999999998,raucsj7s,dynamic_german_gender_seed9,DynamicAlpha,9,
0,1,0.69,0.05500000000000005,0.027500000000000024,82sidmcc,dynamic_german_gender_seed6,DynamicAlpha,6,
1,2,0.71,0.030000000000000027,0.040000000000000036,82sidmcc,dynamic_german_gender_seed6,DynamicAlpha,6,
2,3,0.71,0.02499999999999991,0.024999999999999967,82sidmcc,dynamic_german_gender_seed6,DynamicAlpha,6,
3,4,0.72,0.020000000000000018,0.04750000000000004,82sidmcc,dynamic_german_gender_seed6,DynamicAlpha,6,
4,5,0.73,0.030000000000000027,0.065,82sidmcc,dynamic_german_gender_seed6,DynamicAlpha,6,
5,6,0.74,0.030000000000000027,0.09000000000000002,82sidmcc,dynamic_german_gender_seed6,DynamicAlpha,6,
6,7,0.75,0.030000000000000027,0.11500000000000005,82sidmcc,dynamic_german_gender_seed6,DynamicAlpha,6,
7,8,0.755,0.020000000000000018,0.06000000000000005,82sidmcc,dynamic_german_gender_seed6,DynamicAlpha,6,
8,9,0.76,0.010000000000000009,0.04249999999999998,82sidmcc,dynamic_german_gender_seed6,DynamicAlpha,6,
9,10,0.76,0.019999999999999907,0.009999999999999953,82sidmcc,dynamic_german_gender_seed6,DynamicAlpha,6,
10,11,0.745,0.010000000000000009,0.017500000000000016,82sidmcc,dynamic_german_gender_seed6,DynamicAlpha,6,
11,12,0.755,0.025000000000000022,0.03749999999999998,82sidmcc,dynamic_german_gender_seed6,DynamicAlpha,6,
12,13,0.76,0.025000000000000022,0.04999999999999999,82sidmcc,dynamic_german_gender_seed6,DynamicAlpha,6,
13,14,0.76,0.015000000000000013,0.057499999999999996,82sidmcc,dynamic_german_gender_seed6,DynamicAlpha,6,
14,15,0.765,0.0050000000000000044,0.07749999999999999,82sidmcc,dynamic_german_gender_seed6,DynamicAlpha,6,
15,16,0.76,0.0050000000000000044,0.07749999999999999,82sidmcc,dynamic_german_gender_seed6,DynamicAlpha,6,
16,17,0.75,0.010000000000000009,0.07999999999999999,82sidmcc,dynamic_german_gender_seed6,DynamicAlpha,6,
17,18,0.745,0.03500000000000003,0.0925,82sidmcc,dynamic_german_gender_seed6,DynamicAlpha,6,
18,19,0.745,0.03500000000000003,0.0925,82sidmcc,dynamic_german_gender_seed6,DynamicAlpha,6,
19,20,0.745,0.03500000000000003,0.0925,82sidmcc,dynamic_german_gender_seed6,DynamicAlpha,6,
20,21,0.745,0.03500000000000003,0.0925,82sidmcc,dynamic_german_gender_seed6,DynamicAlpha,6,
21,22,0.75,0.03500000000000003,0.06750000000000003,82sidmcc,dynamic_german_gender_seed6,DynamicAlpha,6,
22,23,0.745,0.025000000000000022,0.06250000000000003,82sidmcc,dynamic_german_gender_seed6,DynamicAlpha,6,
23,24,0.745,0.025000000000000022,0.06250000000000003,82sidmcc,dynamic_german_gender_seed6,DynamicAlpha,6,
24,25,0.745,0.025000000000000022,0.06250000000000003,82sidmcc,dynamic_german_gender_seed6,DynamicAlpha,6,
25,26,0.745,0.025000000000000022,0.06250000000000003,82sidmcc,dynamic_german_gender_seed6,DynamicAlpha,6,
26,27,0.745,0.025000000000000022,0.06250000000000003,82sidmcc,dynamic_german_gender_seed6,DynamicAlpha,6,
27,28,0.74,0.025000000000000022,0.0875,82sidmcc,dynamic_german_gender_seed6,DynamicAlpha,6,
28,29,0.74,0.025000000000000022,0.0875,82sidmcc,dynamic_german_gender_seed6,DynamicAlpha,6,
29,30,0.73,0.039999999999999925,0.09499999999999995,82sidmcc,dynamic_german_gender_seed6,DynamicAlpha,6,
0,1,0.705,0.030000000000000027,0.027500000000000024,53lkc5gp,dynamic_german_gender_seed10,DynamicAlpha,10,
1,2,0.72,0.03499999999999992,0.07999999999999996,53lkc5gp,dynamic_german_gender_seed10,DynamicAlpha,10,
2,3,0.74,0.04499999999999993,0.04749999999999999,53lkc5gp,dynamic_german_gender_seed10,DynamicAlpha,10,
3,4,0.745,0.03499999999999992,0.0675,53lkc5gp,dynamic_german_gender_seed10,DynamicAlpha,10,
4,5,0.75,0.04499999999999993,0.07250000000000001,53lkc5gp,dynamic_german_gender_seed10,DynamicAlpha,10,
5,6,0.745,0.03499999999999992,0.0675,53lkc5gp,dynamic_german_gender_seed10,DynamicAlpha,10,
6,7,0.75,0.03499999999999992,0.07999999999999996,53lkc5gp,dynamic_german_gender_seed10,DynamicAlpha,10,
7,8,0.745,0.0050000000000000044,0.05249999999999999,53lkc5gp,dynamic_german_gender_seed10,DynamicAlpha,10,
8,9,0.745,0.0050000000000000044,0.02749999999999997,53lkc5gp,dynamic_german_gender_seed10,DynamicAlpha,10,
9,10,0.75,0.020000000000000018,0.02250000000000002,53lkc5gp,dynamic_german_gender_seed10,DynamicAlpha,10,
10,11,0.765,0.04500000000000004,0.04749999999999999,53lkc5gp,dynamic_german_gender_seed10,DynamicAlpha,10,
11,12,0.75,0.040000000000000036,0.020000000000000018,53lkc5gp,dynamic_german_gender_seed10,DynamicAlpha,10,
12,13,0.725,0.03500000000000003,0.04249999999999998,53lkc5gp,dynamic_german_gender_seed10,DynamicAlpha,10,
13,14,0.725,0.05999999999999994,0.02999999999999997,53lkc5gp,dynamic_german_gender_seed10,DynamicAlpha,10,
14,15,0.725,0.05999999999999994,0.02999999999999997,53lkc5gp,dynamic_german_gender_seed10,DynamicAlpha,10,
15,16,0.725,0.05999999999999994,0.02999999999999997,53lkc5gp,dynamic_german_gender_seed10,DynamicAlpha,10,
16,17,0.72,0.08499999999999996,0.04249999999999998,53lkc5gp,dynamic_german_gender_seed10,DynamicAlpha,10,
17,18,0.715,0.10999999999999999,0.05499999999999999,53lkc5gp,dynamic_german_gender_seed10,DynamicAlpha,10,
18,19,0.705,0.125,0.0625,53lkc5gp,dynamic_german_gender_seed10,DynamicAlpha,10,
19,20,0.705,0.11499999999999999,0.07,53lkc5gp,dynamic_german_gender_seed10,DynamicAlpha,10,
20,21,0.705,0.11499999999999999,0.07,53lkc5gp,dynamic_german_gender_seed10,DynamicAlpha,10,
21,22,0.705,0.11499999999999999,0.07,53lkc5gp,dynamic_german_gender_seed10,DynamicAlpha,10,
22,23,0.71,0.125,0.07500000000000001,53lkc5gp,dynamic_german_gender_seed10,DynamicAlpha,10,
23,24,0.71,0.125,0.07500000000000001,53lkc5gp,dynamic_german_gender_seed10,DynamicAlpha,10,
24,25,0.71,0.125,0.07500000000000001,53lkc5gp,dynamic_german_gender_seed10,DynamicAlpha,10,
25,26,0.7,0.125,0.08749999999999997,53lkc5gp,dynamic_german_gender_seed10,DynamicAlpha,10,
26,27,0.705,0.11499999999999999,0.10749999999999998,53lkc5gp,dynamic_german_gender_seed10,DynamicAlpha,10,
27,28,0.71,0.10499999999999998,0.09000000000000002,53lkc5gp,dynamic_german_gender_seed10,DynamicAlpha,10,
28,29,0.71,0.10499999999999998,0.09000000000000002,53lkc5gp,dynamic_german_gender_seed10,DynamicAlpha,10,
29,30,0.71,0.11499999999999999,0.12,53lkc5gp,dynamic_german_gender_seed10,DynamicAlpha,10,
0,1,0.585,0.05499999999999994,0.2525,yah6s4th,dynamic_german_gender_seed11,DynamicAlpha,11,
1,2,0.67,0.03500000000000003,0.20500000000000002,yah6s4th,dynamic_german_gender_seed11,DynamicAlpha,11,
2,3,0.71,0.039999999999999925,0.15749999999999997,yah6s4th,dynamic_german_gender_seed11,DynamicAlpha,11,
3,4,0.705,0.019999999999999907,0.10999999999999999,yah6s4th,dynamic_german_gender_seed11,DynamicAlpha,11,
4,5,0.7,0.010000000000000009,0.07999999999999996,yah6s4th,dynamic_german_gender_seed11,DynamicAlpha,11,
5,6,0.7,0.010000000000000009,0.07999999999999996,yah6s4th,dynamic_german_gender_seed11,DynamicAlpha,11,
6,7,0.7,0.02499999999999991,0.09999999999999998,yah6s4th,dynamic_german_gender_seed11,DynamicAlpha,11,
7,8,0.705,0.014999999999999902,0.14499999999999996,yah6s4th,dynamic_german_gender_seed11,DynamicAlpha,11,
8,9,0.715,0.0050000000000000044,0.08999999999999997,yah6s4th,dynamic_german_gender_seed11,DynamicAlpha,11,
9,10,0.72,0.015000000000000013,0.07,yah6s4th,dynamic_german_gender_seed11,DynamicAlpha,11,
10,11,0.72,0.04500000000000004,0.1225,yah6s4th,dynamic_german_gender_seed11,DynamicAlpha,11,
11,12,0.725,0.020000000000000018,0.16,yah6s4th,dynamic_german_gender_seed11,DynamicAlpha,11,
12,13,0.73,0.0050000000000000044,0.12749999999999997,yah6s4th,dynamic_german_gender_seed11,DynamicAlpha,11,
13,14,0.725,0.010000000000000009,0.0675,yah6s4th,dynamic_german_gender_seed11,DynamicAlpha,11,
14,15,0.715,0.025000000000000022,0.07500000000000001,yah6s4th,dynamic_german_gender_seed11,DynamicAlpha,11,
15,16,0.715,0.04999999999999993,0.07499999999999996,yah6s4th,dynamic_german_gender_seed11,DynamicAlpha,11,
16,17,0.715,0.04999999999999993,0.07499999999999996,yah6s4th,dynamic_german_gender_seed11,DynamicAlpha,11,
17,18,0.715,0.07499999999999996,0.07499999999999996,yah6s4th,dynamic_german_gender_seed11,DynamicAlpha,11,
18,19,0.72,0.07499999999999996,0.0625,yah6s4th,dynamic_german_gender_seed11,DynamicAlpha,11,
19,20,0.725,0.06499999999999995,0.03249999999999997,yah6s4th,dynamic_german_gender_seed11,DynamicAlpha,11,
20,21,0.72,0.05499999999999994,0.02749999999999997,yah6s4th,dynamic_german_gender_seed11,DynamicAlpha,11,
21,22,0.73,0.039999999999999925,0.019999999999999962,yah6s4th,dynamic_german_gender_seed11,DynamicAlpha,11,
22,23,0.73,0.039999999999999925,0.019999999999999962,yah6s4th,dynamic_german_gender_seed11,DynamicAlpha,11,
23,24,0.735,0.039999999999999925,0.03249999999999997,yah6s4th,dynamic_german_gender_seed11,DynamicAlpha,11,
24,25,0.735,0.039999999999999925,0.03249999999999997,yah6s4th,dynamic_german_gender_seed11,DynamicAlpha,11,
25,26,0.735,0.039999999999999925,0.03249999999999997,yah6s4th,dynamic_german_gender_seed11,DynamicAlpha,11,
26,27,0.735,0.039999999999999925,0.03249999999999997,yah6s4th,dynamic_german_gender_seed11,DynamicAlpha,11,
27,28,0.735,0.039999999999999925,0.03249999999999997,yah6s4th,dynamic_german_gender_seed11,DynamicAlpha,11,
28,29,0.735,0.04999999999999993,0.0625,yah6s4th,dynamic_german_gender_seed11,DynamicAlpha,11,
29,30,0.73,0.04999999999999993,0.04999999999999999,yah6s4th,dynamic_german_gender_seed11,DynamicAlpha,11,
0,1,0.605,0.040000000000000036,0.04500000000000004,9yg13fcb,dynamic_german_gender_seed12,DynamicAlpha,12,
1,2,0.68,0.020000000000000018,0.04749999999999999,9yg13fcb,dynamic_german_gender_seed12,DynamicAlpha,12,
2,3,0.71,0.010000000000000009,0.0675,9yg13fcb,dynamic_german_gender_seed12,DynamicAlpha,12,
3,4,0.72,0.0050000000000000044,0.05249999999999999,9yg13fcb,dynamic_german_gender_seed12,DynamicAlpha,12,
4,5,0.73,0.0050000000000000044,0.02749999999999997,9yg13fcb,dynamic_german_gender_seed12,DynamicAlpha,12,
5,6,0.73,0.030000000000000027,0.03999999999999998,9yg13fcb,dynamic_german_gender_seed12,DynamicAlpha,12,
6,7,0.755,0.020000000000000018,0.07250000000000001,9yg13fcb,dynamic_german_gender_seed12,DynamicAlpha,12,
7,8,0.74,0.04999999999999993,0.11249999999999999,9yg13fcb,dynamic_german_gender_seed12,DynamicAlpha,12,
8,9,0.76,0.05500000000000005,0.065,9yg13fcb,dynamic_german_gender_seed12,DynamicAlpha,12,
9,10,0.77,0.03500000000000003,0.04250000000000004,9yg13fcb,dynamic_german_gender_seed12,DynamicAlpha,12,
10,11,0.775,0.03500000000000003,0.030000000000000027,9yg13fcb,dynamic_german_gender_seed12,DynamicAlpha,12,
11,12,0.78,0.03500000000000003,0.017500000000000016,9yg13fcb,dynamic_german_gender_seed12,DynamicAlpha,12,
12,13,0.785,0.03500000000000003,0.030000000000000027,9yg13fcb,dynamic_german_gender_seed12,DynamicAlpha,12,
13,14,0.775,0.08500000000000008,0.05500000000000005,9yg13fcb,dynamic_german_gender_seed12,DynamicAlpha,12,
14,15,0.77,0.07500000000000007,0.050000000000000044,9yg13fcb,dynamic_german_gender_seed12,DynamicAlpha,12,
15,16,0.77,0.09999999999999998,0.06249999999999997,9yg13fcb,dynamic_german_gender_seed12,DynamicAlpha,12,
16,17,0.755,0.14,0.08249999999999999,9yg13fcb,dynamic_german_gender_seed12,DynamicAlpha,12,
17,18,0.75,0.13,0.07749999999999999,9yg13fcb,dynamic_german_gender_seed12,DynamicAlpha,12,
18,19,0.75,0.13,0.07749999999999999,9yg13fcb,dynamic_german_gender_seed12,DynamicAlpha,12,
19,20,0.755,0.14,0.08249999999999999,9yg13fcb,dynamic_german_gender_seed12,DynamicAlpha,12,
20,21,0.75,0.16500000000000004,0.095,9yg13fcb,dynamic_german_gender_seed12,DynamicAlpha,12,
21,22,0.745,0.19000000000000006,0.10750000000000001,9yg13fcb,dynamic_german_gender_seed12,DynamicAlpha,12,
22,23,0.745,0.18000000000000005,0.09000000000000002,9yg13fcb,dynamic_german_gender_seed12,DynamicAlpha,12,
23,24,0.745,0.18000000000000005,0.09000000000000002,9yg13fcb,dynamic_german_gender_seed12,DynamicAlpha,12,
24,25,0.74,0.17000000000000004,0.08500000000000002,9yg13fcb,dynamic_german_gender_seed12,DynamicAlpha,12,
25,26,0.74,0.17000000000000004,0.08500000000000002,9yg13fcb,dynamic_german_gender_seed12,DynamicAlpha,12,
26,27,0.735,0.16000000000000003,0.08000000000000002,9yg13fcb,dynamic_german_gender_seed12,DynamicAlpha,12,
27,28,0.745,0.14500000000000002,0.07250000000000001,9yg13fcb,dynamic_german_gender_seed12,DynamicAlpha,12,
28,29,0.75,0.15500000000000003,0.07750000000000001,9yg13fcb,dynamic_german_gender_seed12,DynamicAlpha,12,
29,30,0.75,0.16500000000000004,0.10750000000000001,9yg13fcb,dynamic_german_gender_seed12,DynamicAlpha,12,
0,1,0.5,0.16999999999999998,0.10999999999999999,eoptjvrt,dynamic_german_gender_seed13,DynamicAlpha,13,
1,2,0.59,0.025000000000000022,0.03750000000000003,eoptjvrt,dynamic_german_gender_seed13,DynamicAlpha,13,
2,3,0.71,0.025000000000000022,0.025000000000000022,eoptjvrt,dynamic_german_gender_seed13,DynamicAlpha,13,
3,4,0.725,0.020000000000000018,0.02250000000000002,eoptjvrt,dynamic_german_gender_seed13,DynamicAlpha,13,
4,5,0.725,0.050000000000000044,0.03750000000000003,eoptjvrt,dynamic_german_gender_seed13,DynamicAlpha,13,
5,6,0.715,0.050000000000000044,0.03750000000000003,eoptjvrt,dynamic_german_gender_seed13,DynamicAlpha,13,
6,7,0.72,0.025000000000000022,0.025000000000000022,eoptjvrt,dynamic_german_gender_seed13,DynamicAlpha,13,
7,8,0.72,0.050000000000000044,0.025000000000000022,eoptjvrt,dynamic_german_gender_seed13,DynamicAlpha,13,
8,9,0.73,0.040000000000000036,0.020000000000000018,eoptjvrt,dynamic_german_gender_seed13,DynamicAlpha,13,
9,10,0.74,0.03499999999999992,0.01749999999999996,eoptjvrt,dynamic_german_gender_seed13,DynamicAlpha,13,
10,11,0.76,0.014999999999999902,0.044999999999999984,eoptjvrt,dynamic_german_gender_seed13,DynamicAlpha,13,
11,12,0.75,0.08000000000000007,0.05250000000000005,eoptjvrt,dynamic_german_gender_seed13,DynamicAlpha,13,
12,13,0.745,0.050000000000000044,0.03750000000000003,eoptjvrt,dynamic_german_gender_seed13,DynamicAlpha,13,
13,14,0.75,0.07500000000000007,0.07500000000000001,eoptjvrt,dynamic_german_gender_seed13,DynamicAlpha,13,
14,15,0.755,0.09999999999999998,0.11249999999999999,eoptjvrt,dynamic_german_gender_seed13,DynamicAlpha,13,
15,16,0.755,0.09999999999999998,0.11249999999999999,eoptjvrt,dynamic_german_gender_seed13,DynamicAlpha,13,
16,17,0.76,0.09999999999999998,0.12499999999999997,eoptjvrt,dynamic_german_gender_seed13,DynamicAlpha,13,
17,18,0.76,0.09999999999999998,0.12499999999999997,eoptjvrt,dynamic_german_gender_seed13,DynamicAlpha,13,
18,19,0.76,0.09999999999999998,0.12499999999999997,eoptjvrt,dynamic_german_gender_seed13,DynamicAlpha,13,
19,20,0.755,0.09999999999999998,0.11249999999999999,eoptjvrt,dynamic_german_gender_seed13,DynamicAlpha,13,
20,21,0.755,0.09999999999999998,0.11249999999999999,eoptjvrt,dynamic_german_gender_seed13,DynamicAlpha,13,
21,22,0.76,0.09999999999999998,0.08750000000000002,eoptjvrt,dynamic_german_gender_seed13,DynamicAlpha,13,
22,23,0.745,0.11499999999999999,0.12,eoptjvrt,dynamic_german_gender_seed13,DynamicAlpha,13,
23,24,0.74,0.13,0.10250000000000004,eoptjvrt,dynamic_german_gender_seed13,DynamicAlpha,13,
24,25,0.735,0.12,0.09750000000000003,eoptjvrt,dynamic_german_gender_seed13,DynamicAlpha,13,
25,26,0.735,0.10999999999999999,0.0675,eoptjvrt,dynamic_german_gender_seed13,DynamicAlpha,13,
26,27,0.735,0.10999999999999999,0.0675,eoptjvrt,dynamic_german_gender_seed13,DynamicAlpha,13,
27,28,0.735,0.10999999999999999,0.0675,eoptjvrt,dynamic_german_gender_seed13,DynamicAlpha,13,
28,29,0.735,0.10999999999999999,0.0675,eoptjvrt,dynamic_german_gender_seed13,DynamicAlpha,13,
29,30,0.73,0.10999999999999999,0.09250000000000003,eoptjvrt,dynamic_german_gender_seed13,DynamicAlpha,13,
0,1,0.47,0.010000000000000009,0.04250000000000004,h6v4ysip,dynamic_german_gender_seed16,DynamicAlpha,16,
1,2,0.54,0.020000000000000018,0.06,h6v4ysip,dynamic_german_gender_seed16,DynamicAlpha,16,
2,3,0.61,0.010000000000000009,0.01749999999999996,h6v4ysip,dynamic_german_gender_seed16,DynamicAlpha,16,
3,4,0.65,0.050000000000000044,0.025000000000000022,h6v4ysip,dynamic_german_gender_seed16,DynamicAlpha,16,
4,5,0.67,0.039999999999999925,0.04499999999999993,h6v4ysip,dynamic_german_gender_seed16,DynamicAlpha,16,
5,6,0.68,0.010000000000000009,0.01749999999999996,h6v4ysip,dynamic_german_gender_seed16,DynamicAlpha,16,
6,7,0.695,0.015000000000000013,0.019999999999999962,h6v4ysip,dynamic_german_gender_seed16,DynamicAlpha,16,
7,8,0.695,0.015000000000000013,0.03249999999999997,h6v4ysip,dynamic_german_gender_seed16,DynamicAlpha,16,
8,9,0.695,0.05999999999999994,0.05499999999999999,h6v4ysip,dynamic_german_gender_seed16,DynamicAlpha,16,
9,10,0.71,0.05999999999999994,0.09249999999999997,h6v4ysip,dynamic_german_gender_seed16,DynamicAlpha,16,
10,11,0.705,0.039999999999999925,0.06999999999999995,h6v4ysip,dynamic_german_gender_seed16,DynamicAlpha,16,
11,12,0.695,0.020000000000000018,0.06,h6v4ysip,dynamic_german_gender_seed16,DynamicAlpha,16,
12,13,0.705,0.010000000000000009,0.05500000000000005,h6v4ysip,dynamic_german_gender_seed16,DynamicAlpha,16,
13,14,0.7,0.0050000000000000044,0.09000000000000002,h6v4ysip,dynamic_german_gender_seed16,DynamicAlpha,16,
14,15,0.705,0.040000000000000036,0.09500000000000003,h6v4ysip,dynamic_german_gender_seed16,DynamicAlpha,16,
15,16,0.695,0.020000000000000018,0.08500000000000002,h6v4ysip,dynamic_german_gender_seed16,DynamicAlpha,16,
16,17,0.71,0.020000000000000018,0.04750000000000004,h6v4ysip,dynamic_german_gender_seed16,DynamicAlpha,16,
17,18,0.71,0.03500000000000003,0.030000000000000027,h6v4ysip,dynamic_german_gender_seed16,DynamicAlpha,16,
18,19,0.71,0.03500000000000003,0.030000000000000027,h6v4ysip,dynamic_german_gender_seed16,DynamicAlpha,16,
19,20,0.71,0.03500000000000003,0.030000000000000027,h6v4ysip,dynamic_german_gender_seed16,DynamicAlpha,16,
20,21,0.71,0.03500000000000003,0.030000000000000027,h6v4ysip,dynamic_german_gender_seed16,DynamicAlpha,16,
21,22,0.71,0.03500000000000003,0.030000000000000027,h6v4ysip,dynamic_german_gender_seed16,DynamicAlpha,16,
22,23,0.71,0.025000000000000022,0.012500000000000011,h6v4ysip,dynamic_german_gender_seed16,DynamicAlpha,16,
23,24,0.725,0.025000000000000022,0.04999999999999999,h6v4ysip,dynamic_german_gender_seed16,DynamicAlpha,16,
24,25,0.715,0.039999999999999925,0.05749999999999994,h6v4ysip,dynamic_german_gender_seed16,DynamicAlpha,16,
25,26,0.7,0.04499999999999993,0.05999999999999994,h6v4ysip,dynamic_german_gender_seed16,DynamicAlpha,16,
26,27,0.705,0.06999999999999995,0.06,h6v4ysip,dynamic_german_gender_seed16,DynamicAlpha,16,
27,28,0.705,0.06999999999999995,0.06,h6v4ysip,dynamic_german_gender_seed16,DynamicAlpha,16,
28,29,0.71,0.06999999999999995,0.034999999999999976,h6v4ysip,dynamic_german_gender_seed16,DynamicAlpha,16,
29,30,0.71,0.06999999999999995,0.034999999999999976,h6v4ysip,dynamic_german_gender_seed16,DynamicAlpha,16,
0,1,0.635,0.05500000000000005,0.15250000000000002,pquqb1up,dynamic_german_gender_seed15,DynamicAlpha,15,
1,2,0.705,0.010000000000000009,0.09250000000000003,pquqb1up,dynamic_german_gender_seed15,DynamicAlpha,15,
2,3,0.71,0.015000000000000013,0.057499999999999996,pquqb1up,dynamic_german_gender_seed15,DynamicAlpha,15,
3,4,0.715,0.0,0.03749999999999998,pquqb1up,dynamic_german_gender_seed15,DynamicAlpha,15,
4,5,0.715,0.010000000000000009,0.05499999999999999,pquqb1up,dynamic_german_gender_seed15,DynamicAlpha,15,
5,6,0.715,0.010000000000000009,0.05499999999999999,pquqb1up,dynamic_german_gender_seed15,DynamicAlpha,15,
6,7,0.725,0.010000000000000009,0.0050000000000000044,pquqb1up,dynamic_german_gender_seed15,DynamicAlpha,15,
7,8,0.72,0.030000000000000027,0.040000000000000036,pquqb1up,dynamic_german_gender_seed15,DynamicAlpha,15,
8,9,0.725,0.030000000000000027,0.05250000000000005,pquqb1up,dynamic_german_gender_seed15,DynamicAlpha,15,
9,10,0.72,0.010000000000000009,0.04249999999999998,pquqb1up,dynamic_german_gender_seed15,DynamicAlpha,15,
10,11,0.72,0.0050000000000000044,0.027500000000000024,pquqb1up,dynamic_german_gender_seed15,DynamicAlpha,15,
11,12,0.71,0.0,0.050000000000000044,pquqb1up,dynamic_german_gender_seed15,DynamicAlpha,15,
12,13,0.735,0.025000000000000022,0.10000000000000003,pquqb1up,dynamic_german_gender_seed15,DynamicAlpha,15,
13,14,0.735,0.025000000000000022,0.1375,pquqb1up,dynamic_german_gender_seed15,DynamicAlpha,15,
14,15,0.75,0.025000000000000022,0.025000000000000022,pquqb1up,dynamic_german_gender_seed15,DynamicAlpha,15,
15,16,0.76,0.025000000000000022,0.012500000000000011,pquqb1up,dynamic_german_gender_seed15,DynamicAlpha,15,
16,17,0.76,0.025000000000000022,0.012500000000000011,pquqb1up,dynamic_german_gender_seed15,DynamicAlpha,15,
17,18,0.76,0.07500000000000007,0.050000000000000044,pquqb1up,dynamic_german_gender_seed15,DynamicAlpha,15,
18,19,0.76,0.06500000000000006,0.03250000000000003,pquqb1up,dynamic_german_gender_seed15,DynamicAlpha,15,
19,20,0.76,0.08999999999999997,0.057499999999999996,pquqb1up,dynamic_german_gender_seed15,DynamicAlpha,15,
20,21,0.76,0.08999999999999997,0.057499999999999996,pquqb1up,dynamic_german_gender_seed15,DynamicAlpha,15,
21,22,0.755,0.07999999999999996,0.05249999999999999,pquqb1up,dynamic_german_gender_seed15,DynamicAlpha,15,
22,23,0.755,0.07999999999999996,0.05249999999999999,pquqb1up,dynamic_german_gender_seed15,DynamicAlpha,15,
23,24,0.765,0.06500000000000006,0.08250000000000005,pquqb1up,dynamic_german_gender_seed15,DynamicAlpha,15,
24,25,0.765,0.06500000000000006,0.08250000000000005,pquqb1up,dynamic_german_gender_seed15,DynamicAlpha,15,
25,26,0.76,0.05500000000000005,0.07750000000000004,pquqb1up,dynamic_german_gender_seed15,DynamicAlpha,15,
26,27,0.755,0.04500000000000004,0.07250000000000004,pquqb1up,dynamic_german_gender_seed15,DynamicAlpha,15,
27,28,0.75,0.04500000000000004,0.06000000000000005,pquqb1up,dynamic_german_gender_seed15,DynamicAlpha,15,
28,29,0.755,0.04500000000000004,0.03500000000000003,pquqb1up,dynamic_german_gender_seed15,DynamicAlpha,15,
29,30,0.755,0.04500000000000004,0.03500000000000003,pquqb1up,dynamic_german_gender_seed15,DynamicAlpha,15,
0,1,0.53,0.06500000000000006,0.10750000000000004,5g7e3bed,dynamic_german_gender_seed14,DynamicAlpha,14,
1,2,0.6,0.07499999999999996,0.11249999999999999,5g7e3bed,dynamic_german_gender_seed14,DynamicAlpha,14,
2,3,0.655,0.07999999999999996,0.03999999999999998,5g7e3bed,dynamic_german_gender_seed14,DynamicAlpha,14,
3,4,0.69,0.03500000000000003,0.04249999999999998,5g7e3bed,dynamic_german_gender_seed14,DynamicAlpha,14,
4,5,0.7,0.0050000000000000044,0.03999999999999998,5g7e3bed,dynamic_german_gender_seed14,DynamicAlpha,14,
5,6,0.705,0.020000000000000018,0.04749999999999999,5g7e3bed,dynamic_german_gender_seed14,DynamicAlpha,14,
6,7,0.71,0.010000000000000009,0.04249999999999998,5g7e3bed,dynamic_german_gender_seed14,DynamicAlpha,14,
7,8,0.725,0.020000000000000018,0.06,5g7e3bed,dynamic_german_gender_seed14,DynamicAlpha,14,
8,9,0.73,0.020000000000000018,0.03500000000000003,5g7e3bed,dynamic_german_gender_seed14,DynamicAlpha,14,
9,10,0.745,0.0050000000000000044,0.05249999999999999,5g7e3bed,dynamic_german_gender_seed14,DynamicAlpha,14,
10,11,0.745,0.010000000000000009,0.030000000000000027,5g7e3bed,dynamic_german_gender_seed14,DynamicAlpha,14,
11,12,0.735,0.0050000000000000044,0.027500000000000024,5g7e3bed,dynamic_german_gender_seed14,DynamicAlpha,14,
12,13,0.74,0.030000000000000027,0.02749999999999997,5g7e3bed,dynamic_german_gender_seed14,DynamicAlpha,14,
13,14,0.735,0.0,0.03749999999999998,5g7e3bed,dynamic_german_gender_seed14,DynamicAlpha,14,
14,15,0.735,0.010000000000000009,0.05499999999999999,5g7e3bed,dynamic_german_gender_seed14,DynamicAlpha,14,
15,16,0.745,0.010000000000000009,0.07999999999999996,5g7e3bed,dynamic_german_gender_seed14,DynamicAlpha,14,
16,17,0.75,0.015000000000000013,0.10749999999999998,5g7e3bed,dynamic_german_gender_seed14,DynamicAlpha,14,
17,18,0.755,0.015000000000000013,0.08250000000000002,5g7e3bed,dynamic_german_gender_seed14,DynamicAlpha,14,
18,19,0.755,0.015000000000000013,0.08250000000000002,5g7e3bed,dynamic_german_gender_seed14,DynamicAlpha,14,
19,20,0.755,0.050000000000000044,0.10000000000000003,5g7e3bed,dynamic_german_gender_seed14,DynamicAlpha,14,
20,21,0.76,0.050000000000000044,0.07500000000000001,5g7e3bed,dynamic_german_gender_seed14,DynamicAlpha,14,
21,22,0.76,0.050000000000000044,0.07500000000000001,5g7e3bed,dynamic_german_gender_seed14,DynamicAlpha,14,
22,23,0.75,0.06500000000000006,0.08250000000000002,5g7e3bed,dynamic_german_gender_seed14,DynamicAlpha,14,
23,24,0.745,0.05500000000000005,0.07750000000000001,5g7e3bed,dynamic_german_gender_seed14,DynamicAlpha,14,
24,25,0.75,0.06500000000000006,0.08250000000000002,5g7e3bed,dynamic_german_gender_seed14,DynamicAlpha,14,
25,26,0.75,0.06500000000000006,0.08250000000000002,5g7e3bed,dynamic_german_gender_seed14,DynamicAlpha,14,
26,27,0.75,0.08999999999999997,0.07,5g7e3bed,dynamic_german_gender_seed14,DynamicAlpha,14,
27,28,0.75,0.08999999999999997,0.07,5g7e3bed,dynamic_german_gender_seed14,DynamicAlpha,14,
28,29,0.75,0.08999999999999997,0.07,5g7e3bed,dynamic_german_gender_seed14,DynamicAlpha,14,
29,30,0.75,0.125,0.08750000000000002,5g7e3bed,dynamic_german_gender_seed14,DynamicAlpha,14,
0,1,0.63,0.06500000000000006,0.08250000000000002,ckzhk5nu,dynamic_german_gender_seed18,DynamicAlpha,18,
1,2,0.66,0.030000000000000027,0.05249999999999999,ckzhk5nu,dynamic_german_gender_seed18,DynamicAlpha,18,
2,3,0.68,0.03499999999999992,0.05499999999999994,ckzhk5nu,dynamic_german_gender_seed18,DynamicAlpha,18,
3,4,0.685,0.05999999999999994,0.04249999999999998,ckzhk5nu,dynamic_german_gender_seed18,DynamicAlpha,18,
4,5,0.685,0.08499999999999996,0.08000000000000002,ckzhk5nu,dynamic_german_gender_seed18,DynamicAlpha,18,
5,6,0.69,0.09999999999999998,0.08749999999999997,ckzhk5nu,dynamic_german_gender_seed18,DynamicAlpha,18,
6,7,0.69,0.1399999999999999,0.10749999999999993,ckzhk5nu,dynamic_german_gender_seed18,DynamicAlpha,18,
7,8,0.68,0.12,0.09749999999999998,ckzhk5nu,dynamic_german_gender_seed18,DynamicAlpha,18,
8,9,0.695,0.10999999999999999,0.08000000000000002,ckzhk5nu,dynamic_german_gender_seed18,DynamicAlpha,18,
9,10,0.685,0.15000000000000002,0.08750000000000002,ckzhk5nu,dynamic_german_gender_seed18,DynamicAlpha,18,
10,11,0.675,0.13,0.07750000000000001,ckzhk5nu,dynamic_german_gender_seed18,DynamicAlpha,18,
11,12,0.68,0.12,0.07249999999999995,ckzhk5nu,dynamic_german_gender_seed18,DynamicAlpha,18,
12,13,0.685,0.12,0.07250000000000001,ckzhk5nu,dynamic_german_gender_seed18,DynamicAlpha,18,
13,14,0.685,0.12,0.07250000000000001,ckzhk5nu,dynamic_german_gender_seed18,DynamicAlpha,18,
14,15,0.695,0.10499999999999998,0.065,ckzhk5nu,dynamic_german_gender_seed18,DynamicAlpha,18,
15,16,0.705,0.09499999999999997,0.06,ckzhk5nu,dynamic_german_gender_seed18,DynamicAlpha,18,
16,17,0.71,0.09499999999999997,0.08499999999999996,ckzhk5nu,dynamic_german_gender_seed18,DynamicAlpha,18,
17,18,0.71,0.12,0.08499999999999996,ckzhk5nu,dynamic_german_gender_seed18,DynamicAlpha,18,
18,19,0.71,0.12,0.08499999999999996,ckzhk5nu,dynamic_german_gender_seed18,DynamicAlpha,18,
19,20,0.71,0.12,0.08499999999999996,ckzhk5nu,dynamic_german_gender_seed18,DynamicAlpha,18,
20,21,0.71,0.12,0.08499999999999996,ckzhk5nu,dynamic_german_gender_seed18,DynamicAlpha,18,
21,22,0.705,0.12,0.06,ckzhk5nu,dynamic_german_gender_seed18,DynamicAlpha,18,
22,23,0.705,0.12,0.06,ckzhk5nu,dynamic_german_gender_seed18,DynamicAlpha,18,
23,24,0.705,0.12,0.06,ckzhk5nu,dynamic_german_gender_seed18,DynamicAlpha,18,
24,25,0.705,0.12,0.06,ckzhk5nu,dynamic_german_gender_seed18,DynamicAlpha,18,
25,26,0.71,0.10999999999999999,0.07999999999999996,ckzhk5nu,dynamic_german_gender_seed18,DynamicAlpha,18,
26,27,0.71,0.10999999999999999,0.07999999999999996,ckzhk5nu,dynamic_german_gender_seed18,DynamicAlpha,18,
27,28,0.715,0.08499999999999996,0.06749999999999995,ckzhk5nu,dynamic_german_gender_seed18,DynamicAlpha,18,
28,29,0.715,0.08499999999999996,0.06749999999999995,ckzhk5nu,dynamic_german_gender_seed18,DynamicAlpha,18,
29,30,0.715,0.08499999999999996,0.06749999999999995,ckzhk5nu,dynamic_german_gender_seed18,DynamicAlpha,18,
0,1,0.505,0.21000000000000008,0.19250000000000003,n7mhq3d1,dynamic_german_gender_seed17,DynamicAlpha,17,
1,2,0.655,0.040000000000000036,0.14500000000000002,n7mhq3d1,dynamic_german_gender_seed17,DynamicAlpha,17,
2,3,0.7,0.09500000000000008,0.16000000000000003,n7mhq3d1,dynamic_german_gender_seed17,DynamicAlpha,17,
3,4,0.7,0.030000000000000027,0.07750000000000001,n7mhq3d1,dynamic_german_gender_seed17,DynamicAlpha,17,
4,5,0.705,0.02499999999999991,0.04999999999999999,n7mhq3d1,dynamic_german_gender_seed17,DynamicAlpha,17,
5,6,0.7,0.04999999999999993,0.0625,n7mhq3d1,dynamic_german_gender_seed17,DynamicAlpha,17,
6,7,0.705,0.04999999999999993,0.07499999999999996,n7mhq3d1,dynamic_german_gender_seed17,DynamicAlpha,17,
7,8,0.735,0.039999999999999925,0.11999999999999994,n7mhq3d1,dynamic_german_gender_seed17,DynamicAlpha,17,
8,9,0.755,0.05500000000000005,0.1275,n7mhq3d1,dynamic_german_gender_seed17,DynamicAlpha,17,
9,10,0.75,0.09500000000000008,0.135,n7mhq3d1,dynamic_german_gender_seed17,DynamicAlpha,17,
10,11,0.74,0.06500000000000006,0.1325,n7mhq3d1,dynamic_german_gender_seed17,DynamicAlpha,17,
11,12,0.735,0.05500000000000005,0.1275,n7mhq3d1,dynamic_german_gender_seed17,DynamicAlpha,17,
12,13,0.725,0.10499999999999998,0.15249999999999997,n7mhq3d1,dynamic_german_gender_seed17,DynamicAlpha,17,
13,14,0.72,0.09499999999999997,0.14749999999999996,n7mhq3d1,dynamic_german_gender_seed17,DynamicAlpha,17,
14,15,0.72,0.09499999999999997,0.14749999999999996,n7mhq3d1,dynamic_german_gender_seed17,DynamicAlpha,17,
15,16,0.71,0.07499999999999996,0.13749999999999996,n7mhq3d1,dynamic_german_gender_seed17,DynamicAlpha,17,
16,17,0.715,0.07499999999999996,0.11249999999999999,n7mhq3d1,dynamic_german_gender_seed17,DynamicAlpha,17,
17,18,0.71,0.07499999999999996,0.09999999999999998,n7mhq3d1,dynamic_german_gender_seed17,DynamicAlpha,17,
18,19,0.71,0.09999999999999998,0.08749999999999997,n7mhq3d1,dynamic_german_gender_seed17,DynamicAlpha,17,
19,20,0.715,0.10999999999999999,0.09249999999999997,n7mhq3d1,dynamic_german_gender_seed17,DynamicAlpha,17,
20,21,0.71,0.09999999999999998,0.08749999999999997,n7mhq3d1,dynamic_german_gender_seed17,DynamicAlpha,17,
21,22,0.71,0.09999999999999998,0.08749999999999997,n7mhq3d1,dynamic_german_gender_seed17,DynamicAlpha,17,
22,23,0.715,0.09999999999999998,0.09999999999999998,n7mhq3d1,dynamic_german_gender_seed17,DynamicAlpha,17,
23,24,0.71,0.08999999999999997,0.09499999999999997,n7mhq3d1,dynamic_german_gender_seed17,DynamicAlpha,17,
24,25,0.715,0.08999999999999997,0.10749999999999998,n7mhq3d1,dynamic_german_gender_seed17,DynamicAlpha,17,
25,26,0.725,0.08999999999999997,0.095,n7mhq3d1,dynamic_german_gender_seed17,DynamicAlpha,17,
26,27,0.72,0.07999999999999996,0.09,n7mhq3d1,dynamic_german_gender_seed17,DynamicAlpha,17,
27,28,0.72,0.07999999999999996,0.09,n7mhq3d1,dynamic_german_gender_seed17,DynamicAlpha,17,
28,29,0.72,0.07999999999999996,0.09,n7mhq3d1,dynamic_german_gender_seed17,DynamicAlpha,17,
29,30,0.72,0.07999999999999996,0.09,n7mhq3d1,dynamic_german_gender_seed17,DynamicAlpha,17,
0,1,0.56,0.11000000000000004,0.10500000000000004,xzal2ka6,dynamic_german_gender_seed19,DynamicAlpha,19,
1,2,0.67,0.08500000000000008,0.04250000000000004,xzal2ka6,dynamic_german_gender_seed19,DynamicAlpha,19,
2,3,0.71,0.07499999999999996,0.07499999999999996,xzal2ka6,dynamic_german_gender_seed19,DynamicAlpha,19,
3,4,0.715,0.015000000000000013,0.03249999999999997,xzal2ka6,dynamic_german_gender_seed19,DynamicAlpha,19,
4,5,0.705,0.025000000000000022,0.025000000000000022,xzal2ka6,dynamic_german_gender_seed19,DynamicAlpha,19,
5,6,0.71,0.0,0.012500000000000011,xzal2ka6,dynamic_german_gender_seed19,DynamicAlpha,19,
6,7,0.715,0.0,0.0,xzal2ka6,dynamic_german_gender_seed19,DynamicAlpha,19,
7,8,0.72,0.010000000000000009,0.017500000000000016,xzal2ka6,dynamic_german_gender_seed19,DynamicAlpha,19,
8,9,0.73,0.010000000000000009,0.030000000000000027,xzal2ka6,dynamic_german_gender_seed19,DynamicAlpha,19,
9,10,0.735,0.010000000000000009,0.017500000000000016,xzal2ka6,dynamic_german_gender_seed19,DynamicAlpha,19,
10,11,0.735,0.030000000000000027,0.065,xzal2ka6,dynamic_german_gender_seed19,DynamicAlpha,19,
11,12,0.73,0.05999999999999994,0.11749999999999994,xzal2ka6,dynamic_german_gender_seed19,DynamicAlpha,19,
12,13,0.735,0.10999999999999999,0.10499999999999998,xzal2ka6,dynamic_german_gender_seed19,DynamicAlpha,19,
13,14,0.735,0.125,0.08749999999999997,xzal2ka6,dynamic_german_gender_seed19,DynamicAlpha,19,
14,15,0.73,0.1399999999999999,0.08249999999999996,xzal2ka6,dynamic_german_gender_seed19,DynamicAlpha,19,
15,16,0.715,0.17000000000000004,0.08500000000000002,xzal2ka6,dynamic_german_gender_seed19,DynamicAlpha,19,
16,17,0.715,0.16000000000000003,0.10500000000000004,xzal2ka6,dynamic_german_gender_seed19,DynamicAlpha,19,
17,18,0.725,0.16000000000000003,0.08000000000000002,xzal2ka6,dynamic_german_gender_seed19,DynamicAlpha,19,
18,19,0.73,0.16000000000000003,0.09250000000000003,xzal2ka6,dynamic_german_gender_seed19,DynamicAlpha,19,
19,20,0.74,0.16000000000000003,0.1175,xzal2ka6,dynamic_german_gender_seed19,DynamicAlpha,19,
20,21,0.72,0.16500000000000004,0.14500000000000002,xzal2ka6,dynamic_german_gender_seed19,DynamicAlpha,19,
21,22,0.71,0.18000000000000005,0.15250000000000002,xzal2ka6,dynamic_german_gender_seed19,DynamicAlpha,19,
22,23,0.71,0.20499999999999996,0.13999999999999996,xzal2ka6,dynamic_german_gender_seed19,DynamicAlpha,19,
23,24,0.705,0.20499999999999996,0.16499999999999998,xzal2ka6,dynamic_german_gender_seed19,DynamicAlpha,19,
24,25,0.7,0.19499999999999995,0.15999999999999998,xzal2ka6,dynamic_german_gender_seed19,DynamicAlpha,19,
25,26,0.7,0.19499999999999995,0.15999999999999998,xzal2ka6,dynamic_german_gender_seed19,DynamicAlpha,19,
26,27,0.7,0.19499999999999995,0.15999999999999998,xzal2ka6,dynamic_german_gender_seed19,DynamicAlpha,19,
27,28,0.7,0.19499999999999995,0.15999999999999998,xzal2ka6,dynamic_german_gender_seed19,DynamicAlpha,19,
28,29,0.705,0.19499999999999995,0.1725,xzal2ka6,dynamic_german_gender_seed19,DynamicAlpha,19,
29,30,0.705,0.19499999999999995,0.1725,xzal2ka6,dynamic_german_gender_seed19,DynamicAlpha,19,
0,1,0.71,0.025000000000000022,0.04999999999999999,esj9uwvq,dynamic_german_gender_seed20,DynamicAlpha,20,
1,2,0.705,0.025000000000000022,0.025000000000000022,esj9uwvq,dynamic_german_gender_seed20,DynamicAlpha,20,
2,3,0.7,0.025000000000000022,0.03750000000000003,esj9uwvq,dynamic_german_gender_seed20,DynamicAlpha,20,
3,4,0.695,0.040000000000000036,0.07,esj9uwvq,dynamic_german_gender_seed20,DynamicAlpha,20,
4,5,0.705,0.040000000000000036,0.044999999999999984,esj9uwvq,dynamic_german_gender_seed20,DynamicAlpha,20,
5,6,0.705,0.040000000000000036,0.044999999999999984,esj9uwvq,dynamic_german_gender_seed20,DynamicAlpha,20,
6,7,0.705,0.05499999999999994,0.065,esj9uwvq,dynamic_german_gender_seed20,DynamicAlpha,20,
7,8,0.7,0.04499999999999993,0.06,esj9uwvq,dynamic_german_gender_seed20,DynamicAlpha,20,
8,9,0.7,0.04499999999999993,0.06,esj9uwvq,dynamic_german_gender_seed20,DynamicAlpha,20,
9,10,0.705,0.03499999999999992,0.06749999999999995,esj9uwvq,dynamic_german_gender_seed20,DynamicAlpha,20,
10,11,0.715,0.02499999999999991,0.062499999999999944,esj9uwvq,dynamic_german_gender_seed20,DynamicAlpha,20,
11,12,0.72,0.02499999999999991,0.08749999999999997,esj9uwvq,dynamic_german_gender_seed20,DynamicAlpha,20,
12,13,0.735,0.014999999999999902,0.03249999999999997,esj9uwvq,dynamic_german_gender_seed20,DynamicAlpha,20,
13,14,0.735,0.039999999999999925,0.044999999999999984,esj9uwvq,dynamic_german_gender_seed20,DynamicAlpha,20,
14,15,0.745,0.039999999999999925,0.04499999999999993,esj9uwvq,dynamic_german_gender_seed20,DynamicAlpha,20,
15,16,0.75,0.06499999999999995,0.03249999999999997,esj9uwvq,dynamic_german_gender_seed20,DynamicAlpha,20,
16,17,0.755,0.05500000000000005,0.040000000000000036,esj9uwvq,dynamic_german_gender_seed20,DynamicAlpha,20,
17,18,0.75,0.07000000000000006,0.07250000000000001,esj9uwvq,dynamic_german_gender_seed20,DynamicAlpha,20,
18,19,0.74,0.08500000000000008,0.08000000000000002,esj9uwvq,dynamic_german_gender_seed20,DynamicAlpha,20,
19,20,0.745,0.07500000000000007,0.04999999999999999,esj9uwvq,dynamic_german_gender_seed20,DynamicAlpha,20,
20,21,0.74,0.06500000000000006,0.044999999999999984,esj9uwvq,dynamic_german_gender_seed20,DynamicAlpha,20,
21,22,0.74,0.04500000000000004,0.04750000000000004,esj9uwvq,dynamic_german_gender_seed20,DynamicAlpha,20,
22,23,0.74,0.03500000000000003,0.030000000000000027,esj9uwvq,dynamic_german_gender_seed20,DynamicAlpha,20,
23,24,0.75,0.03500000000000003,0.04250000000000001,esj9uwvq,dynamic_german_gender_seed20,DynamicAlpha,20,
24,25,0.745,0.05999999999999994,0.054999999999999966,esj9uwvq,dynamic_german_gender_seed20,DynamicAlpha,20,
25,26,0.745,0.05999999999999994,0.054999999999999966,esj9uwvq,dynamic_german_gender_seed20,DynamicAlpha,20,
26,27,0.75,0.06999999999999995,0.05999999999999997,esj9uwvq,dynamic_german_gender_seed20,DynamicAlpha,20,
27,28,0.73,0.06499999999999995,0.05749999999999997,esj9uwvq,dynamic_german_gender_seed20,DynamicAlpha,20,
28,29,0.73,0.06499999999999995,0.05749999999999997,esj9uwvq,dynamic_german_gender_seed20,DynamicAlpha,20,
29,30,0.73,0.06499999999999995,0.05749999999999997,esj9uwvq,dynamic_german_gender_seed20,DynamicAlpha,20,
0,1,0.57,0.050000000000000044,0.07500000000000001,cwxtn3qw,dynamic_german_gender_seed23,DynamicAlpha,23,
1,2,0.66,0.14500000000000002,0.15999999999999998,cwxtn3qw,dynamic_german_gender_seed23,DynamicAlpha,23,
2,3,0.685,0.18499999999999994,0.10499999999999998,cwxtn3qw,dynamic_german_gender_seed23,DynamicAlpha,23,
3,4,0.71,0.050000000000000044,0.07500000000000001,cwxtn3qw,dynamic_german_gender_seed23,DynamicAlpha,23,
4,5,0.72,0.050000000000000044,0.10000000000000003,cwxtn3qw,dynamic_german_gender_seed23,DynamicAlpha,23,
5,6,0.73,0.040000000000000036,0.09499999999999997,cwxtn3qw,dynamic_german_gender_seed23,DynamicAlpha,23,
6,7,0.73,0.06499999999999995,0.11999999999999994,cwxtn3qw,dynamic_german_gender_seed23,DynamicAlpha,23,
7,8,0.73,0.06999999999999995,0.04749999999999999,cwxtn3qw,dynamic_german_gender_seed23,DynamicAlpha,23,
8,9,0.73,0.06499999999999995,0.044999999999999984,cwxtn3qw,dynamic_german_gender_seed23,DynamicAlpha,23,
9,10,0.73,0.08000000000000007,0.05249999999999999,cwxtn3qw,dynamic_german_gender_seed23,DynamicAlpha,23,
10,11,0.73,0.08000000000000007,0.05249999999999999,cwxtn3qw,dynamic_german_gender_seed23,DynamicAlpha,23,
11,12,0.735,0.08000000000000007,0.065,cwxtn3qw,dynamic_german_gender_seed23,DynamicAlpha,23,
12,13,0.725,0.07500000000000007,0.08750000000000002,cwxtn3qw,dynamic_german_gender_seed23,DynamicAlpha,23,
13,14,0.73,0.07500000000000007,0.06250000000000006,cwxtn3qw,dynamic_german_gender_seed23,DynamicAlpha,23,
14,15,0.735,0.07500000000000007,0.07500000000000007,cwxtn3qw,dynamic_german_gender_seed23,DynamicAlpha,23,
15,16,0.735,0.07500000000000007,0.07500000000000007,cwxtn3qw,dynamic_german_gender_seed23,DynamicAlpha,23,
16,17,0.735,0.07500000000000007,0.07500000000000007,cwxtn3qw,dynamic_german_gender_seed23,DynamicAlpha,23,
17,18,0.735,0.05500000000000005,0.05249999999999999,cwxtn3qw,dynamic_german_gender_seed23,DynamicAlpha,23,
18,19,0.735,0.05500000000000005,0.05249999999999999,cwxtn3qw,dynamic_german_gender_seed23,DynamicAlpha,23,
19,20,0.745,0.05500000000000005,0.040000000000000036,cwxtn3qw,dynamic_german_gender_seed23,DynamicAlpha,23,
20,21,0.74,0.04500000000000004,0.03500000000000003,cwxtn3qw,dynamic_german_gender_seed23,DynamicAlpha,23,
21,22,0.74,0.04500000000000004,0.03500000000000003,cwxtn3qw,dynamic_german_gender_seed23,DynamicAlpha,23,
22,23,0.74,0.04500000000000004,0.03500000000000003,cwxtn3qw,dynamic_german_gender_seed23,DynamicAlpha,23,
23,24,0.74,0.04500000000000004,0.03500000000000003,cwxtn3qw,dynamic_german_gender_seed23,DynamicAlpha,23,
24,25,0.735,0.04500000000000004,0.02250000000000002,cwxtn3qw,dynamic_german_gender_seed23,DynamicAlpha,23,
25,26,0.735,0.04500000000000004,0.02250000000000002,cwxtn3qw,dynamic_german_gender_seed23,DynamicAlpha,23,
26,27,0.73,0.03500000000000003,0.017500000000000016,cwxtn3qw,dynamic_german_gender_seed23,DynamicAlpha,23,
27,28,0.73,0.03500000000000003,0.017500000000000016,cwxtn3qw,dynamic_german_gender_seed23,DynamicAlpha,23,
28,29,0.735,0.03500000000000003,0.030000000000000027,cwxtn3qw,dynamic_german_gender_seed23,DynamicAlpha,23,
29,30,0.735,0.03500000000000003,0.030000000000000027,cwxtn3qw,dynamic_german_gender_seed23,DynamicAlpha,23,
0,1,0.685,0.07499999999999996,0.0625,ip03x9p5,dynamic_german_gender_seed21,DynamicAlpha,21,
1,2,0.705,0.025000000000000022,0.025000000000000022,ip03x9p5,dynamic_german_gender_seed21,DynamicAlpha,21,
2,3,0.705,0.010000000000000009,0.017500000000000016,ip03x9p5,dynamic_german_gender_seed21,DynamicAlpha,21,
3,4,0.71,0.020000000000000018,0.02250000000000002,ip03x9p5,dynamic_german_gender_seed21,DynamicAlpha,21,
4,5,0.725,0.020000000000000018,0.02250000000000002,ip03x9p5,dynamic_german_gender_seed21,DynamicAlpha,21,
5,6,0.725,0.010000000000000009,0.02999999999999997,ip03x9p5,dynamic_german_gender_seed21,DynamicAlpha,21,
6,7,0.715,0.04999999999999993,0.024999999999999967,ip03x9p5,dynamic_german_gender_seed21,DynamicAlpha,21,
7,8,0.715,0.05500000000000005,0.10250000000000004,ip03x9p5,dynamic_german_gender_seed21,DynamicAlpha,21,
8,9,0.71,0.1050000000000001,0.11500000000000005,ip03x9p5,dynamic_german_gender_seed21,DynamicAlpha,21,
9,10,0.715,0.13,0.10249999999999998,ip03x9p5,dynamic_german_gender_seed21,DynamicAlpha,21,
10,11,0.72,0.12,0.10999999999999999,ip03x9p5,dynamic_german_gender_seed21,DynamicAlpha,21,
11,12,0.72,0.10999999999999999,0.09250000000000003,ip03x9p5,dynamic_german_gender_seed21,DynamicAlpha,21,
12,13,0.725,0.135,0.08000000000000002,ip03x9p5,dynamic_german_gender_seed21,DynamicAlpha,21,
13,14,0.725,0.135,0.08000000000000002,ip03x9p5,dynamic_german_gender_seed21,DynamicAlpha,21,
14,15,0.725,0.125,0.0625,ip03x9p5,dynamic_german_gender_seed21,DynamicAlpha,21,
15,16,0.725,0.125,0.0625,ip03x9p5,dynamic_german_gender_seed21,DynamicAlpha,21,
16,17,0.725,0.10499999999999998,0.06499999999999995,ip03x9p5,dynamic_german_gender_seed21,DynamicAlpha,21,
17,18,0.735,0.10499999999999998,0.065,ip03x9p5,dynamic_german_gender_seed21,DynamicAlpha,21,
18,19,0.73,0.09999999999999998,0.0625,ip03x9p5,dynamic_german_gender_seed21,DynamicAlpha,21,
19,20,0.73,0.09999999999999998,0.0625,ip03x9p5,dynamic_german_gender_seed21,DynamicAlpha,21,
20,21,0.725,0.125,0.07500000000000001,ip03x9p5,dynamic_german_gender_seed21,DynamicAlpha,21,
21,22,0.73,0.125,0.07499999999999998,ip03x9p5,dynamic_german_gender_seed21,DynamicAlpha,21,
22,23,0.73,0.125,0.07499999999999998,ip03x9p5,dynamic_german_gender_seed21,DynamicAlpha,21,
23,24,0.73,0.15000000000000002,0.07500000000000001,ip03x9p5,dynamic_german_gender_seed21,DynamicAlpha,21,
24,25,0.725,0.15000000000000002,0.0875,ip03x9p5,dynamic_german_gender_seed21,DynamicAlpha,21,
25,26,0.725,0.14,0.07,ip03x9p5,dynamic_german_gender_seed21,DynamicAlpha,21,
26,27,0.72,0.14,0.08249999999999999,ip03x9p5,dynamic_german_gender_seed21,DynamicAlpha,21,
27,28,0.72,0.14,0.08249999999999999,ip03x9p5,dynamic_german_gender_seed21,DynamicAlpha,21,
28,29,0.72,0.14,0.08249999999999999,ip03x9p5,dynamic_german_gender_seed21,DynamicAlpha,21,
29,30,0.72,0.14,0.08249999999999999,ip03x9p5,dynamic_german_gender_seed21,DynamicAlpha,21,
0,1,0.49,0.025000000000000022,0.07500000000000001,bx2ogurf,dynamic_german_gender_seed22,DynamicAlpha,22,
1,2,0.6,0.025000000000000022,0.125,bx2ogurf,dynamic_german_gender_seed22,DynamicAlpha,22,
2,3,0.685,0.08500000000000008,0.06750000000000006,bx2ogurf,dynamic_german_gender_seed22,DynamicAlpha,22,
3,4,0.695,0.10499999999999998,0.05249999999999999,bx2ogurf,dynamic_german_gender_seed22,DynamicAlpha,22,
4,5,0.71,0.06499999999999995,0.03249999999999997,bx2ogurf,dynamic_german_gender_seed22,DynamicAlpha,22,
5,6,0.705,0.06499999999999995,0.044999999999999984,bx2ogurf,dynamic_german_gender_seed22,DynamicAlpha,22,
6,7,0.705,0.06499999999999995,0.044999999999999984,bx2ogurf,dynamic_german_gender_seed22,DynamicAlpha,22,
7,8,0.71,0.040000000000000036,0.03250000000000003,bx2ogurf,dynamic_german_gender_seed22,DynamicAlpha,22,
8,9,0.72,0.040000000000000036,0.03250000000000003,bx2ogurf,dynamic_german_gender_seed22,DynamicAlpha,22,
9,10,0.725,0.040000000000000036,0.04500000000000004,bx2ogurf,dynamic_german_gender_seed22,DynamicAlpha,22,
10,11,0.74,0.04499999999999993,0.04749999999999999,bx2ogurf,dynamic_german_gender_seed22,DynamicAlpha,22,
11,12,0.765,0.04999999999999993,0.04999999999999999,bx2ogurf,dynamic_german_gender_seed22,DynamicAlpha,22,
12,13,0.775,0.030000000000000027,0.02749999999999997,bx2ogurf,dynamic_german_gender_seed22,DynamicAlpha,22,
13,14,0.77,0.010000000000000009,0.0050000000000000044,bx2ogurf,dynamic_german_gender_seed22,DynamicAlpha,22,
14,15,0.77,0.010000000000000009,0.017500000000000016,bx2ogurf,dynamic_german_gender_seed22,DynamicAlpha,22,
15,16,0.76,0.040000000000000036,0.020000000000000018,bx2ogurf,dynamic_german_gender_seed22,DynamicAlpha,22,
16,17,0.75,0.06000000000000005,0.030000000000000027,bx2ogurf,dynamic_german_gender_seed22,DynamicAlpha,22,
17,18,0.755,0.06000000000000005,0.05500000000000002,bx2ogurf,dynamic_german_gender_seed22,DynamicAlpha,22,
18,19,0.755,0.06000000000000005,0.05500000000000002,bx2ogurf,dynamic_german_gender_seed22,DynamicAlpha,22,
19,20,0.755,0.050000000000000044,0.025000000000000022,bx2ogurf,dynamic_german_gender_seed22,DynamicAlpha,22,
20,21,0.75,0.025000000000000022,0.012500000000000011,bx2ogurf,dynamic_german_gender_seed22,DynamicAlpha,22,
21,22,0.755,0.025000000000000022,0.025000000000000022,bx2ogurf,dynamic_german_gender_seed22,DynamicAlpha,22,
22,23,0.75,0.0,0.012500000000000011,bx2ogurf,dynamic_german_gender_seed22,DynamicAlpha,22,
23,24,0.75,0.0,0.012500000000000011,bx2ogurf,dynamic_german_gender_seed22,DynamicAlpha,22,
24,25,0.76,0.010000000000000009,0.03,bx2ogurf,dynamic_german_gender_seed22,DynamicAlpha,22,
25,26,0.765,0.010000000000000009,0.04250000000000001,bx2ogurf,dynamic_german_gender_seed22,DynamicAlpha,22,
26,27,0.76,0.010000000000000009,0.06750000000000003,bx2ogurf,dynamic_german_gender_seed22,DynamicAlpha,22,
27,28,0.76,0.010000000000000009,0.06750000000000003,bx2ogurf,dynamic_german_gender_seed22,DynamicAlpha,22,
28,29,0.76,0.0,0.037500000000000006,bx2ogurf,dynamic_german_gender_seed22,DynamicAlpha,22,
29,30,0.765,0.0,0.012500000000000011,bx2ogurf,dynamic_german_gender_seed22,DynamicAlpha,22,
0,1,0.425,0.034999999999999976,0.12999999999999998,e1rpzc1v,dynamic_german_gender_seed24,DynamicAlpha,24,
1,2,0.515,0.07999999999999996,0.19,e1rpzc1v,dynamic_german_gender_seed24,DynamicAlpha,24,
2,3,0.63,0.04999999999999993,0.1375,e1rpzc1v,dynamic_german_gender_seed24,DynamicAlpha,24,
3,4,0.67,0.039999999999999925,0.11999999999999994,e1rpzc1v,dynamic_german_gender_seed24,DynamicAlpha,24,
4,5,0.695,0.030000000000000027,0.09000000000000002,e1rpzc1v,dynamic_german_gender_seed24,DynamicAlpha,24,
5,6,0.695,0.040000000000000036,0.07,e1rpzc1v,dynamic_german_gender_seed24,DynamicAlpha,24,
6,7,0.7,0.015000000000000013,0.057499999999999996,e1rpzc1v,dynamic_german_gender_seed24,DynamicAlpha,24,
7,8,0.7,0.0050000000000000044,0.03999999999999998,e1rpzc1v,dynamic_german_gender_seed24,DynamicAlpha,24,
8,9,0.71,0.0050000000000000044,0.040000000000000036,e1rpzc1v,dynamic_german_gender_seed24,DynamicAlpha,24,
9,10,0.715,0.019999999999999907,0.04749999999999993,e1rpzc1v,dynamic_german_gender_seed24,DynamicAlpha,24,
10,11,0.715,0.039999999999999925,0.03249999999999997,e1rpzc1v,dynamic_german_gender_seed24,DynamicAlpha,24,
11,12,0.74,0.03500000000000003,0.0675,e1rpzc1v,dynamic_german_gender_seed24,DynamicAlpha,24,
12,13,0.735,0.015000000000000013,0.07,e1rpzc1v,dynamic_german_gender_seed24,DynamicAlpha,24,
13,14,0.74,0.015000000000000013,0.04500000000000004,e1rpzc1v,dynamic_german_gender_seed24,DynamicAlpha,24,
14,15,0.74,0.040000000000000036,0.03250000000000003,e1rpzc1v,dynamic_german_gender_seed24,DynamicAlpha,24,
15,16,0.75,0.07500000000000007,0.07500000000000001,e1rpzc1v,dynamic_german_gender_seed24,DynamicAlpha,24,
16,17,0.745,0.06500000000000006,0.07,e1rpzc1v,dynamic_german_gender_seed24,DynamicAlpha,24,
17,18,0.735,0.07999999999999996,0.07749999999999996,e1rpzc1v,dynamic_german_gender_seed24,DynamicAlpha,24,
18,19,0.73,0.10499999999999998,0.08999999999999997,e1rpzc1v,dynamic_german_gender_seed24,DynamicAlpha,24,
19,20,0.73,0.10499999999999998,0.08999999999999997,e1rpzc1v,dynamic_german_gender_seed24,DynamicAlpha,24,
20,21,0.73,0.10499999999999998,0.08999999999999997,e1rpzc1v,dynamic_german_gender_seed24,DynamicAlpha,24,
21,22,0.73,0.10499999999999998,0.08999999999999997,e1rpzc1v,dynamic_german_gender_seed24,DynamicAlpha,24,
22,23,0.735,0.10499999999999998,0.065,e1rpzc1v,dynamic_german_gender_seed24,DynamicAlpha,24,
23,24,0.735,0.10499999999999998,0.065,e1rpzc1v,dynamic_german_gender_seed24,DynamicAlpha,24,
24,25,0.735,0.13,0.09000000000000002,e1rpzc1v,dynamic_german_gender_seed24,DynamicAlpha,24,
25,26,0.735,0.12,0.09750000000000003,e1rpzc1v,dynamic_german_gender_seed24,DynamicAlpha,24,
26,27,0.735,0.12,0.09750000000000003,e1rpzc1v,dynamic_german_gender_seed24,DynamicAlpha,24,
27,28,0.735,0.12,0.09750000000000003,e1rpzc1v,dynamic_german_gender_seed24,DynamicAlpha,24,
28,29,0.74,0.13,0.10250000000000004,e1rpzc1v,dynamic_german_gender_seed24,DynamicAlpha,24,
29,30,0.74,0.13,0.10250000000000004,e1rpzc1v,dynamic_german_gender_seed24,DynamicAlpha,24,
0,1,0.385,0.015000000000000013,0.0325,gbymmuk4,dynamic_german_gender_seed26,DynamicAlpha,26,
1,2,0.465,0.014999999999999958,0.06999999999999995,gbymmuk4,dynamic_german_gender_seed26,DynamicAlpha,26,
2,3,0.545,0.025000000000000022,0.0625,gbymmuk4,dynamic_german_gender_seed26,DynamicAlpha,26,
3,4,0.625,0.06999999999999995,0.04749999999999999,gbymmuk4,dynamic_german_gender_seed26,DynamicAlpha,26,
4,5,0.66,0.03500000000000003,0.05499999999999999,gbymmuk4,dynamic_german_gender_seed26,DynamicAlpha,26,
5,6,0.69,0.03500000000000003,0.04249999999999998,gbymmuk4,dynamic_german_gender_seed26,DynamicAlpha,26,
6,7,0.685,0.04499999999999993,0.04749999999999993,gbymmuk4,dynamic_german_gender_seed26,DynamicAlpha,26,
7,8,0.69,0.010000000000000009,0.0050000000000000044,gbymmuk4,dynamic_german_gender_seed26,DynamicAlpha,26,
8,9,0.695,0.03500000000000003,0.017500000000000016,gbymmuk4,dynamic_german_gender_seed26,DynamicAlpha,26,
9,10,0.69,0.039999999999999925,0.044999999999999984,gbymmuk4,dynamic_german_gender_seed26,DynamicAlpha,26,
10,11,0.705,0.020000000000000018,0.02250000000000002,gbymmuk4,dynamic_german_gender_seed26,DynamicAlpha,26,
11,12,0.71,0.03500000000000003,0.04250000000000004,gbymmuk4,dynamic_german_gender_seed26,DynamicAlpha,26,
12,13,0.705,0.025000000000000022,0.03750000000000003,gbymmuk4,dynamic_german_gender_seed26,DynamicAlpha,26,
13,14,0.7,0.030000000000000027,0.05249999999999999,gbymmuk4,dynamic_german_gender_seed26,DynamicAlpha,26,
14,15,0.71,0.04500000000000004,0.03500000000000003,gbymmuk4,dynamic_german_gender_seed26,DynamicAlpha,26,
15,16,0.72,0.010000000000000009,0.04250000000000004,gbymmuk4,dynamic_german_gender_seed26,DynamicAlpha,26,
16,17,0.72,0.010000000000000009,0.0050000000000000044,gbymmuk4,dynamic_german_gender_seed26,DynamicAlpha,26,
17,18,0.73,0.04500000000000004,0.034999999999999976,gbymmuk4,dynamic_german_gender_seed26,DynamicAlpha,26,
18,19,0.73,0.04500000000000004,0.04749999999999999,gbymmuk4,dynamic_german_gender_seed26,DynamicAlpha,26,
19,20,0.735,0.07999999999999996,0.07749999999999996,gbymmuk4,dynamic_german_gender_seed26,DynamicAlpha,26,
20,21,0.735,0.07999999999999996,0.07749999999999996,gbymmuk4,dynamic_german_gender_seed26,DynamicAlpha,26,
21,22,0.73,0.06999999999999995,0.07249999999999995,gbymmuk4,dynamic_german_gender_seed26,DynamicAlpha,26,
22,23,0.735,0.06999999999999995,0.08499999999999996,gbymmuk4,dynamic_german_gender_seed26,DynamicAlpha,26,
23,24,0.735,0.06999999999999995,0.08499999999999996,gbymmuk4,dynamic_german_gender_seed26,DynamicAlpha,26,
24,25,0.73,0.05999999999999994,0.07999999999999996,gbymmuk4,dynamic_german_gender_seed26,DynamicAlpha,26,
25,26,0.725,0.04999999999999993,0.07499999999999996,gbymmuk4,dynamic_german_gender_seed26,DynamicAlpha,26,
26,27,0.725,0.04999999999999993,0.07499999999999996,gbymmuk4,dynamic_german_gender_seed26,DynamicAlpha,26,
27,28,0.725,0.04999999999999993,0.07499999999999996,gbymmuk4,dynamic_german_gender_seed26,DynamicAlpha,26,
28,29,0.725,0.04999999999999993,0.07499999999999996,gbymmuk4,dynamic_german_gender_seed26,DynamicAlpha,26,
29,30,0.725,0.04999999999999993,0.07499999999999996,gbymmuk4,dynamic_german_gender_seed26,DynamicAlpha,26,
0,1,0.65,0.04500000000000004,0.02250000000000002,10f6ejps,dynamic_german_gender_seed25,DynamicAlpha,25,
1,2,0.67,0.05999999999999994,0.05499999999999999,10f6ejps,dynamic_german_gender_seed25,DynamicAlpha,25,
2,3,0.685,0.08999999999999997,0.07,10f6ejps,dynamic_german_gender_seed25,DynamicAlpha,25,
3,4,0.695,0.06499999999999995,0.03249999999999997,10f6ejps,dynamic_german_gender_seed25,DynamicAlpha,25,
4,5,0.695,0.03499999999999992,0.05499999999999999,10f6ejps,dynamic_german_gender_seed25,DynamicAlpha,25,
5,6,0.71,0.06499999999999995,0.057499999999999996,10f6ejps,dynamic_german_gender_seed25,DynamicAlpha,25,
6,7,0.735,0.08999999999999997,0.14499999999999996,10f6ejps,dynamic_german_gender_seed25,DynamicAlpha,25,
7,8,0.73,0.14500000000000002,0.16000000000000003,10f6ejps,dynamic_german_gender_seed25,DynamicAlpha,25,
8,9,0.725,0.11499999999999999,0.12,10f6ejps,dynamic_german_gender_seed25,DynamicAlpha,25,
9,10,0.74,0.125,0.13749999999999998,10f6ejps,dynamic_german_gender_seed25,DynamicAlpha,25,
10,11,0.75,0.09999999999999998,0.11249999999999996,10f6ejps,dynamic_german_gender_seed25,DynamicAlpha,25,
11,12,0.75,0.09999999999999998,0.11249999999999996,10f6ejps,dynamic_german_gender_seed25,DynamicAlpha,25,
12,13,0.745,0.125,0.08750000000000002,10f6ejps,dynamic_german_gender_seed25,DynamicAlpha,25,
13,14,0.735,0.17500000000000004,0.11250000000000004,10f6ejps,dynamic_german_gender_seed25,DynamicAlpha,25,
14,15,0.725,0.15500000000000003,0.09000000000000002,10f6ejps,dynamic_german_gender_seed25,DynamicAlpha,25,
15,16,0.725,0.15500000000000003,0.09000000000000002,10f6ejps,dynamic_german_gender_seed25,DynamicAlpha,25,
16,17,0.725,0.15500000000000003,0.09000000000000002,10f6ejps,dynamic_german_gender_seed25,DynamicAlpha,25,
17,18,0.725,0.15500000000000003,0.09000000000000002,10f6ejps,dynamic_german_gender_seed25,DynamicAlpha,25,
18,19,0.725,0.15500000000000003,0.09000000000000002,10f6ejps,dynamic_german_gender_seed25,DynamicAlpha,25,
19,20,0.725,0.15500000000000003,0.09000000000000002,10f6ejps,dynamic_german_gender_seed25,DynamicAlpha,25,
20,21,0.72,0.14500000000000002,0.08500000000000002,10f6ejps,dynamic_german_gender_seed25,DynamicAlpha,25,
21,22,0.715,0.16000000000000003,0.10500000000000004,10f6ejps,dynamic_german_gender_seed25,DynamicAlpha,25,
22,23,0.715,0.16000000000000003,0.10500000000000004,10f6ejps,dynamic_german_gender_seed25,DynamicAlpha,25,
23,24,0.71,0.15000000000000002,0.10000000000000003,10f6ejps,dynamic_german_gender_seed25,DynamicAlpha,25,
24,25,0.71,0.15000000000000002,0.10000000000000003,10f6ejps,dynamic_german_gender_seed25,DynamicAlpha,25,
25,26,0.705,0.15000000000000002,0.08750000000000002,10f6ejps,dynamic_german_gender_seed25,DynamicAlpha,25,
26,27,0.705,0.15000000000000002,0.08750000000000002,10f6ejps,dynamic_german_gender_seed25,DynamicAlpha,25,
27,28,0.705,0.15000000000000002,0.08750000000000002,10f6ejps,dynamic_german_gender_seed25,DynamicAlpha,25,
28,29,0.705,0.15000000000000002,0.08750000000000002,10f6ejps,dynamic_german_gender_seed25,DynamicAlpha,25,
29,30,0.705,0.15000000000000002,0.08750000000000002,10f6ejps,dynamic_german_gender_seed25,DynamicAlpha,25,
0,1,0.63,0.030000000000000027,0.09000000000000002,0jktpzjv,dynamic_german_gender_seed28,DynamicAlpha,28,
1,2,0.685,0.010000000000000009,0.08000000000000002,0jktpzjv,dynamic_german_gender_seed28,DynamicAlpha,28,
2,3,0.7,0.05499999999999994,0.10249999999999992,0jktpzjv,dynamic_german_gender_seed28,DynamicAlpha,28,
3,4,0.705,0.025000000000000022,0.0625,0jktpzjv,dynamic_german_gender_seed28,DynamicAlpha,28,
4,5,0.71,0.015000000000000013,0.057499999999999996,0jktpzjv,dynamic_german_gender_seed28,DynamicAlpha,28,
5,6,0.71,0.010000000000000009,0.09249999999999997,0jktpzjv,dynamic_german_gender_seed28,DynamicAlpha,28,
6,7,0.73,0.0050000000000000044,0.14,0jktpzjv,dynamic_german_gender_seed28,DynamicAlpha,28,
7,8,0.73,0.015000000000000013,0.15750000000000003,0jktpzjv,dynamic_german_gender_seed28,DynamicAlpha,28,
8,9,0.75,0.0,0.15000000000000002,0jktpzjv,dynamic_german_gender_seed28,DynamicAlpha,28,
9,10,0.76,0.010000000000000009,0.1175,0jktpzjv,dynamic_german_gender_seed28,DynamicAlpha,28,
10,11,0.76,0.020000000000000018,0.09750000000000003,0jktpzjv,dynamic_german_gender_seed28,DynamicAlpha,28,
11,12,0.76,0.020000000000000018,0.09750000000000003,0jktpzjv,dynamic_german_gender_seed28,DynamicAlpha,28,
12,13,0.76,0.030000000000000027,0.11500000000000002,0jktpzjv,dynamic_german_gender_seed28,DynamicAlpha,28,
13,14,0.755,0.040000000000000036,0.12000000000000002,0jktpzjv,dynamic_german_gender_seed28,DynamicAlpha,28,
14,15,0.745,0.025000000000000022,0.11250000000000002,0jktpzjv,dynamic_german_gender_seed28,DynamicAlpha,28,
15,16,0.735,0.03500000000000003,0.10500000000000004,0jktpzjv,dynamic_german_gender_seed28,DynamicAlpha,28,
16,17,0.735,0.03500000000000003,0.10500000000000004,0jktpzjv,dynamic_german_gender_seed28,DynamicAlpha,28,
17,18,0.745,0.025000000000000022,0.11250000000000002,0jktpzjv,dynamic_german_gender_seed28,DynamicAlpha,28,
18,19,0.74,0.025000000000000022,0.10000000000000003,0jktpzjv,dynamic_german_gender_seed28,DynamicAlpha,28,
19,20,0.735,0.0,0.08750000000000002,0jktpzjv,dynamic_german_gender_seed28,DynamicAlpha,28,
20,21,0.735,0.0,0.08750000000000002,0jktpzjv,dynamic_german_gender_seed28,DynamicAlpha,28,
21,22,0.73,0.025000000000000022,0.10000000000000003,0jktpzjv,dynamic_german_gender_seed28,DynamicAlpha,28,
22,23,0.73,0.015000000000000013,0.07,0jktpzjv,dynamic_german_gender_seed28,DynamicAlpha,28,
23,24,0.73,0.039999999999999925,0.09499999999999995,0jktpzjv,dynamic_german_gender_seed28,DynamicAlpha,28,
24,25,0.735,0.0050000000000000044,0.05250000000000002,0jktpzjv,dynamic_german_gender_seed28,DynamicAlpha,28,
25,26,0.725,0.019999999999999907,0.05999999999999997,0jktpzjv,dynamic_german_gender_seed28,DynamicAlpha,28,
26,27,0.735,0.0050000000000000044,0.05250000000000002,0jktpzjv,dynamic_german_gender_seed28,DynamicAlpha,28,
27,28,0.735,0.0050000000000000044,0.05250000000000002,0jktpzjv,dynamic_german_gender_seed28,DynamicAlpha,28,
28,29,0.73,0.019999999999999907,0.03499999999999995,0jktpzjv,dynamic_german_gender_seed28,DynamicAlpha,28,
29,30,0.73,0.019999999999999907,0.03499999999999995,0jktpzjv,dynamic_german_gender_seed28,DynamicAlpha,28,
0,1,0.675,0.019999999999999907,0.03499999999999992,sw721ei6,dynamic_german_gender_seed27,DynamicAlpha,27,
1,2,0.685,0.010000000000000009,0.0050000000000000044,sw721ei6,dynamic_german_gender_seed27,DynamicAlpha,27,
2,3,0.675,0.019999999999999907,0.02249999999999991,sw721ei6,dynamic_german_gender_seed27,DynamicAlpha,27,
3,4,0.68,0.019999999999999907,0.03499999999999992,sw721ei6,dynamic_german_gender_seed27,DynamicAlpha,27,
4,5,0.685,0.05499999999999994,0.02749999999999997,sw721ei6,dynamic_german_gender_seed27,DynamicAlpha,27,
5,6,0.7,0.06999999999999995,0.04749999999999999,sw721ei6,dynamic_german_gender_seed27,DynamicAlpha,27,
6,7,0.705,0.03500000000000003,0.030000000000000027,sw721ei6,dynamic_german_gender_seed27,DynamicAlpha,27,
7,8,0.715,0.019999999999999907,0.04749999999999993,sw721ei6,dynamic_german_gender_seed27,DynamicAlpha,27,
8,9,0.735,0.020000000000000018,0.022499999999999964,sw721ei6,dynamic_german_gender_seed27,DynamicAlpha,27,
9,10,0.755,0.020000000000000018,0.03500000000000003,sw721ei6,dynamic_german_gender_seed27,DynamicAlpha,27,
10,11,0.75,0.0,0.0,sw721ei6,dynamic_german_gender_seed27,DynamicAlpha,27,
11,12,0.745,0.025000000000000022,0.012500000000000011,sw721ei6,dynamic_german_gender_seed27,DynamicAlpha,27,
12,13,0.75,0.025000000000000022,0.025000000000000022,sw721ei6,dynamic_german_gender_seed27,DynamicAlpha,27,
13,14,0.745,0.040000000000000036,0.044999999999999984,sw721ei6,dynamic_german_gender_seed27,DynamicAlpha,27,
14,15,0.74,0.06500000000000006,0.057499999999999996,sw721ei6,dynamic_german_gender_seed27,DynamicAlpha,27,
15,16,0.735,0.07999999999999996,0.07749999999999996,sw721ei6,dynamic_german_gender_seed27,DynamicAlpha,27,
16,17,0.735,0.10499999999999998,0.10249999999999998,sw721ei6,dynamic_german_gender_seed27,DynamicAlpha,27,
17,18,0.735,0.10499999999999998,0.10249999999999998,sw721ei6,dynamic_german_gender_seed27,DynamicAlpha,27,
18,19,0.735,0.10499999999999998,0.10249999999999998,sw721ei6,dynamic_german_gender_seed27,DynamicAlpha,27,
19,20,0.735,0.09499999999999997,0.10999999999999999,sw721ei6,dynamic_german_gender_seed27,DynamicAlpha,27,
20,21,0.74,0.09499999999999997,0.12249999999999997,sw721ei6,dynamic_german_gender_seed27,DynamicAlpha,27,
21,22,0.74,0.09499999999999997,0.12249999999999997,sw721ei6,dynamic_german_gender_seed27,DynamicAlpha,27,
22,23,0.74,0.09499999999999997,0.12249999999999997,sw721ei6,dynamic_german_gender_seed27,DynamicAlpha,27,
23,24,0.74,0.09499999999999997,0.12249999999999997,sw721ei6,dynamic_german_gender_seed27,DynamicAlpha,27,
24,25,0.74,0.09499999999999997,0.12249999999999997,sw721ei6,dynamic_german_gender_seed27,DynamicAlpha,27,
25,26,0.74,0.09499999999999997,0.12249999999999997,sw721ei6,dynamic_german_gender_seed27,DynamicAlpha,27,
26,27,0.74,0.09499999999999997,0.12249999999999997,sw721ei6,dynamic_german_gender_seed27,DynamicAlpha,27,
27,28,0.74,0.09499999999999997,0.12249999999999997,sw721ei6,dynamic_german_gender_seed27,DynamicAlpha,27,
28,29,0.735,0.08499999999999996,0.11749999999999997,sw721ei6,dynamic_german_gender_seed27,DynamicAlpha,27,
29,30,0.735,0.08499999999999996,0.11749999999999997,sw721ei6,dynamic_german_gender_seed27,DynamicAlpha,27,
0,1,0.48,0.15000000000000002,0.21250000000000002,8vh1kmn6,dynamic_german_gender_seed29,DynamicAlpha,29,
1,2,0.58,0.025000000000000022,0.09999999999999998,8vh1kmn6,dynamic_german_gender_seed29,DynamicAlpha,29,
2,3,0.645,0.040000000000000036,0.07,8vh1kmn6,dynamic_german_gender_seed29,DynamicAlpha,29,
3,4,0.68,0.04999999999999993,0.08749999999999997,8vh1kmn6,dynamic_german_gender_seed29,DynamicAlpha,29,
4,5,0.695,0.030000000000000027,0.05249999999999999,8vh1kmn6,dynamic_german_gender_seed29,DynamicAlpha,29,
5,6,0.7,0.040000000000000036,0.057499999999999996,8vh1kmn6,dynamic_german_gender_seed29,DynamicAlpha,29,
6,7,0.7,0.040000000000000036,0.057499999999999996,8vh1kmn6,dynamic_german_gender_seed29,DynamicAlpha,29,
7,8,0.695,0.06499999999999995,0.06999999999999995,8vh1kmn6,dynamic_german_gender_seed29,DynamicAlpha,29,
8,9,0.715,0.06499999999999995,0.08249999999999996,8vh1kmn6,dynamic_german_gender_seed29,DynamicAlpha,29,
9,10,0.715,0.06999999999999995,0.05999999999999994,8vh1kmn6,dynamic_german_gender_seed29,DynamicAlpha,29,
10,11,0.725,0.030000000000000027,0.06500000000000006,8vh1kmn6,dynamic_german_gender_seed29,DynamicAlpha,29,
11,12,0.725,0.03500000000000003,0.10500000000000004,8vh1kmn6,dynamic_german_gender_seed29,DynamicAlpha,29,
12,13,0.725,0.03500000000000003,0.10500000000000004,8vh1kmn6,dynamic_german_gender_seed29,DynamicAlpha,29,
13,14,0.73,0.015000000000000013,0.057499999999999996,8vh1kmn6,dynamic_german_gender_seed29,DynamicAlpha,29,
14,15,0.725,0.030000000000000027,0.040000000000000036,8vh1kmn6,dynamic_german_gender_seed29,DynamicAlpha,29,
15,16,0.72,0.020000000000000018,0.03500000000000003,8vh1kmn6,dynamic_german_gender_seed29,DynamicAlpha,29,
16,17,0.72,0.020000000000000018,0.03500000000000003,8vh1kmn6,dynamic_german_gender_seed29,DynamicAlpha,29,
17,18,0.71,0.010000000000000009,0.017500000000000016,8vh1kmn6,dynamic_german_gender_seed29,DynamicAlpha,29,
18,19,0.72,0.010000000000000009,0.0050000000000000044,8vh1kmn6,dynamic_german_gender_seed29,DynamicAlpha,29,
19,20,0.725,0.010000000000000009,0.017500000000000016,8vh1kmn6,dynamic_german_gender_seed29,DynamicAlpha,29,
20,21,0.71,0.015000000000000013,0.020000000000000018,8vh1kmn6,dynamic_german_gender_seed29,DynamicAlpha,29,
21,22,0.71,0.039999999999999925,0.03249999999999992,8vh1kmn6,dynamic_german_gender_seed29,DynamicAlpha,29,
22,23,0.71,0.039999999999999925,0.03249999999999992,8vh1kmn6,dynamic_german_gender_seed29,DynamicAlpha,29,
23,24,0.71,0.029999999999999916,0.014999999999999958,8vh1kmn6,dynamic_german_gender_seed29,DynamicAlpha,29,
24,25,0.705,0.019999999999999907,0.009999999999999953,8vh1kmn6,dynamic_german_gender_seed29,DynamicAlpha,29,
25,26,0.705,0.019999999999999907,0.009999999999999953,8vh1kmn6,dynamic_german_gender_seed29,DynamicAlpha,29,
26,27,0.71,0.019999999999999907,0.022499999999999964,8vh1kmn6,dynamic_german_gender_seed29,DynamicAlpha,29,
27,28,0.71,0.019999999999999907,0.022499999999999964,8vh1kmn6,dynamic_german_gender_seed29,DynamicAlpha,29,
28,29,0.705,0.04499999999999993,0.034999999999999976,8vh1kmn6,dynamic_german_gender_seed29,DynamicAlpha,29,
29,30,0.705,0.04499999999999993,0.034999999999999976,8vh1kmn6,dynamic_german_gender_seed29,DynamicAlpha,29,
