"Name","State","Notes","User","Tags","Created","Runtime","Sweep","batch_size","epochs","lr","model","seed","alpha","alpha_fixed","command","entity","method","metric.goal","metric.name","name","parameters.alphas","parameters.seeds","program","project","acc_floor","alpha_init","alpha_lr","alpha_max","alpha_min","ema_alpha","w_acc","w_dao","w_deo","ACC","DAO","DEO","epoch","pred_loss","adv_loss","ema_dacc","ema_ddao","ema_ddeo","pressure"
"dynamic_adult_gender_seed29","finished","-","","","2026-07-28T10:48:22.000Z","101","","256","30","0.001","Zhang2018_AdaptiveAlpha_EMA","29","0.32440804179005345","","","","","","","","","","","","0.84","0.4708055927870487","0.4468379572755423","1.004835831178367","0.01","0.3601034153775618","4.645321445267202","1.9288807992921904","0.668900557521594","0.8443338861249309","0.04571703393805665","0.025590229403269604","30","0.08540579021399748","0.5922841357846632","-0.00021230682418808892","0.002029839571586183","0.003932160602301719","0.007531776437797644"
"dynamic_adult_gender_seed28","finished","-","","","2026-07-28T10:46:41.000Z","100","","256","30","0.001","Zhang2018_AdaptiveAlpha_EMA","28","0.3032364860304062","","","","","","","","","","","","0.84","0.4708055927870487","0.4468379572755423","1.004835831178367","0.01","0.3601034153775618","4.645321445267202","1.9288807992921904","0.668900557521594","0.8464344941956883","0.03162426916710019","0.00003449222200391233","30","0.09921502612584028","0.5908105398746247","0.00041327529184329064","-0.003830442347817328","-0.007039412916291047","-0.014016930497831034"
"dynamic_adult_gender_seed27","finished","-","","","2026-07-28T10:41:38.000Z","302","","256","30","0.001","Zhang2018_AdaptiveAlpha_EMA","27","0.2521770269067723","","","","","","","","","","","","0.84","0.4708055927870487","0.4468379572755423","1.004835831178367","0.01","0.3601034153775618","4.645321445267202","1.9288807992921904","0.668900557521594","0.845992260917634","0.05247785411976606","0.03978302892697694","30","0.13063159373635097","0.5875298435806383","0.0004671628157586682","0.0032906094250996477","0.007397589824657028","0.009125323849598629"
"dynamic_adult_gender_seed26","finished","-","","","2026-07-28T10:38:39.000Z","173","","256","30","0.001","Zhang2018_AdaptiveAlpha_EMA","26","0.39345346882259186","","","","","","","","","","","","0.84","0.4708055927870487","0.4468379572755423","1.004835831178367","0.01","0.3601034153775618","4.645321445267202","1.9288807992921904","0.668900557521594","0.8449972360420122","0.06857373720193863","0.061616605455469875","30","0.04678638554211204","0.5955461403156849","0.0002307847874294108","0.007921026373110368","0.012226254007663275","0.02238479428161896"
"dynamic_adult_gender_seed25","finished","-","","","2026-07-28T10:36:25.000Z","121","","256","30","0.001","Zhang2018_AdaptiveAlpha_EMA","25","0.3502189131077631","","","","","","","","","","","","0.84","0.4708055927870487","0.4468379572755423","1.004835831178367","0.01","0.3601034153775618","4.645321445267202","1.9288807992921904","0.668900557521594","0.841901603095633","0.038885915762286304","0.017091645833864466","30","0.07041039798699372","0.5938067727900566","-0.00018059553755087057","-0.001056629325406388","-0.0021085722763668517","-0.0026096128654771876"
"dynamic_adult_gender_seed24","finished","-","","","2026-07-28T10:34:38.000Z","100","","256","30","0.001","Zhang2018_AdaptiveAlpha_EMA","24","0.2980614781385965","","","","","","","","","","","","0.84","0.4708055927870487","0.4468379572755423","1.004835831178367","0.01","0.3601034153775618","4.645321445267202","1.9288807992921904","0.668900557521594","0.8464344941956883","0.061635715540131905","0.046021622124211015","30","0.10109792713155136","0.5917770849897507","0.000040133882874125726","0.005323548339685918","0.006086369368715219","0.01415323125374293"
"dynamic_adult_gender_seed23","finished","-","","","2026-07-28T10:32:45.000Z","111","","256","30","0.001","Zhang2018_AdaptiveAlpha_EMA","23","0.3576878885352864","","","","","","","","","","","","0.84","0.4708055927870487","0.4468379572755423","1.004835831178367","0.01","0.3601034153775618","4.645321445267202","1.9288807992921904","0.668900557521594","0.8444444444444444","0.034812370835992784","0.01232422088818974","30","0.06624370158141386","0.5930824415058109","-0.00018455116735417352","-0.0015234935034274689","-0.0004263628983692284","-0.0023665322515738964"
"dynamic_adult_gender_seed22","finished","-","","","2026-07-28T10:31:01.000Z","102","","256","30","0.001","Zhang2018_AdaptiveAlpha_EMA","22","0.30036777440987134","","","","","","","","","","","","0.84","0.4708055927870487","0.4468379572755423","1.004835831178367","0.01","0.3601034153775618","4.645321445267202","1.9288807992921904","0.668900557521594","0.8449972360420122","0.04117155647441214","0.019738548957210167","30","0.1025043967979174","0.5886375477127995","-0.00036073835831247066","-0.007210743966977825","-0.011964393362990444","-0.020235909345428092"
"dynamic_adult_gender_seed21","finished","-","","","2026-07-28T10:29:02.000Z","111","","256","30","0.001","Zhang2018_AdaptiveAlpha_EMA","21","0.3832147225440824","","","","","","","","","","","","0.84","0.4708055927870487","0.4468379572755423","1.004835831178367","0.01","0.3601034153775618","4.645321445267202","1.9288807992921904","0.668900557521594","0.8415699281370923","0.056187668319787505","0.03614934832195338","30","0.05223046074099574","0.5948501630877772","-0.0011385565683796465","0.004704660208168152","0.007177290927804195","0.01916458388957626"
"dynamic_adult_gender_seed20","finished","-","","","2026-07-28T10:27:14.000Z","107","","256","30","0.001","Zhang2018_AdaptiveAlpha_EMA","20","0.36214879080453255","","","","","","","","","","","","0.84","0.4708055927870487","0.4468379572755423","1.004835831178367","0.01","0.3601034153775618","4.645321445267202","1.9288807992921904","0.668900557521594","0.8458817025981205","0.040899532209405426","0.018708281282570734","30","0.06429603125186677","0.5944881075662924","0.000512971916676498","-0.000649430435431081","-0.0003548012198577048","-0.003872920076508295"
"dynamic_adult_gender_seed19","finished","-","","","2026-07-28T10:25:29.000Z","104","","256","30","0.001","Zhang2018_AdaptiveAlpha_EMA","19","0.37305060047711935","","","","","","","","","","","","0.84","0.4708055927870487","0.4468379572755423","1.004835831178367","0.01","0.3601034153775618","4.645321445267202","1.9288807992921904","0.668900557521594","0.8438916528468767","0.07549090322794756","0.06828410193501366","30","0.060923355585294416","0.5962184041949874","-0.0005151766658626632","0.009492341913905532","0.012381743417416533","0.028984912347081195"
"dynamic_adult_gender_seed18","finished","-","","","2026-07-28T10:09:45.000Z","931","","256","30","0.001","Zhang2018_AdaptiveAlpha_EMA","18","0.34745280876659945","","","","","","","","","","","","0.84","0.4708055927870487","0.4468379572755423","1.004835831178367","0.01","0.3601034153775618","4.645321445267202","1.9288807992921904","0.668900557521594","0.844555002763958","0.03437489041701964","0.002498436602546117","30","0.07351600996991421","0.5932202313808684","-0.0007480841240465655","-0.0033555402149455897","-0.006237412434793352","-0.007169554522689294"
"dynamic_adult_gender_seed17","finished","-","","","2026-07-28T10:08:05.000Z","99","","256","30","0.001","Zhang2018_AdaptiveAlpha_EMA","17","0.3190044056236958","","","","","","","","","","","","0.84","0.4708055927870487","0.4468379572755423","1.004835831178367","0.01","0.3601034153775618","4.645321445267202","1.9288807992921904","0.668900557521594","0.8442233278054173","0.03969061372915618","0.016934181342107335","30","0.09078299396849691","0.5908222781850937","-0.00001695770334635648","-0.0038450934173443535","-0.0052603346919069096","-0.010856593689349724"
"dynamic_adult_gender_seed16","finished","-","","","2026-07-28T10:06:25.000Z","98","","256","30","0.001","Zhang2018_AdaptiveAlpha_EMA","16","0.366161856056942","","","","","","","","","","","","0.84","0.4708055927870487","0.4468379572755423","1.004835831178367","0.01","0.3601034153775618","4.645321445267202","1.9288807992921904","0.668900557521594","0.845992260917634","0.042317833247813706","0.02082580378124732","30","0.0607752927863006","0.5954919689935996","0.0005859475725242442","-0.005570201189663183","-0.00889380473385162","-0.0194152398923465"
"dynamic_adult_gender_seed15","finished","-","","","2026-07-28T10:04:39.000Z","100","","256","30","0.001","Zhang2018_AdaptiveAlpha_EMA","15","0.35638249698816143","","","","","","","","","","","","0.84","0.4708055927870487","0.4468379572755423","1.004835831178367","0.01","0.3601034153775618","4.645321445267202","1.9288807992921904","0.668900557521594","0.8463239358761747","0.04342179259037213","0.022413945655254786","30","0.06975956018089402","0.594304288109989","-0.0003635059136195214","0.0005135614528999585","-0.0005352580749593975","0.002321166217015264"
"dynamic_adult_gender_seed14","finished","-","","","2026-07-28T10:02:58.000Z","100","","256","30","0.001","Zhang2018_AdaptiveAlpha_EMA","14","0.33809786438995143","","","","","","","","","","","","0.84","0.4708055927870487","0.4468379572755423","1.004835831178367","0.01","0.3601034153775618","4.645321445267202","1.9288807992921904","0.668900557521594","0.8456605859590934","0.029282955139330085","0.0013646922618949509","30","0.07771279181994445","0.593157319735128","0.0012164422704702888","-0.007899080690543297","-0.01179161071211213","-0.028774565421403227"
"dynamic_adult_gender_seed13","finished","-","","","2026-07-28T10:01:17.000Z","100","","256","30","0.001","Zhang2018_AdaptiveAlpha_EMA","13","0.37132275037121065","","","","","","","","","","","","0.84","0.4708055927870487","0.4468379572755423","1.004835831178367","0.01","0.3601034153775618","4.645321445267202","1.9288807992921904","0.668900557521594","0.8442233278054173","0.04113222553450374","0.01251017895464568","30","0.05925002081174377","0.5955540952107585","0.00009349906326754442","0.0004844071451719802","0.0006045135901983725","0.00090438991516613"
"dynamic_adult_gender_seed12","finished","-","","","2026-07-28T09:58:40.000Z","151","","256","30","0.001","Zhang2018_AdaptiveAlpha_EMA","12","0.38499836583033664","","","","","","","","","","","","0.84","0.4708055927870487","0.4468379572755423","1.004835831178367","0.01","0.3601034153775618","4.645321445267202","1.9288807992921904","0.668900557521594","0.8442233278054173","0.03558562283382282","0.009963753173659384","30","0.04975465510753875","0.5967512198373781","-0.0005482230999398236","-0.0005783521780710504","0.00014030299721562185","0.00152494886449074"
"dynamic_adult_gender_seed11","finished","-","","","2026-07-28T09:55:51.000Z","156","","256","30","0.001","Zhang2018_AdaptiveAlpha_EMA","11","0.2953491203024413","","","","","","","","","","","","0.84","0.4708055927870487","0.4468379572755423","1.004835831178367","0.01","0.3601034153775618","4.645321445267202","1.9288807992921904","0.668900557521594","0.843338861249309","0.03493701017136977","0.010080726796107498","30","0.1057711069254165","0.5896116917860423","-0.0010387108190442822","-0.0066711935163587715","-0.009641236464732975","-0.014491819885386932"
"dynamic_adult_gender_seed10","finished","-","","","2026-07-28T09:53:23.000Z","147","","256","30","0.001","Zhang2018_AdaptiveAlpha_EMA","10","0.3898887447271585","","","","","","","","","","","","0.84","0.4708055927870487","0.4468379572755423","1.004835831178367","0.01","0.3601034153775618","4.645321445267202","1.9288807992921904","0.668900557521594","0.8467661691542289","0.04333364363615264","0.04072481655386706","30","0.0466101033256409","0.5960022887439592","0.0006359993709983887","0.0021200240427289583","0.010892833163258786","0.008421074328675938"
"dynamic_adult_gender_seed9","finished","-","","","2026-07-28T09:50:19.000Z","175","","256","30","0.001","Zhang2018_AdaptiveAlpha_EMA","9","0.37035497647984794","","","","","","","","","","","","0.84","0.4708055927870487","0.4468379572755423","1.004835831178367","0.01","0.3601034153775618","4.645321445267202","1.9288807992921904","0.668900557521594","0.8427860696517413","0.04671163859371047","0.01843684249201805","30","0.05901358239616908","0.5958741641213708","-0.0005444688443127857","-0.002549465764156605","-0.005173102041806897","-0.005848673602049165"
"dynamic_adult_gender_seed8","finished","-","","","2026-07-28T09:47:45.000Z","153","","256","30","0.001","Zhang2018_AdaptiveAlpha_EMA","8","0.35842068587512127","","","","","","","","","","","","0.84","0.4708055927870487","0.4468379572755423","1.004835831178367","0.01","0.3601034153775618","4.645321445267202","1.9288807992921904","0.668900557521594","0.844555002763958","0.035589149104028","0.0032422688683702017","30","0.0691185677093817","0.594375360519328","0.0001266610022793268","-0.0008978635462711577","-0.00323046517073579","-0.004481112778713287"
"dynamic_adult_gender_seed7","finished","-","","","2026-07-28T09:44:50.000Z","167","","256","30","0.001","Zhang2018_AdaptiveAlpha_EMA","7","0.4409958393941578","","","","","","","","","","","","0.84","0.4708055927870487","0.4468379572755423","1.004835831178367","0.01","0.3601034153775618","4.645321445267202","1.9288807992921904","0.668900557521594","0.8448866777224986","0.04402460464693019","0.014144810345267156","30","0.01714466744703604","0.5980744328059203","0.0005101526658573201","0.0011019099735799058","-0.0006316895187091096","-0.0006669075997254676"
"dynamic_adult_gender_seed6","finished","-","","","2026-07-28T09:41:34.000Z","168","","256","30","0.001","Zhang2018_AdaptiveAlpha_EMA","6","0.2998809925040774","","","","","","","","","","","","0.84","0.4708055927870487","0.4468379572755423","1.004835831178367","0.01","0.3601034153775618","4.645321445267202","1.9288807992921904","0.668900557521594","0.8455500276395799","0.050211274689324105","0.04124219988392619","30","0.1031340572005468","0.5893905784221406","0.000017157703860060526","0.001039883222615474","0.003836397483827589","0.004492276147723106"
"dynamic_adult_gender_seed5","finished","-","","","2026-07-28T09:39:36.000Z","116","","256","30","0.001","Zhang2018_AdaptiveAlpha_EMA","5","0.3880851753751968","","","","","","","","","","","","0.84","0.4708055927870487","0.4468379572755423","1.004835831178367","0.01","0.3601034153775618","4.645321445267202","1.9288807992921904","0.668900557521594","0.844555002763958","0.04694072310486963","0.0226718874893711","30","0.050502194263410904","0.5966880093229577","0.000012421531691706811","-0.002339671468408729","-0.0032522003484047224","-0.006746048005835755"
"dynamic_adult_gender_seed4","finished","-","","","2026-07-28T09:37:26.000Z","121","","256","30","0.001","Zhang2018_AdaptiveAlpha_EMA","4","0.28268866186219943","","","","","","","","","","","","0.84","0.4708055927870487","0.4468379572755423","1.004835831178367","0.01","0.3601034153775618","4.645321445267202","1.9288807992921904","0.668900557521594","0.8443338861249309","0.06747019244707142","0.06326173447887506","30","0.11181973248508804","0.5896127946833347","-0.000187115736299205","0.008625418175778709","0.014348452017003847","0.0271043038014488"
"dynamic_adult_gender_seed3","finished","-","","","2026-07-28T09:35:26.000Z","118","","256","30","0.001","Zhang2018_AdaptiveAlpha_EMA","3","0.2754886113370095","","","","","","","","","","","","0.84","0.4708055927870487","0.4468379572755423","1.004835831178367","0.01","0.3601034153775618","4.645321445267202","1.9288807992921904","0.668900557521594","0.8422332780541736","0.049644974581652346","0.03162786791578498","30","0.11520680225064568","0.5901186428171523","-0.0010718615062209251","-0.000853817310976568","-0.002611363480184142","0.0015854869361717756"
"dynamic_adult_gender_seed2","finished","-","","","2026-07-28T09:33:20.000Z","124","","256","30","0.001","Zhang2018_AdaptiveAlpha_EMA","2","0.3322032567979052","","","","","","","","","","","","0.84","0.4708055927870487","0.4468379572755423","1.004835831178367","0.01","0.3601034153775618","4.645321445267202","1.9288807992921904","0.668900557521594","0.8420121614151465","0.04016078694773319","0.010392656455969096","30","0.08327254040021423","0.5933440818008802","-0.000695510279660878","-0.0008790369940248591","-0.0055215309076801725","-0.00215804386464959"
"dynamic_adult_gender_seed1","finished","-","","","2026-07-28T09:30:51.000Z","141","","256","30","0.001","Zhang2018_AdaptiveAlpha_EMA","1","0.31700396441087486","","","","","","","","","","","","0.84","0.4708055927870487","0.4468379572755423","1.004835831178367","0.01","0.3601034153775618","4.645321445267202","1.9288807992921904","0.668900557521594","0.8448866777224986","0.03202414315748839","0.000806818062526915","30","0.090557761437504","0.5909027736237709","-0.00035180600608507876","-0.005805982546178076","-0.009473090985345796","-0.015901352111258243"
"dynamic_adult_gender_seed0","finished","-","","","2026-07-28T09:28:20.000Z","149","","256","30","0.001","Zhang2018_AdaptiveAlpha_EMA","0","0.34278146223599015","","","","","","","","","","","","0.84","0.4708055927870487","0.4468379572755423","1.004835831178367","0.01","0.3601034153775618","4.645321445267202","1.9288807992921904","0.668900557521594","0.8455500276395799","0.042897163071587335","0.020611352140092465","30","0.0782099114664903","0.59355199463824","-0.00007470341398596456","-0.003436153368577106","-0.004575863099525278","-0.009341706263462831"
"baseline_adult_gender_seed29","finished","-","","","2026-07-28T09:26:35.000Z","65","","256","30","0.001","Baseline_NoDebiasing","29","","","","","","","","","","","","","","","","","","","","","","0.8461028192371476","0.06945087037271042","0.06164509903016868","30","0.2764971024812536","","","","",""
"baseline_adult_gender_seed28","finished","-","","","2026-07-28T09:25:21.000Z","65","","256","30","0.001","Baseline_NoDebiasing","28","","","","","","","","","","","","","","","","","","","","","","0.844776119402985","0.08775106201596945","0.10279282021904064","30","0.276769350078089","","","","",""
"baseline_adult_gender_seed27","finished","-","","","2026-07-28T09:24:16.000Z","63","","256","30","0.001","Baseline_NoDebiasing","27","","","","","","","","","","","","","","","","","","","","","","0.845992260917634","0.08584685582396231","0.096440252723011","30","0.2747608160084866","","","","",""
"baseline_adult_gender_seed26","finished","-","","","2026-07-28T09:23:03.000Z","61","","256","30","0.001","Baseline_NoDebiasing","26","","","","","","","","","","","","","","","","","","","","","","0.8453289110005527","0.110686729779995","0.12743076436263623","30","0.2759080629610846","","","","",""
"baseline_adult_gender_seed25","finished","-","","","2026-07-28T09:21:38.000Z","78","","256","30","0.001","Baseline_NoDebiasing","25","","","","","","","","","","","","","","","","","","","","","","0.8466556108347153","0.07781648754938095","0.08380710149861204","30","0.2763001063825391","","","","",""
"baseline_adult_gender_seed24","finished","-","","","2026-07-28T09:20:38.000Z","59","","256","30","0.001","Baseline_NoDebiasing","24","","","","","","","","","","","","","","","","","","","","","","0.8454394693200663","0.08632547077508809","0.08194752083405199","30","0.2752456171504149","","","","",""
"baseline_adult_gender_seed23","finished","-","","","2026-07-28T09:19:40.000Z","56","","256","30","0.001","Baseline_NoDebiasing","23","","","","","","","","","","","","","","","","","","","","","","0.8455500276395799","0.061644498818316615","0.044833889957814455","30","0.2773270714790263","","","","",""
"baseline_adult_gender_seed22","finished","-","","","2026-07-28T09:18:29.000Z","69","","256","30","0.001","Baseline_NoDebiasing","22","","","","","","","","","","","","","","","","","","","","","","0.8443338861249309","0.08238480657449358","0.08181854991699367","30","0.2751523093551609","","","","",""
"baseline_adult_gender_seed21","finished","-","","","2026-07-28T09:17:18.000Z","58","","256","30","0.001","Baseline_NoDebiasing","21","","","","","","","","","","","","","","","","","","","","","","0.8432283029297954","0.10333909800048229","0.11631377124458432","30","0.2756797102748925","","","","",""
"baseline_adult_gender_seed20","finished","-","","","2026-07-28T09:15:52.000Z","84","","256","30","0.001","Baseline_NoDebiasing","20","","","","","","","","","","","","","","","","","","","","","","0.8476506357103372","0.07827319289564051","0.07792692747785379","30","0.27658678157955197","","","","",""
"baseline_adult_gender_seed19","finished","-","","","2026-07-28T09:14:47.000Z","63","","256","30","0.001","Baseline_NoDebiasing","19","","","","","","","","","","","","","","","","","","","","","","0.8454394693200663","0.10308597320491938","0.11255111972250254","30","0.2746745739000063","","","","",""
"baseline_adult_gender_seed18","finished","-","","","2026-07-28T09:13:43.000Z","63","","256","30","0.001","Baseline_NoDebiasing","18","","","","","","","","","","","","","","","","","","","","","","0.8424543946932007","0.0929101285602698","0.10071878791332556","30","0.27553119917287894","","","","",""
"baseline_adult_gender_seed17","finished","-","","","2026-07-28T09:12:37.000Z","65","","256","30","0.001","Baseline_NoDebiasing","17","","","","","","","","","","","","","","","","","","","","","","0.8448866777224986","0.061802301808371415","0.053918841301286546","30","0.2762986969017813","","","","",""
"baseline_adult_gender_seed16","finished","-","","","2026-07-28T09:11:30.000Z","66","","256","30","0.001","Baseline_NoDebiasing","16","","","","","","","","","","","","","","","","","","","","","","0.8452183526810393","0.07940487566853591","0.08563818858847327","30","0.275509978334109","","","","",""
"baseline_adult_gender_seed15","finished","-","","","2026-07-28T09:10:27.000Z","62","","256","30","0.001","Baseline_NoDebiasing","15","","","","","","","","","","","","","","","","","","","","","","0.8487562189054726","0.07777412290552563","0.07652474367030226","30","0.275623121160142","","","","",""
"baseline_adult_gender_seed14","finished","-","","","2026-07-28T09:09:04.000Z","75","","256","30","0.001","Baseline_NoDebiasing","14","","","","","","","","","","","","","","","","","","","","","","0.8443338861249309","0.05905182367118708","0.04231595775152708","30","0.27424004811344416","","","","",""
"baseline_adult_gender_seed13","finished","-","","","2026-07-28T09:07:40.000Z","73","","256","30","0.001","Baseline_NoDebiasing","13","","","","","","","","","","","","","","","","","","","","","","0.8455500276395799","0.08713314165748492","0.09187678178570724","30","0.27514324701846915","","","","",""
"baseline_adult_gender_seed12","finished","-","","","2026-07-28T09:06:37.000Z","62","","256","30","0.001","Baseline_NoDebiasing","12","","","","","","","","","","","","","","","","","","","","","","0.8464344941956883","0.06219360808781196","0.049626809154535656","30","0.2722609814599896","","","","",""
"baseline_adult_gender_seed11","finished","-","","","2026-07-28T09:05:33.000Z","63","","256","30","0.001","Baseline_NoDebiasing","11","","","","","","","","","","","","","","","","","","","","","","0.8473189607517966","0.06775581448459721","0.06718185049271386","30","0.2786033380750223","","","","",""
"baseline_adult_gender_seed10","finished","-","","","2026-07-28T09:04:22.000Z","69","","256","30","0.001","Baseline_NoDebiasing","10","","","","","","","","","","","","","","","","","","","","","","0.8449972360420122","0.06218749337926149","0.06443447002700886","30","0.2786083830163834","","","","",""
"baseline_adult_gender_seed9","finished","-","","","2026-07-28T09:03:10.000Z","68","","256","30","0.001","Baseline_NoDebiasing","9","","","","","","","","","","","","","","","","","","","","","","0.8432283029297954","0.0891766174548432","0.08493784651561076","30","0.27680836787037816","","","","",""
"baseline_adult_gender_seed8","finished","-","","","2026-07-28T09:02:05.000Z","50","","256","30","0.001","Baseline_NoDebiasing","8","","","","","","","","","","","","","","","","","","","","","","0.8458817025981205","0.0647486141287632","0.05759601209927168","30","0.2769037205065396","","","","",""
"baseline_adult_gender_seed7","finished","-","","","2026-07-28T09:01:12.000Z","51","","256","30","0.001","Baseline_NoDebiasing","7","","","","","","","","","","","","","","","","","","","","","","0.8458817025981205","0.07539017565435624","0.06436398592117476","30","0.27647184818348985","","","","",""
"baseline_adult_gender_seed6","finished","-","","","2026-07-28T09:00:20.000Z","51","","256","30","0.001","Baseline_NoDebiasing","6","","","","","","","","","","","","","","","","","","","","","","0.8452183526810393","0.0899571102575788","0.10668444265818056","30","0.2771042149963108","","","","",""
"baseline_adult_gender_seed5","finished","-","","","2026-07-28T08:59:27.000Z","52","","256","30","0.001","Baseline_NoDebiasing","5","","","","","","","","","","","","","","","","","","","","","","0.84212271973466","0.09114698015708768","0.09399430428438382","30","0.2750574252072801","","","","",""
"baseline_adult_gender_seed4","finished","-","","","2026-07-28T08:58:26.000Z","60","","256","30","0.001","Baseline_NoDebiasing","4","","","","","","","","","","","","","","","","","","","","","","0.8443338861249309","0.0967797041012554","0.10466739750186328","30","0.27498109712668345","","","","",""
"baseline_adult_gender_seed3","finished","-","","","2026-07-28T08:57:30.000Z","55","","256","30","0.001","Baseline_NoDebiasing","3","","","","","","","","","","","","","","","","","","","","","","0.8444444444444444","0.08343765867772045","0.08735530137953884","30","0.2743837883075078","","","","",""
"baseline_adult_gender_seed2","finished","-","","","2026-07-28T08:56:38.000Z","51","","256","30","0.001","Baseline_NoDebiasing","2","","","","","","","","","","","","","","","","","","","","","","0.8458817025981205","0.08068786625199048","0.07786994032845596","30","0.2767630344164287","","","","",""
"baseline_adult_gender_seed1","finished","-","","","2026-07-28T08:55:46.000Z","51","","256","30","0.001","Baseline_NoDebiasing","1","","","","","","","","","","","","","","","","","","","","","","0.8449972360420122","0.06207184600780983","0.04801017370582927","30","0.2741966422990704","","","","",""
"baseline_adult_gender_seed0","finished","-","","","2026-07-28T08:54:43.000Z","55","","256","30","0.001","Baseline_NoDebiasing","0","","","","","","","","","","","","","","","","","","","","","","0.8461028192371476","0.09195548457229656","0.102678845920245","30","0.2767189866896217","","","","",""
"fixed_alpha1.5_adult_gender_seed29","finished","-","","FixedAlpha_sweep","2026-07-22T19:40:01.000Z","157","oitu96yq","","","","","29","1.5","","","","","","","","","","","","","","","","","","","","","0.8332780541735766","0.09011888728414472","0.1733549084681405","30","-0.6305174214620117","0.6197935004606314","","","",""
"fixed_alpha1.5_adult_gender_seed28","finished","-","","FixedAlpha_sweep","2026-07-22T19:40:01.000Z","155","oitu96yq","","","","","28","1.5","","","","","","","","","","","","","","","","","","","","","0.8398009950248756","0.08707123559522673","0.1526520769566463","30","-0.6331640044425396","0.6195095933920948","","","",""
"fixed_alpha1.5_adult_gender_seed27","finished","-","","FixedAlpha_sweep","2026-07-22T19:39:56.000Z","158","oitu96yq","","","","","27","1.5","","","","","","","","","","","","","","","","","","","","","0.8389165284687673","0.06368134961576619","0.09901367241686998","30","-0.6308729487953456","0.6197564521579878","","","",""
"fixed_alpha1.5_adult_gender_seed26","finished","-","","FixedAlpha_sweep","2026-07-22T19:39:56.000Z","159","oitu96yq","","","","","26","1.5","","","","","","","","","","","","","","","","","","","","","0.8395798783858486","0.044122696689257","0.05507508056933163","30","-0.631508045162715","0.62018957205698","","","",""
"fixed_alpha1.5_adult_gender_seed25","finished","-","","FixedAlpha_sweep","2026-07-22T19:37:19.000Z","155","oitu96yq","","","","","25","1.5","","","","","","","","","","","","","","","","","","","","","0.8388059701492537","0.08325927953144129","0.15124989314909487","30","-0.6316136366932105","0.6202031145704553","","","",""
"fixed_alpha1.5_adult_gender_seed24","finished","-","","FixedAlpha_sweep","2026-07-22T19:37:15.000Z","160","oitu96yq","","","","","24","1.5","","","","","","","","","","","","","","","","","","","","","0.8395798783858486","0.07823755710404849","0.1332794454850431","30","-0.6319019173053985","0.6199194860796556","","","",""
"fixed_alpha1.5_adult_gender_seed23","finished","-","","FixedAlpha_sweep","2026-07-22T19:37:10.000Z","165","oitu96yq","","","","","23","1.5","","","","","","","","","","","","","","","","","","","","","0.8381426202321725","0.08296283107225014","0.15236564154783094","30","-0.6304917587033401","0.620358907161875","","","",""
"fixed_alpha1.5_adult_gender_seed22","finished","-","","FixedAlpha_sweep","2026-07-22T19:37:09.000Z","166","oitu96yq","","","","","22","1.5","","","","","","","","","","","","","","","","","","","","","0.8391376451077943","0.06930592876851004","0.12382257800865903","30","-0.6318424379994684","0.6202041857631494","","","",""
"fixed_alpha1.5_adult_gender_seed21","finished","-","","FixedAlpha_sweep","2026-07-22T19:34:38.000Z","157","oitu96yq","","","","","21","1.5","","","","","","","","","","","","","","","","","","","","","0.8407960199004975","0.07808934423316438","0.12191950715113742","30","-0.6306777207563955","0.6203188371996508","","","",""
"fixed_alpha1.5_adult_gender_seed20","finished","-","","FixedAlpha_sweep","2026-07-22T19:34:29.000Z","160","oitu96yq","","","","","20","1.5","","","","","","","","","","","","","","","","","","","","","0.8423438363736871","0.07831303913999695","0.13256410679391795","30","-0.6320236885378546","0.6204950082386639","","","",""
"fixed_alpha1.5_adult_gender_seed19","finished","-","","FixedAlpha_sweep","2026-07-22T19:34:26.000Z","159","oitu96yq","","","","","19","1.5","","","","","","","","","","","","","","","","","","","","","0.8392482034273079","0.06224765607937984","0.10196050790546728","30","-0.6321718358824439","0.6203693667202131","","","",""
"fixed_alpha1.5_adult_gender_seed18","finished","-","","FixedAlpha_sweep","2026-07-22T19:34:23.000Z","162","oitu96yq","","","","","18","1.5","","","","","","","","","","","","","","","","","","","","","0.8379215035931454","0.08473121306681367","0.15051955783970716","30","-0.6306133506991339","0.6205817849923533","","","",""
"fixed_alpha1.5_adult_gender_seed17","finished","-","","FixedAlpha_sweep","2026-07-22T19:31:56.000Z","159","oitu96yq","","","","","17","1.5","","","","","","","","","","","","","","","","","","","","","0.8348258706467662","0.08225011011132646","0.15754547349572678","30","-0.6304620743220579","0.6198089359499884","","","",""
"fixed_alpha1.5_adult_gender_seed16","finished","-","","FixedAlpha_sweep","2026-07-22T19:31:47.000Z","157","oitu96yq","","","","","16","1.5","","","","","","","","","","","","","","","","","","","","","0.8403537866224433","0.07043407223074521","0.11651172660565036","30","-0.6319194734096527","0.6204245652712829","","","",""
"fixed_alpha1.5_adult_gender_seed15","finished","-","","FixedAlpha_sweep","2026-07-22T19:31:42.000Z","157","oitu96yq","","","","","15","1.5","","","","","","","","","","","","","","","","","","","","","0.8379215035931454","0.09440578261370146","0.16612953778922843","30","-0.6318889530837959","0.6197273929913839","","","",""
"fixed_alpha1.5_adult_gender_seed14","finished","-","","FixedAlpha_sweep","2026-07-22T19:31:40.000Z","160","oitu96yq","","","","","14","1.5","","","","","","","","","","","","","","","","","","","","","0.8375898286346047","0.07649088930863657","0.13486758735905058","30","-0.6324564252339356","0.6195112927585629","","","",""
"fixed_alpha1.5_adult_gender_seed13","finished","-","","FixedAlpha_sweep","2026-07-22T19:29:06.000Z","156","oitu96yq","","","","","13","1.5","","","","","","","","","","","","","","","","","","","","","0.8404643449419569","0.07910925563035566","0.13738551956533795","30","-0.6290081984607886","0.6200120406793365","","","",""
"fixed_alpha1.5_adult_gender_seed12","finished","-","","FixedAlpha_sweep","2026-07-22T19:29:05.000Z","163","oitu96yq","","","","","12","1.5","","","","","","","","","","","","","","","","","","","","","0.8402432283029297","0.08537791067277736","0.15818882841919146","30","-0.6325377741603987","0.6195742204679665","","","",""
"fixed_alpha1.5_adult_gender_seed11","finished","-","","FixedAlpha_sweep","2026-07-22T19:28:50.000Z","166","oitu96yq","","","","","11","1.5","","","","","","","","","","","","","","","","","","","","","0.8412382531785517","0.07542903386231342","0.13403827436912985","30","-0.6313156747648901","0.6205364888441478","","","",""
"fixed_alpha1.5_adult_gender_seed10","finished","-","","FixedAlpha_sweep","2026-07-22T19:28:48.000Z","167","oitu96yq","","","","","10","1.5","","","","","","","","","","","","","","","","","","","","","0.8403537866224433","0.08141709708070703","0.14057679993161545","30","-0.6317034198882732","0.6197452511347777","","","",""
"fixed_alpha1.5_adult_gender_seed9","finished","-","","FixedAlpha_sweep","2026-07-22T19:26:30.000Z","154","oitu96yq","","","","","9","1.5","","","","","","","","","","","","","","","","","","","","","0.8377003869541183","0.08578549433403074","0.15226516420547165","30","-0.632122630768634","0.6201512564158609","","","",""
"fixed_alpha1.5_adult_gender_seed8","finished","-","","FixedAlpha_sweep","2026-07-22T19:26:09.000Z","159","oitu96yq","","","","","8","1.5","","","","","","","","","","","","","","","","","","","","","0.8410171365395246","0.07730185762565704","0.13483909378435166","30","-0.6319694075178592","0.6202332948116546","","","",""
"fixed_alpha1.5_adult_gender_seed7","finished","-","","FixedAlpha_sweep","2026-07-22T19:26:08.000Z","171","oitu96yq","","","","","7","1.5","","","","","","","","","","","","","","","","","","","","","0.8354892205638474","0.08322871844623622","0.1524796158466266","30","-0.6313886274682715","0.6197338188793642","","","",""
"fixed_alpha1.5_adult_gender_seed6","finished","-","","FixedAlpha_sweep","2026-07-22T19:25:34.000Z","186","oitu96yq","","","","","6","1.5","","","","","","","","","","","","","","","","","","","","","0.8389165284687673","0.06878064624881051","0.11981698127072347","30","-0.6310646242283761","0.6202947941232235","","","",""
"fixed_alpha1.5_adult_gender_seed5","finished","-","","FixedAlpha_sweep","2026-07-22T19:23:49.000Z","157","oitu96yq","","","","","5","1.5","","","","","","","","","","","","","","","","","","","","","0.8380320619126589","0.05853398639311556","0.10796965284328376","30","-0.6317309487795999","0.62053996155448","","","",""
"fixed_alpha1.5_adult_gender_seed4","finished","-","","FixedAlpha_sweep","2026-07-22T19:23:21.000Z","163","oitu96yq","","","","","4","1.5","","","","","","","","","","","","","","","","","","","","","0.8430071862907684","0.05522674452411448","0.07895419582884056","30","-0.6306515773560138","0.6202102358459581","","","",""
"fixed_alpha1.5_adult_gender_seed3","finished","-","","FixedAlpha_sweep","2026-07-22T19:23:17.000Z","168","oitu96yq","","","","","3","1.5","","","","","","","","","","","","","","","","","","","","","0.83681592039801","0.08585899298852785","0.16099319603429418","30","-0.6326564087512645","0.6201534930695879","","","",""
"fixed_alpha1.5_adult_gender_seed2","finished","-","","FixedAlpha_sweep","2026-07-22T19:22:58.000Z","150","oitu96yq","","","","","2","1.5","","","","","","","","","","","","","","","","","","","","","0.835599778883361","0.08770869007575771","0.16054929613372182","30","-0.6308496488747022","0.6199192345565092","","","",""
"fixed_alpha1.5_adult_gender_seed1","finished","-","","FixedAlpha_sweep","2026-07-22T19:21:18.000Z","148","oitu96yq","","","","","1","1.5","","","","","","","","","","","","","","","","","","","","","0.839690436705362","0.08714996565654978","0.16597207329747132","30","-0.6316365614427742","0.6192482151883714","","","",""
"fixed_alpha1.5_adult_gender_seed0","finished","-","","FixedAlpha_sweep","2026-07-22T19:20:16.000Z","159","oitu96yq","","","","","0","1.5","","","","","","","","","","","","","","","","","","","","","0.8377003869541183","0.0709290441158905","0.12086074590179918","30","-0.6312568213077302","0.619756945481537","","","",""
"fixed_alpha1_adult_gender_seed29","finished","-","","FixedAlpha_sweep","2026-07-22T19:20:13.000Z","176","oitu96yq","","","","","29","1","","","","","","","","","","","","","","","","","","","","","0.8407960199004975","0.07524136768786138","0.12027437812773224","30","-0.3213675880263038","0.6143927646021471","","","",""
"fixed_alpha1_adult_gender_seed28","finished","-","","FixedAlpha_sweep","2026-07-22T19:20:03.000Z","192","oitu96yq","","","","","28","1","","","","","","","","","","","","","","","","","","","","","0.8437810945273632","0.06241498798471071","0.09078652763801764","30","-0.32110506211612244","0.6141408783324221","","","",""
"fixed_alpha1_adult_gender_seed27","finished","-","","FixedAlpha_sweep","2026-07-22T19:18:40.000Z","153","oitu96yq","","","","","27","1","","","","","","","","","","","","","","","","","","","","","0.8412382531785517","0.04505394272542694","0.06115620927480847","30","-0.32121001765237633","0.6137692378767838","","","",""
"fixed_alpha1_adult_gender_seed26","finished","-","","FixedAlpha_sweep","2026-07-22T19:17:35.000Z","152","oitu96yq","","","","","26","1","","","","","","","","","","","","","","","","","","","","","0.8452183526810393","0.0405590509383814","0.03474416519074941","30","-0.3228518939610069","0.6140723334136584","","","",""
"fixed_alpha1_adult_gender_seed25","finished","-","","FixedAlpha_sweep","2026-07-22T19:17:33.000Z","159","oitu96yq","","","","","25","1","","","","","","","","","","","","","","","","","","","","","0.8417910447761194","0.06173326352172198","0.08957030189692228","30","-0.32293201253769244","0.6130933808096757","","","",""
"fixed_alpha1_adult_gender_seed24","finished","-","","FixedAlpha_sweep","2026-07-22T19:17:08.000Z","173","oitu96yq","","","","","24","1","","","","","","","","","","","","","","","","","","","","","0.8400221116639027","0.06320671231527616","0.08464841178314297","30","-0.3239230287413225","0.6144060796879708","","","",""
"fixed_alpha1_adult_gender_seed23","finished","-","","FixedAlpha_sweep","2026-07-22T19:15:38.000Z","169","oitu96yq","","","","","23","1","","","","","","","","","","","","","","","","","","","","","0.8411276948590382","0.07746573209733464","0.12639749736434436","30","-0.3208090572069723","0.6141952635548639","","","",""
"fixed_alpha1_adult_gender_seed22","finished","-","","FixedAlpha_sweep","2026-07-22T19:14:53.000Z","159","oitu96yq","","","","","22","1","","","","","","","","","","","","","","","","","","","","","0.8432283029297954","0.06074759649591399","0.08991372445513535","30","-0.32482031325921945","0.6144661594789924","","","",""
"fixed_alpha1_adult_gender_seed21","finished","-","","FixedAlpha_sweep","2026-07-22T19:14:50.000Z","161","oitu96yq","","","","","21","1","","","","","","","","","","","","","","","","","","","","","0.8404643449419569","0.05818775543944228","0.0699262316347663","30","-0.32357573931944283","0.6148211685478264","","","",""
"fixed_alpha1_adult_gender_seed20","finished","-","","FixedAlpha_sweep","2026-07-22T19:14:30.000Z","151","oitu96yq","","","","","20","1","","","","","","","","","","","","","","","","","","","","","0.8444444444444444","0.06187771716896062","0.08125767639397319","30","-0.3220205116779246","0.6146555141354284","","","",""
"fixed_alpha1_adult_gender_seed19","finished","-","","FixedAlpha_sweep","2026-07-22T19:12:40.000Z","173","oitu96yq","","","","","19","1","","","","","","","","","","","","","","","","","","","","","0.8423438363736871","0.054730070689931826","0.07172882514992873","30","-0.32389154776613766","0.6139160048031638","","","",""
"fixed_alpha1_adult_gender_seed18","finished","-","","FixedAlpha_sweep","2026-07-22T19:11:53.000Z","169","oitu96yq","","","","","18","1","","","","","","","","","","","","","","","","","","","","","0.8425649530127142","0.06739874981290214","0.0992131274397623","30","-0.3228080519970427","0.613617146268804","","","",""
"fixed_alpha1_adult_gender_seed17","finished","-","","FixedAlpha_sweep","2026-07-22T19:11:50.000Z","173","oitu96yq","","","","","17","1","","","","","","","","","","","","","","","","","","","","","0.8440022111663903","0.06565858011255003","0.10526576257054032","30","-0.32322332537766046","0.6138671957854683","","","",""
"fixed_alpha1_adult_gender_seed16","finished","-","","FixedAlpha_sweep","2026-07-22T19:10:50.000Z","195","oitu96yq","","","","","16","1","","","","","","","","","","","","","","","","","","","","","0.840685461580984","0.06553243248813236","0.10022989815796546","30","-0.32033913461029107","0.6145810024112675","","","",""
"fixed_alpha1_adult_gender_seed15","finished","-","","FixedAlpha_sweep","2026-07-22T19:10:03.000Z","152","oitu96yq","","","","","15","1","","","","","","","","","","","","","","","","","","","","","0.8407960199004975","0.06713355649388447","0.09856977251629762","30","-0.3215901219675727","0.6143232744636266","","","",""
"fixed_alpha1_adult_gender_seed14","finished","-","","FixedAlpha_sweep","2026-07-22T19:09:10.000Z","156","oitu96yq","","","","","14","1","","","","","","","","","","","","","","","","","","","","","0.8417910447761194","0.06600334755377221","0.10217495954662226","30","-0.32278898781073007","0.6135564357676404","","","",""
"fixed_alpha1_adult_gender_seed13","finished","-","","FixedAlpha_sweep","2026-07-22T19:09:00.000Z","165","oitu96yq","","","","","13","1","","","","","","","","","","","","","","","","","","","","","0.8426755113322277","0.04843790490968927","0.05952457720783966","30","-0.3200409900634847","0.6145234298198781","","","",""
"fixed_alpha1_adult_gender_seed12","finished","-","","FixedAlpha_sweep","2026-07-22T19:08:00.000Z","164","oitu96yq","","","","","12","1","","","","","","","","","","","","","","","","","","","","","0.8390270867882809","0.05024781387728532","0.06931137028600043","30","-0.3243617231541492","0.6141387858289353","","","",""
"fixed_alpha1_adult_gender_seed11","finished","-","","FixedAlpha_sweep","2026-07-22T19:07:31.000Z","147","oitu96yq","","","","","11","1","","","","","","","","","","","","","","","","","","","","","0.8438916528468767","0.05863870546798018","0.0827888311185827","30","-0.32377793328136417","0.6147147133840737","","","",""
"fixed_alpha1_adult_gender_seed10","finished","-","","FixedAlpha_sweep","2026-07-22T19:06:24.000Z","152","oitu96yq","","","","","10","1","","","","","","","","","","","","","","","","","","","","","0.8440022111663903","0.07039205442870164","0.11535248801395293","30","-0.32310604922314906","0.6139129928663267","","","",""
"fixed_alpha1_adult_gender_seed9","finished","-","","FixedAlpha_sweep","2026-07-22T19:06:03.000Z","179","oitu96yq","","","","","9","1","","","","","","","","","","","","","","","","","","","","","0.8410171365395246","0.06896152501973518","0.10095873380552688","30","-0.3222283718856514","0.6146363096034273","","","",""
"fixed_alpha1_adult_gender_seed8","finished","-","","FixedAlpha_sweep","2026-07-22T19:04:42.000Z","190","oitu96yq","","","","","8","1","","","","","","","","","","","","","","","","","","","","","0.8416804864566059","0.06718616027174068","0.100715788589673","30","-0.32244952540871097","0.6146250257255338","","","",""
"fixed_alpha1_adult_gender_seed7","finished","-","","FixedAlpha_sweep","2026-07-22T19:04:39.000Z","164","oitu96yq","","","","","7","1","","","","","","","","","","","","","","","","","","","","","0.8391376451077943","0.0635056615131479","0.09024215039508587","30","-0.32261011384903115","0.6144457011358112","","","",""
"fixed_alpha1_adult_gender_seed6","finished","-","","FixedAlpha_sweep","2026-07-22T19:03:47.000Z","153","oitu96yq","","","","","6","1","","","","","","","","","","","","","","","","","","","","","0.8414593698175787","0.057482546778532415","0.08532175994313285","30","-0.3219042217477839","0.6148397013650718","","","",""
"fixed_alpha1_adult_gender_seed5","finished","-","","FixedAlpha_sweep","2026-07-22T19:02:37.000Z","192","oitu96yq","","","","","5","1","","","","","","","","","","","","","","","","","","","","","0.8380320619126589","0.05251293760383747","0.06363065128813461","30","-0.3232824231715912","0.6145239290616191","","","",""
"fixed_alpha1_adult_gender_seed4","finished","-","","FixedAlpha_sweep","2026-07-22T19:01:41.000Z","168","oitu96yq","","","","","4","1","","","","","","","","","","","","","","","","","","","","","0.8405749032614704","0.041250571071298495","0.04091077462032311","30","-0.3227764885899023","0.6145381327216507","","","",""
"fixed_alpha1_adult_gender_seed3","finished","-","","FixedAlpha_sweep","2026-07-22T19:01:39.000Z","168","oitu96yq","","","","","3","1","","","","","","","","","","","","","","","","","","","","","0.8381426202321725","0.058337812062007874","0.08072829576930407","30","-0.3235412155482786","0.6145047338296336","","","",""
"fixed_alpha1_adult_gender_seed2","finished","-","","FixedAlpha_sweep","2026-07-22T19:00:48.000Z","171","oitu96yq","","","","","2","1","","","","","","","","","","","","","","","","","","","","","0.8393587617468214","0.07035896606491618","0.101860030563108","30","-0.32429277347334734","0.6139736298128222","","","",""
"fixed_alpha1_adult_gender_seed1","finished","-","","FixedAlpha_sweep","2026-07-22T18:59:49.000Z","166","oitu96yq","","","","","1","1","","","","","","","","","","","","","","","","","","","","","0.840685461580984","0.053095196964284115","0.07895419582884056","30","-0.32099352364844463","0.6138558239801556","","","",""
"fixed_alpha1_adult_gender_seed0","finished","-","","FixedAlpha_sweep","2026-07-22T18:58:45.000Z","169","oitu96yq","","","","","0","1","","","","","","","","","","","","","","","","","","","","","0.8438916528468767","0.06042984459110433","0.081286169968672","30","-0.32092240558448415","0.614011250066419","","","",""
"fixed_alpha0.7_adult_gender_seed29","finished","-","","FixedAlpha_sweep","2026-07-22T18:58:10.000Z","151","oitu96yq","","","","","29","0.7","","","","","","","","","","","","","","","","","","","","","0.840906578220011","0.04776648732658104","0.050282161372610434","30","-0.13653756773218195","0.6081674323014333","","","",""
"fixed_alpha0.7_adult_gender_seed28","finished","-","","FixedAlpha_sweep","2026-07-22T18:58:06.000Z","211","oitu96yq","","","","","28","0.7","","","","","","","","","","","","","","","","","","","","","0.8452183526810393","0.04010937774312043","0.037334081164697386","30","-0.13798830441549317","0.60726379840932","","","",""
"fixed_alpha0.7_adult_gender_seed27","finished","-","","FixedAlpha_sweep","2026-07-22T18:54:42.000Z","290","oitu96yq","","","","","27","0.7","","","","","","","","","","","","","","","","","","","","","0.8427860696517413","0.034230380110901196","0.025387775056724737","30","-0.137228750590737","0.6075804736597318","","","",""
"fixed_alpha0.7_adult_gender_seed25","finished","-","","FixedAlpha_sweep","2026-07-22T18:54:41.000Z","195","oitu96yq","","","","","25","0.7","","","","","","","","","","","","","","","","","","","","","0.8444444444444444","0.05010030521809395","0.05438823545290539","30","-0.13771272350287606","0.6076766159517545","","","",""
"fixed_alpha0.7_adult_gender_seed26","finished","-","","FixedAlpha_sweep","2026-07-22T18:54:41.000Z","232","oitu96yq","","","","","26","0.7","","","","","","","","","","","","","","","","","","","","","0.8451077943615257","0.03298399483183684","0.005674720350560936","30","-0.13824964457369865","0.6079466913608794","","","",""
"fixed_alpha0.7_adult_gender_seed24","finished","-","","FixedAlpha_sweep","2026-07-22T18:54:39.000Z","209","oitu96yq","","","","","24","0.7","","","","","","","","","","","","","","","","","","","","","0.8442233278054173","0.034894055476212264","0.014627701453322262","30","-0.1379991355517232","0.6082636155980699","","","",""
"fixed_alpha0.7_adult_gender_seed23","finished","-","","FixedAlpha_sweep","2026-07-22T18:51:39.000Z","177","oitu96yq","","","","","23","0.7","","","","","","","","","","","","","","","","","","","","","0.8415699281370923","0.04982070909878154","0.05155537426310364","30","-0.13739405857755782","0.607814480649664","","","",""
"fixed_alpha0.7_adult_gender_seed22","finished","-","","FixedAlpha_sweep","2026-07-22T18:51:38.000Z","177","oitu96yq","","","","","22","0.7","","","","","","","","","","","","","","","","","","","","","0.841901603095633","0.03796893811685353","0.025530242930219216","30","-0.1371987409202765","0.6078095406505233","","","",""
"fixed_alpha0.7_adult_gender_seed21","finished","-","","FixedAlpha_sweep","2026-07-22T18:51:37.000Z","178","oitu96yq","","","","","21","0.7","","","","","","","","","","","","","","","","","","","","","0.8426755113322277","0.03887280554355036","0.01798994326779313","30","-0.13791438947755394","0.608393095486553","","","",""
"fixed_alpha0.7_adult_gender_seed20","finished","-","","FixedAlpha_sweep","2026-07-22T18:51:37.000Z","179","oitu96yq","","","","","20","0.7","","","","","","","","","","","","","","","","","","","","","0.8449972360420122","0.03820112284371119","0.028549062186476903","30","-0.1399018519313623","0.6077537308347986","","","",""
"fixed_alpha0.7_adult_gender_seed19","finished","-","","FixedAlpha_sweep","2026-07-22T18:48:35.000Z","179","oitu96yq","","","","","19","0.7","","","","","","","","","","","","","","","","","","","","","0.8446655610834716","0.026312917464307813","0.0009957754526354057","30","-0.1401661986366231","0.6080919816984353","","","",""
"fixed_alpha0.7_adult_gender_seed18","finished","-","","FixedAlpha_sweep","2026-07-22T18:48:34.000Z","180","oitu96yq","","","","","18","0.7","","","","","","","","","","","","","","","","","","","","","0.840685461580984","0.04765336070340619","0.05084003557197858","30","-0.13672857219023063","0.6086082915042309","","","",""
"fixed_alpha0.7_adult_gender_seed17","finished","-","","FixedAlpha_sweep","2026-07-22T18:48:33.000Z","181","oitu96yq","","","","","17","0.7","","","","","","","","","","","","","","","","","","","","","0.844776119402985","0.057940015890776554","0.06746528657787676","30","-0.13655660528663202","0.6079738600879696","","","",""
"fixed_alpha0.7_adult_gender_seed16","finished","-","","FixedAlpha_sweep","2026-07-22T18:48:33.000Z","181","oitu96yq","","","","","16","0.7","","","","","","","","","","","","","","","","","","","","","0.8454394693200663","0.05096327986858197","0.059439096483742904","30","-0.13823687639219542","0.6086121510106621","","","",""
"fixed_alpha0.7_adult_gender_seed15","finished","-","","FixedAlpha_sweep","2026-07-22T18:45:34.000Z","175","oitu96yq","","","","","15","0.7","","","","","","","","","","","","","","","","","","","","","0.8440022111663903","0.04481211030192483","0.041654606886147194","30","-0.13945371356416256","0.6086182505526441","","","",""
"fixed_alpha0.7_adult_gender_seed14","finished","-","","FixedAlpha_sweep","2026-07-22T18:45:33.000Z","176","oitu96yq","","","","","14","0.7","","","","","","","","","","","","","","","","","","","","","0.8448866777224986","0.05338792522125421","0.06042587396542076","30","-0.1396945021676679","0.6072523995494166","","","",""
"fixed_alpha0.7_adult_gender_seed13","finished","-","","FixedAlpha_sweep","2026-07-22T18:45:32.000Z","178","oitu96yq","","","","","13","0.7","","","","","","","","","","","","","","","","","","","","","0.8451077943615257","0.039922382917895155","0.02826262677766156","30","-0.13775206341388377","0.6082983274831839","","","",""
"fixed_alpha0.7_adult_gender_seed12","finished","-","","FixedAlpha_sweep","2026-07-22T18:45:30.000Z","178","oitu96yq","","","","","12","0.7","","","","","","","","","","","","","","","","","","","","","0.8441127694859039","0.05298891979901792","0.055604461194000754","30","-0.1382019559965066","0.608406996050625","","","",""
"fixed_alpha0.7_adult_gender_seed11","finished","-","","FixedAlpha_sweep","2026-07-22T18:42:33.000Z","177","oitu96yq","","","","","11","0.7","","","","","","","","","","","","","","","","","","","","","0.8413488114980652","0.05974742208706286","0.07553496686497196","30","-0.13933330636920657","0.6081546164573507","","","",""
"fixed_alpha0.7_adult_gender_seed10","finished","-","","FixedAlpha_sweep","2026-07-22T18:42:32.000Z","176","oitu96yq","","","","","10","0.7","","","","","","","","","","","","","","","","","","","","","0.8479823106688779","0.05359433252740448","0.07201526055874408","30","-0.13673484568477523","0.6077731184080137","","","",""
"fixed_alpha0.7_adult_gender_seed9","finished","-","","FixedAlpha_sweep","2026-07-22T18:42:30.000Z","180","oitu96yq","","","","","9","0.7","","","","","","","","","","","","","","","","","","","","","0.8440022111663903","0.043435818873972534","0.035173068473059343","30","-0.1372476691472615","0.6081045071283976","","","",""
"fixed_alpha0.7_adult_gender_seed8","finished","-","","FixedAlpha_sweep","2026-07-22T18:42:29.000Z","180","oitu96yq","","","","","8","0.7","","","","","","","","","","","","","","","","","","","","","0.8449972360420122","0.057927947519248","0.06241442554703913","30","-0.1387622854176988","0.6079468452338631","","","",""
"fixed_alpha0.7_adult_gender_seed7","finished","-","","FixedAlpha_sweep","2026-07-22T18:39:29.000Z","178","oitu96yq","","","","","7","0.7","","","","","","","","","","","","","","","","","","","","","0.840906578220011","0.05076397659732056","0.03856380386222902","30","-0.13801225258948954","0.6080035081146457","","","",""
"fixed_alpha0.7_adult_gender_seed6","finished","-","","FixedAlpha_sweep","2026-07-22T18:39:29.000Z","177","oitu96yq","","","","","6","0.7","","","","","","","","","","","","","","","","","","","","","0.8431177446102819","0.042266879257789575","0.038865235889307015","30","-0.138762041397974","0.6090259163092214","","","",""
"fixed_alpha0.7_adult_gender_seed4","finished","-","","FixedAlpha_sweep","2026-07-22T18:39:25.000Z","181","oitu96yq","","","","","4","0.7","","","","","","","","","","","","","","","","","","","","","0.8405749032614704","0.03218815187511573","0.006818962323995925","30","-0.1399815040277251","0.6078344723011585","","","",""
"fixed_alpha0.7_adult_gender_seed5","finished","-","","FixedAlpha_sweep","2026-07-22T18:39:25.000Z","182","oitu96yq","","","","","5","0.7","","","","","","","","","","","","","","","","","","","","","0.839469320066335","0.06478051913486843","0.08274534092562125","30","-0.14061260477025458","0.6080709936770987","","","",""
"fixed_alpha0.7_adult_gender_seed3","finished","-","","FixedAlpha_sweep","2026-07-22T18:36:47.000Z","156","oitu96yq","","","","","3","0.7","","","","","","","","","","","","","","","","","","","","","0.8405749032614704","0.0635871120975734","0.08586463752423834","30","-0.13890588125015826","0.6088276277197168","","","",""
"fixed_alpha0.7_adult_gender_seed2","finished","-","","FixedAlpha_sweep","2026-07-22T18:36:44.000Z","158","oitu96yq","","","","","2","0.7","","","","","","","","","","","","","","","","","","","","","0.8426755113322277","0.04966192656776773","0.04669047129872217","30","-0.1389632375105053","0.6076053727603128","","","",""
"fixed_alpha0.7_adult_gender_seed0","finished","-","","FixedAlpha_sweep","2026-07-22T18:36:37.000Z","165","oitu96yq","","","","","0","0.7","","","","","","","","","","","","","","","","","","","","","0.8466556108347153","0.04905547459220394","0.051082980787832355","30","-0.13704548881831743","0.6086274009224371","","","",""
"fixed_alpha0.7_adult_gender_seed1","finished","-","","FixedAlpha_sweep","2026-07-22T18:36:37.000Z","165","oitu96yq","","","","","1","0.7","","","","","","","","","","","","","","","","","","","","","0.8391376451077943","0.05104300797110249","0.06285832544761161","30","-0.14146004215622623","0.6078645997013606","","","",""
"fixed_alpha0.470806_adult_gender_seed29","finished","-","","FixedAlpha_sweep","2026-07-22T18:34:06.000Z","156","oitu96yq","","","","","29","0.4708055927870487","","","","","","","","","","","","","","","","","","","","","0.843338861249309","0.03416522345507159","0.012396204655850118","30","0.0017329526285753182","0.5998900469313276","","","",""
"fixed_alpha0.470806_adult_gender_seed28","finished","-","","FixedAlpha_sweep","2026-07-22T18:34:04.000Z","156","oitu96yq","","","","","28","0.4708055927870487","","","","","","","","","","","","","","","","","","","","","0.8424543946932007","0.03021287754468588","0.012226742869482998","30","-0.0020303291843292563","0.5992416443554223","","","",""
"fixed_alpha0.470806_adult_gender_seed27","finished","-","","FixedAlpha_sweep","2026-07-22T18:33:54.000Z","158","oitu96yq","","","","","27","0.4708055927870487","","","","","","","","","","","","","","","","","","","","","0.8430071862907684","0.036540279578550584","0.01982402968130681","30","-0.0005494952201843262","0.6005629013616143","","","",""
"fixed_alpha0.470806_adult_gender_seed26","finished","-","","FixedAlpha_sweep","2026-07-22T18:33:53.000Z","159","oitu96yq","","","","","26","0.4708055927870487","","","","","","","","","","","","","","","","","","","","","0.845771144278607","0.0721203377631212","0.06831259550971258","30","0.00034353147584495816","0.5993557635774004","","","",""
"fixed_alpha0.470806_adult_gender_seed25","finished","-","","FixedAlpha_sweep","2026-07-22T18:31:13.000Z","171","oitu96yq","","","","","25","0.4708055927870487","","","","","","","","","","","","","","","","","","","","","0.8477611940298507","0.029173111436624887","0.002709888920048531","30","0.00018440651978161317","0.6003093360163642","","","",""
"fixed_alpha0.470806_adult_gender_seed24","finished","-","","FixedAlpha_sweep","2026-07-22T18:31:09.000Z","169","oitu96yq","","","","","24","0.4708055927870487","","","","","","","","","","","","","","","","","","","","","0.8443338861249309","0.053204150878476145","0.03577743218904139","30","-0.000992970792114312","0.600272167236247","","","",""
"fixed_alpha0.470806_adult_gender_seed23","finished","-","","FixedAlpha_sweep","2026-07-22T18:31:01.000Z","169","oitu96yq","","","","","23","0.4708055927870487","","","","","","","","","","","","","","","","","","","","","0.8427860696517413","0.045716092687513275","0.03900770376280149","30","-0.0004564918947558031","0.5997207938356602","","","",""
"fixed_alpha0.470806_adult_gender_seed22","finished","-","","FixedAlpha_sweep","2026-07-22T18:31:00.000Z","170","oitu96yq","","","","","22","0.4708055927870487","","","","","","","","","","","","","","","","","","","","","0.8417910447761194","0.043072370805771504","0.02048238122303414","30","0.000682266151651423","0.60067318221356","","","",""
"fixed_alpha0.470806_adult_gender_seed21","finished","-","","FixedAlpha_sweep","2026-07-22T18:28:03.000Z","184","oitu96yq","","","","","21","0.4708055927870487","","","","","","","","","","","","","","","","","","","","","0.8435599778883361","0.03968488562653189","0.01457371362757698","30","0.0010643099428068665","0.5998938083648682","","","",""
"fixed_alpha0.470806_adult_gender_seed20","finished","-","","FixedAlpha_sweep","2026-07-22T18:27:54.000Z","189","oitu96yq","","","","","20","0.4708055927870487","","","","","","","","","","","","","","","","","","","","","0.8454394693200663","0.03823565163056496","0.015503503959857","30","-0.0024616055666132177","0.6006692783206913","","","",""
"fixed_alpha0.470806_adult_gender_seed19","finished","-","","FixedAlpha_sweep","2026-07-22T18:27:50.000Z","184","oitu96yq","","","","","19","0.4708055927870487","","","","","","","","","","","","","","","","","","","","","0.8467661691542289","0.05059643827844916","0.03135642912523229","30","0.0012495083377716389","0.6007474703146211","","","",""
"fixed_alpha0.470806_adult_gender_seed18","finished","-","","FixedAlpha_sweep","2026-07-22T18:27:47.000Z","188","oitu96yq","","","","","18","0.4708055927870487","","","","","","","","","","","","","","","","","","","","","0.8428966279712549","0.043360620303067005","0.018576311041859972","30","0.0003164894614659303","0.6003880695248327","","","",""
"fixed_alpha0.470806_adult_gender_seed17","finished","-","","FixedAlpha_sweep","2026-07-22T18:24:39.000Z","186","oitu96yq","","","","","17","0.4708055927870487","","","","","","","","","","","","","","","","","","","","","0.8430071862907684","0.04031345295698619","0.03045213304399852","30","0.000961885173270043","0.6000853781159042","","","",""
"fixed_alpha0.470806_adult_gender_seed16","finished","-","","FixedAlpha_sweep","2026-07-22T18:24:35.000Z","191","oitu96yq","","","","","16","0.4708055927870487","","","","","","","","","","","","","","","","","","","","","0.8462133775566612","0.029163714178949845","0.003954608235842927","30","-0.00016774691588489722","0.5998764752496218","","","",""
"fixed_alpha0.470806_adult_gender_seed15","finished","-","","FixedAlpha_sweep","2026-07-22T18:24:34.000Z","185","oitu96yq","","","","","15","0.4708055927870487","","","","","","","","","","","","","","","","","","","","","0.8435599778883361","0.03921305274709892","0.01388686851115073","30","0.00033331244972580716","0.600860908521828","","","",""
"fixed_alpha0.470806_adult_gender_seed14","finished","-","","FixedAlpha_sweep","2026-07-22T18:24:31.000Z","203","oitu96yq","","","","","14","0.4708055927870487","","","","","","","","","","","","","","","","","","","","","0.8476506357103372","0.04407446941312715","0.02105525204066483","30","-0.0005570416543500643","0.5999572200978056","","","",""
"fixed_alpha0.470806_adult_gender_seed13","finished","-","","FixedAlpha_sweep","2026-07-22T18:21:27.000Z","178","oitu96yq","","","","","13","0.4708055927870487","","","","","","","","","","","","","","","","","","","","","0.8432283029297954","0.038754165150860255","0.01155489437131918","30","-0.0029902259508768716","0.6007303164360371","","","",""
"fixed_alpha0.470806_adult_gender_seed12","finished","-","","FixedAlpha_sweep","2026-07-22T18:21:25.000Z","184","oitu96yq","","","","","12","0.4708055927870487","","","","","","","","","","","","","","","","","","","","","0.8451077943615257","0.04045143504906472","0.025687707421976347","30","-0.0002351173906461567","0.6010255991144383","","","",""
"fixed_alpha0.470806_adult_gender_seed11","finished","-","","FixedAlpha_sweep","2026-07-22T18:21:25.000Z","187","oitu96yq","","","","","11","0.4708055927870487","","","","","","","","","","","","","","","","","","","","","0.8436705362078496","0.02926539858775861","0.00887649834962212","30","0.0013416959038862943","0.600442757420506","","","",""
"fixed_alpha0.470806_adult_gender_seed10","finished","-","","FixedAlpha_sweep","2026-07-22T18:21:24.000Z","182","oitu96yq","","","","","10","0.4708055927870487","","","","","","","","","","","","","","","","","","","","","0.844776119402985","0.03832826835740005","0.031854316851550046","30","-0.0017148534245524849","0.6000790773554051","","","",""
"fixed_alpha0.470806_adult_gender_seed9","finished","-","","FixedAlpha_sweep","2026-07-22T18:18:28.000Z","173","oitu96yq","","","","","9","0.4708055927870487","","","","","","","","","","","","","","","","","","","","","0.8461028192371476","0.038395413854464225","0.007978200915693567","30","-0.0019168333804353752","0.6002636906948495","","","",""
"fixed_alpha0.470806_adult_gender_seed7","finished","-","","FixedAlpha_sweep","2026-07-22T18:18:27.000Z","174","oitu96yq","","","","","7","0.4708055927870487","","","","","","","","","","","","","","","","","","","","","0.8435599778883361","0.040413696176059034","0.02040739813172132","30","-0.0008084063834332406","0.5995552793462225","","","",""
"fixed_alpha0.470806_adult_gender_seed8","finished","-","","FixedAlpha_sweep","2026-07-22T18:18:27.000Z","173","oitu96yq","","","","","8","0.4708055927870487","","","","","","","","","","","","","","","","","","","","","0.8440022111663903","0.04066520932227927","0.021352185082263997","30","-0.0012554922636519089","0.6001603375089929","","","",""
"fixed_alpha0.470806_adult_gender_seed6","finished","-","","FixedAlpha_sweep","2026-07-22T18:18:26.000Z","175","oitu96yq","","","","","6","0.4708055927870487","","","","","","","","","","","","","","","","","","","","","0.8446655610834716","0.02860760822095209","0.00905045912146818","30","0.001347307195054724","0.6005374193191528","","","",""
"fixed_alpha0.470806_adult_gender_seed5","finished","-","","FixedAlpha_sweep","2026-07-22T18:15:30.000Z","173","oitu96yq","","","","","5","0.4708055927870487","","","","","","","","","","","","","","","","","","","","","0.8420121614151465","0.03856730181962836","0.01025318790612717","30","0.0003664643629222897","0.6000751269624588","","","",""
"fixed_alpha0.470806_adult_gender_seed4","finished","-","","FixedAlpha_sweep","2026-07-22T18:15:28.000Z","174","oitu96yq","","","","","4","0.4708055927870487","","","","","","","","","","","","","","","","","","","","","0.8443338861249309","0.04271010158268419","0.0209802689493519","30","-0.0002514570951461792","0.600453460892887","","","",""
"fixed_alpha0.470806_adult_gender_seed2","finished","-","","FixedAlpha_sweep","2026-07-22T18:15:27.000Z","176","oitu96yq","","","","","2","0.4708055927870487","","","","","","","","","","","","","","","","","","","","","0.8448866777224986","0.03501443395563354","0.0014216794112927866","30","0.0010712517702833135","0.599799059384258","","","",""
"fixed_alpha0.470806_adult_gender_seed3","finished","-","","FixedAlpha_sweep","2026-07-22T18:15:27.000Z","176","oitu96yq","","","","","3","0.4708055927870487","","","","","","","","","","","","","","","","","","","","","0.8462133775566612","0.03978688307594039","0.02680345582071242","30","-0.0004314417746050138","0.6002982267251251","","","",""
"fixed_alpha0.470806_adult_gender_seed1","finished","-","","FixedAlpha_sweep","2026-07-22T18:12:35.000Z","169","oitu96yq","","","","","1","0.4708055927870487","","","","","","","","","","","","","","","","","","","","","0.8451077943615257","0.05001523706074065","0.0438291165342215","30","0.0003884889132587622","0.5991896860142971","","","",""
"fixed_alpha0.470806_adult_gender_seed0","finished","-","","FixedAlpha_sweep","2026-07-22T18:12:34.000Z","171","oitu96yq","","","","","0","0.4708055927870487","","","","","","","","","","","","","","","","","","","","","0.8453289110005527","0.03173231111092366","0.0035856914265833817","30","-0.00046088055093237697","0.5995693299787265","","","",""
"fixed_alpha0.3_adult_gender_seed29","finished","-","","FixedAlpha_sweep","2026-07-22T18:12:33.000Z","171","oitu96yq","","","","","29","0.3","","","","","","","","","","","","","","","","","","","","","0.8435599778883361","0.04242599755529666","0.01955259089075412","30","0.10316624825305128","0.5905249727533218","","","",""
"fixed_alpha0.3_adult_gender_seed28","finished","-","","FixedAlpha_sweep","2026-07-22T18:12:32.000Z","172","oitu96yq","","","","","28","0.3","","","","","","","","","","","","","","","","","","","","","0.8473189607517966","0.03258033672750619","0.003614185001282189","30","0.10351569781489406","0.5893742027857625","","","",""
"fixed_alpha0.3_adult_gender_seed27","finished","-","","FixedAlpha_sweep","2026-07-22T18:09:35.000Z","177","oitu96yq","","","","","27","0.3","","","","","","","","","","","","","","","","","","","","","0.843338861249309","0.06626214818234254","0.0702861504730683","30","0.1002501367677188","0.590724822899974","","","",""
"fixed_alpha0.3_adult_gender_seed25","finished","-","","FixedAlpha_sweep","2026-07-22T18:09:35.000Z","174","oitu96yq","","","","","25","0.3","","","","","","","","","","","","","","","","","","","","","0.8452183526810393","0.03647801177668559","0.012327220211842184","30","0.10340829066773678","0.5920145025490023","","","",""
"fixed_alpha0.3_adult_gender_seed26","finished","-","","FixedAlpha_sweep","2026-07-22T18:09:35.000Z","173","oitu96yq","","","","","26","0.3","","","","","","","","","","","","","","","","","","","","","0.8475400773908237","0.07559625026150363","0.07186079539063939","30","0.10169887986588984","0.5912735922962216","","","",""
"fixed_alpha0.3_adult_gender_seed24","finished","-","","FixedAlpha_sweep","2026-07-22T18:09:34.000Z","174","oitu96yq","","","","","24","0.3","","","","","","","","","","","","","","","","","","","","","0.8428966279712549","0.049458259071777984","0.026963919636122102","30","0.1015827550110242","0.5915734615731747","","","",""
"fixed_alpha0.3_adult_gender_seed23","finished","-","","FixedAlpha_sweep","2026-07-22T18:06:58.000Z","152","oitu96yq","","","","","23","0.3","","","","","","","","","","","","","","","","","","","","","0.8442233278054173","0.03620787065612979","0.000223449612112403","30","0.10012850440140313","0.5902441275035236","","","",""
"fixed_alpha0.3_adult_gender_seed22","finished","-","","FixedAlpha_sweep","2026-07-22T18:06:57.000Z","152","oitu96yq","","","","","22","0.3","","","","","","","","","","","","","","","","","","","","","0.8464344941956883","0.04157779525265652","0.017592532883834777","30","0.0991686556144809","0.5903548103697757","","","",""
"fixed_alpha0.3_adult_gender_seed20","finished","-","","FixedAlpha_sweep","2026-07-22T18:06:56.000Z","154","oitu96yq","","","","","20","0.3","","","","","","","","","","","","","","","","","","","","","0.8446655610834716","0.06064535079209161","0.04679394796473402","30","0.10051651203885992","0.591507983968613","","","",""
"fixed_alpha0.3_adult_gender_seed21","finished","-","","FixedAlpha_sweep","2026-07-22T18:06:56.000Z","154","oitu96yq","","","","","21","0.3","","","","","","","","","","","","","","","","","","","","","0.8449972360420122","0.06281415504328315","0.04356067706732125","30","0.10191566756008363","0.5921423333756467","","","",""
"fixed_alpha0.3_adult_gender_seed19","finished","-","","FixedAlpha_sweep","2026-07-22T18:04:19.000Z","154","oitu96yq","","","","","19","0.3","","","","","","","","","","","","","","","","","","","","","0.8432283029297954","0.06544509710064354","0.043532183492622445","30","0.10313409693697666","0.5914645025916133","","","",""
"fixed_alpha0.3_adult_gender_seed18","finished","-","","FixedAlpha_sweep","2026-07-22T18:04:19.000Z","154","oitu96yq","","","","","18","0.3","","","","","","","","","","","","","","","","","","","","","0.8448866777224986","0.04597767155690471","0.018622800558474095","30","0.1007596916974859","0.5912102118451544","","","",""
"fixed_alpha0.3_adult_gender_seed17","finished","-","","FixedAlpha_sweep","2026-07-22T18:04:16.000Z","157","oitu96yq","","","","","17","0.3","","","","","","","","","","","","","","","","","","","","","0.8430071862907684","0.0424801022291072","0.020081971515423347","30","0.10169931411320436","0.59054445374942","","","",""
"fixed_alpha0.3_adult_gender_seed16","finished","-","","FixedAlpha_sweep","2026-07-22T18:04:16.000Z","157","oitu96yq","","","","","16","0.3","","","","","","","","","","","","","","","","","","","","","0.845992260917634","0.030471837581522075","0.004944385041173227","30","0.10248958514937272","0.5921503216662305","","","",""
"fixed_alpha0.3_adult_gender_seed15","finished","-","","FixedAlpha_sweep","2026-07-22T18:01:28.000Z","165","oitu96yq","","","","","15","0.3","","","","","","","","","","","","","","","","","","","","","0.8479823106688779","0.04295094323798268","0.022571410147011917","30","0.10046689571641015","0.5914466359936599","","","",""
"fixed_alpha0.3_adult_gender_seed14","finished","-","","FixedAlpha_sweep","2026-07-22T18:01:27.000Z","167","oitu96yq","","","","","14","0.3","","","","","","","","","","","","","","","","","","","","","0.8456605859590934","0.035292948124112336","0.0013931858365937575","30","0.10158985810922393","0.5915865737495692","","","",""
"fixed_alpha0.3_adult_gender_seed13","finished","-","","FixedAlpha_sweep","2026-07-22T18:01:24.000Z","169","oitu96yq","","","","","13","0.3","","","","","","","","","","","","","","","","","","","","","0.8425649530127142","0.05526184677135778","0.02902445498540074","30","0.10392841739011996","0.5896448049139469","","","",""
"fixed_alpha0.3_adult_gender_seed12","finished","-","","FixedAlpha_sweep","2026-07-22T18:01:22.000Z","171","oitu96yq","","","","","12","0.3","","","","","","","","","","","","","","","","","","","","","0.8455500276395799","0.04771172639678007","0.03554798392962388","30","0.1023239645552128","0.592010607533421","","","",""
"fixed_alpha0.3_adult_gender_seed11","finished","-","","FixedAlpha_sweep","2026-07-22T17:58:29.000Z","176","oitu96yq","","","","","11","0.3","","","","","","","","","","","","","","","","","","","","","0.8441127694859039","0.04964794532430534","0.03626332262074905","30","0.10001070913693584","0.5918632441378654","","","",""
"fixed_alpha0.3_adult_gender_seed10","finished","-","","FixedAlpha_sweep","2026-07-22T17:58:28.000Z","178","oitu96yq","","","","","10","0.3","","","","","","","","","","","","","","","","","","","","","0.8456605859590934","0.02937134742313296","0.0018085921624674264","30","0.10200275702679412","0.5906123738762334","","","",""
"fixed_alpha0.3_adult_gender_seed9","finished","-","","FixedAlpha_sweep","2026-07-22T17:58:18.000Z","181","oitu96yq","","","","","9","0.3","","","","","","","","","","","","","","","","","","","","","0.8435599778883361","0.04534520223805211","0.016662742551554643","30","0.10214216912046392","0.5917525430943104","","","",""
"fixed_alpha0.3_adult_gender_seed8","finished","-","","FixedAlpha_sweep","2026-07-22T17:58:14.000Z","185","oitu96yq","","","","","8","0.3","","","","","","","","","","","","","","","","","","","","","0.844776119402985","0.04102388983713878","0.01121147181310611","30","0.10268469070289152","0.5910428800481431","","","",""
"fixed_alpha0.3_adult_gender_seed7","finished","-","","FixedAlpha_sweep","2026-07-22T17:55:25.000Z","179","oitu96yq","","","","","7","0.3","","","","","","","","","","","","","","","","","","","","","0.844555002763958","0.04125352493933824","0.01056811688964132","30","0.10028871175245192","0.5898632466370333","","","",""
"fixed_alpha0.3_adult_gender_seed6","finished","-","","FixedAlpha_sweep","2026-07-22T17:55:24.000Z","180","oitu96yq","","","","","6","0.3","","","","","","","","","","","","","","","","","","","","","0.8451077943615257","0.06993297689821296","0.07533701150390582","30","0.10031446127604084","0.5924779151348357","","","",""
"fixed_alpha0.3_adult_gender_seed4","finished","-","","FixedAlpha_sweep","2026-07-22T17:55:03.000Z","188","oitu96yq","","","","","4","0.3","","","","","","","","","","","","","","","","","","","","","0.844776119402985","0.05426652971242361","0.034217783889732845","30","0.1016756941874822","0.5920766490571042","","","",""
"fixed_alpha0.3_adult_gender_seed5","finished","-","","FixedAlpha_sweep","2026-07-22T17:55:03.000Z","189","oitu96yq","","","","","5","0.3","","","","","","","","","","","","","","","","","","","","","0.841901603095633","0.07641638192065006","0.07435023402222796","30","0.10099016859176312","0.5908166766166687","","","",""
"fixed_alpha0.3_adult_gender_seed2","finished","-","","FixedAlpha_sweep","2026-07-22T17:52:31.000Z","170","oitu96yq","","","","","2","0.3","","","","","","","","","","","","","","","","","","","","","0.8437810945273632","0.04365465738131559","0.014702684544635192","30","0.10119635109783064","0.5902456873697592","","","",""
"fixed_alpha0.3_adult_gender_seed3","finished","-","","FixedAlpha_sweep","2026-07-22T17:52:31.000Z","170","oitu96yq","","","","","3","0.3","","","","","","","","","","","","","","","","","","","","","0.8432283029297954","0.03455317167507636","0.0013107044361496678","30","0.09930896959828991","0.5917467094482259","","","",""
"fixed_alpha0.3_adult_gender_seed1","finished","-","","FixedAlpha_sweep","2026-07-22T17:52:03.000Z","173","oitu96yq","","","","","1","0.3","","","","","","","","","","","","","","","","","","","","","0.8452183526810393","0.03490923857759315","0.007717259757924588","30","0.10347568714026864","0.5910244681310992","","","",""
"fixed_alpha0.3_adult_gender_seed0","finished","-","","FixedAlpha_sweep","2026-07-22T17:52:01.000Z","174","oitu96yq","","","","","0","0.3","","","","","","","","","","","","","","","","","","","","","0.8470978441127694","0.03691961011095781","0.007820736423936436","30","0.10298490513723792","0.5919968468923096","","","",""
"fixed_alpha0.2_adult_gender_seed29","finished","-","","FixedAlpha_sweep","2026-07-22T17:49:32.000Z","174","oitu96yq","","","","","29","0.2","","","","","","","","","","","","","","","","","","","","","0.8452183526810393","0.06971171701681063","0.06929937299139044","30","0.16309172792214874","0.5843793132626418","","","",""
"fixed_alpha0.2_adult_gender_seed28","finished","-","","FixedAlpha_sweep","2026-07-22T17:49:32.000Z","174","oitu96yq","","","","","28","0.2","","","","","","","","","","","","","","","","","","","","","0.8427860696517413","0.04413270468302805","0.02315777792107876","30","0.16034069694314443","0.5836837946945894","","","",""
"fixed_alpha0.2_adult_gender_seed27","finished","-","","FixedAlpha_sweep","2026-07-22T17:49:04.000Z","173","oitu96yq","","","","","27","0.2","","","","","","","","","","","","","","","","","","","","","0.8464344941956883","0.06604959367652101","0.06898444400787618","30","0.1606889598547144","0.5849410029167824","","","",""
"fixed_alpha0.2_adult_gender_seed26","finished","-","","FixedAlpha_sweep","2026-07-22T17:48:51.000Z","185","oitu96yq","","","","","26","0.2","","","","","","","","","","","","","","","","","","","","","0.8454394693200663","0.07850225905848765","0.07967253384361828","30","0.16014034929850424","0.5840468309449811","","","",""
"fixed_alpha0.2_adult_gender_seed25","finished","-","","FixedAlpha_sweep","2026-07-22T17:46:28.000Z","177","oitu96yq","","","","","25","0.2","","","","","","","","","","","","","","","","","","","","","0.8446655610834716","0.05766267522710605","0.042530409392681934","30","0.16007131327551308","0.5848491741410384","","","",""
"fixed_alpha0.2_adult_gender_seed24","finished","-","","FixedAlpha_sweep","2026-07-22T17:46:27.000Z","178","oitu96yq","","","","","24","0.2","","","","","","","","","","","","","","","","","","","","","0.8452183526810393","0.07540365229734386","0.07045861158308808","30","0.15975786851230242","0.5856559065216822","","","",""
"fixed_alpha0.2_adult_gender_seed23","finished","-","","FixedAlpha_sweep","2026-07-22T17:46:05.000Z","177","oitu96yq","","","","","23","0.2","","","","","","","","","","","","","","","","","","","","","0.8454394693200663","0.044912929429491","0.017749997375591797","30","0.1602096106883482","0.583875741941709","","","",""
"fixed_alpha0.2_adult_gender_seed22","finished","-","","FixedAlpha_sweep","2026-07-22T17:45:45.000Z","178","oitu96yq","","","","","22","0.2","","","","","","","","","","","","","","","","","","","","","0.8462133775566612","0.08553510350520377","0.09489560104196504","30","0.1576701895142278","0.5853256591668365","","","",""
"fixed_alpha0.2_adult_gender_seed21","finished","-","","FixedAlpha_sweep","2026-07-22T17:43:24.000Z","176","oitu96yq","","","","","21","0.2","","","","","","","","","","","","","","","","","","","","","0.8441127694859039","0.0725025380701722","0.06625206016043383","30","0.16186360930297392","0.5849032034265235","","","",""
"fixed_alpha0.2_adult_gender_seed20","finished","-","","FixedAlpha_sweep","2026-07-22T17:43:23.000Z","178","oitu96yq","","","","","20","0.2","","","","","","","","","","","","","","","","","","","","","0.8461028192371476","0.05936561477599665","0.04772373829701404","30","0.16058705910934623","0.5842652971862902","","","",""
"fixed_alpha0.2_adult_gender_seed19","finished","-","","FixedAlpha_sweep","2026-07-22T17:43:06.000Z","177","oitu96yq","","","","","19","0.2","","","","","","","","","","","","","","","","","","","","","0.8427860696517413","0.09244432159905028","0.10111919762093646","30","0.1594614787093291","0.5851853625148746","","","",""
"fixed_alpha0.2_adult_gender_seed18","finished","-","","FixedAlpha_sweep","2026-07-22T17:42:41.000Z","179","oitu96yq","","","","","18","0.2","","","","","","","","","","","","","","","","","","","","","0.8444444444444444","0.06328870806279208","0.057939434657484745","30","0.15899887490779796","0.5843706177481522","","","",""
"fixed_alpha0.2_adult_gender_seed17","finished","-","","FixedAlpha_sweep","2026-07-22T17:40:20.000Z","177","oitu96yq","","","","","17","0.2","","","","","","","","","","","","","","","","","","","","","0.8448866777224986","0.03927362897606951","0.01086804925489293","30","0.16158445533497115","0.5837201903052364","","","",""
"fixed_alpha0.2_adult_gender_seed16","finished","-","","FixedAlpha_sweep","2026-07-22T17:40:18.000Z","179","oitu96yq","","","","","16","0.2","","","","","","","","","","","","","","","","","","","","","0.8434494195688226","0.06256729188301183","0.05534951868353677","30","0.1604502224858771","0.5844136007288669","","","",""
"fixed_alpha0.2_adult_gender_seed15","finished","-","","FixedAlpha_sweep","2026-07-22T17:40:02.000Z","179","oitu96yq","","","","","15","0.2","","","","","","","","","","","","","","","","","","","","","0.8454394693200663","0.066524584512734","0.060428873289073315","30","0.16266686574998476","0.5842194430371548","","","",""
"fixed_alpha0.2_adult_gender_seed14","finished","-","","FixedAlpha_sweep","2026-07-22T17:39:36.000Z","180","oitu96yq","","","","","14","0.2","","","","","","","","","","","","","","","","","","","","","0.8480928689883914","0.05084922457571439","0.02634905828735623","30","0.16018913147297312","0.5851594945217701","","","",""
"fixed_alpha0.2_adult_gender_seed13","finished","-","","FixedAlpha_sweep","2026-07-22T17:37:21.000Z","173","oitu96yq","","","","","13","0.2","","","","","","","","","","","","","","","","","","","","","0.8446655610834716","0.06492584665811593","0.05112947030444637","30","0.1611032860076174","0.5852411761351511","","","",""
"fixed_alpha0.2_adult_gender_seed12","finished","-","","FixedAlpha_sweep","2026-07-22T17:37:19.000Z","174","oitu96yq","","","","","12","0.2","","","","","","","","","","","","","","","","","","","","","0.8434494195688226","0.06459489052402087","0.05585040573350708","30","0.16027544919692033","0.5843716272225616","","","",""
"fixed_alpha0.2_adult_gender_seed11","finished","-","","FixedAlpha_sweep","2026-07-22T17:37:07.000Z","169","oitu96yq","","","","","11","0.2","","","","","","","","","","","","","","","","","","","","","0.8426755113322277","0.05486678690395897","0.04510532874836726","30","0.1607304405130393","0.584981269870244","","","",""
"fixed_alpha0.2_adult_gender_seed10","finished","-","","FixedAlpha_sweep","2026-07-22T17:36:41.000Z","171","oitu96yq","","","","","10","0.2","","","","","","","","","","","","","","","","","","","","","0.8436705362078496","0.03137923576762781","0.0010647598966433414","30","0.16123932858942247","0.5832428200870541","","","",""
"fixed_alpha0.2_adult_gender_seed9","finished","-","","FixedAlpha_sweep","2026-07-22T17:34:35.000Z","157","oitu96yq","","","","","9","0.2","","","","","","","","","","","","","","","","","","","","","0.8441127694859039","0.06534551703920984","0.05274610575315264","30","0.16099490547645176","0.5843114070858516","","","",""
"fixed_alpha0.2_adult_gender_seed8","finished","-","","FixedAlpha_sweep","2026-07-22T17:34:04.000Z","191","oitu96yq","","","","","8","0.2","","","","","","","","","","","","","","","","","","","","","0.8456605859590934","0.06011321280745109","0.04801017370582927","30","0.15890462257972","0.5840722901601318","","","",""
"fixed_alpha0.2_adult_gender_seed7","finished","-","","FixedAlpha_sweep","2026-07-22T17:33:43.000Z","197","oitu96yq","","","","","7","0.2","","","","","","","","","","","","","","","","","","","","","0.8449972360420122","0.0773848808140231","0.06396357621356374","30","0.16061850991232177","0.5844715076980861","","","",""
"fixed_alpha0.2_adult_gender_seed6","finished","-","","FixedAlpha_sweep","2026-07-22T17:32:52.000Z","218","oitu96yq","","","","","6","0.2","","","","","","","","","","","","","","","","","","","","","0.8452183526810393","0.06643203405807976","0.07367688586223814","30","0.1601892663760388","0.5845905529691818","","","",""
"fixed_alpha0.2_adult_gender_seed5","finished","-","","FixedAlpha_sweep","2026-07-22T17:31:32.000Z","176","oitu96yq","","","","","5","0.2","","","","","","","","","","","","","","","","","","","","","0.8435599778883361","0.06029922861498866","0.040355899744607626","30","0.16193495194117227","0.5831623897484853","","","",""
"fixed_alpha0.2_adult_gender_seed4","finished","-","","FixedAlpha_sweep","2026-07-22T17:30:50.000Z","168","oitu96yq","","","","","4","0.2","","","","","","","","","","","","","","","","","","","","","0.8461028192371476","0.08574936446941854","0.08319224014984616","30","0.15936077750743705","0.5849992429956477","","","",""
"fixed_alpha0.2_adult_gender_seed3","finished","-","","FixedAlpha_sweep","2026-07-22T17:29:37.000Z","192","oitu96yq","","","","","3","0.2","","","","","","","","","","","","","","","","","","","","","0.8446655610834716","0.04836546464918254","0.029109935709497492","30","0.15838429083426794","0.5853538280683206","","","",""
"fixed_alpha0.2_adult_gender_seed2","finished","-","","FixedAlpha_sweep","2026-07-22T17:29:35.000Z","264","oitu96yq","","","","","2","0.2","","","","","","","","","","","","","","","","","","","","","0.8443338861249309","0.0710308512915374","0.06330522467183652","30","0.16119733230864747","0.5838980670516373","","","",""
"fixed_alpha0.2_adult_gender_seed1","finished","-","","FixedAlpha_sweep","2026-07-22T17:28:14.000Z","190","oitu96yq","","","","","1","0.2","","","","","","","","","","","","","","","","","","","","","0.845771144278607","0.03486574258533685","0.0029528341359024157","30","0.157723734459133","0.5850473097030152","","","",""
"fixed_alpha0.2_adult_gender_seed0","finished","-","","FixedAlpha_sweep","2026-07-22T17:27:29.000Z","185","oitu96yq","","","","","0","0.2","","","","","","","","","","","","","","","","","","","","","0.847208402432283","0.05419766088235299","0.03612085474725457","30","0.15747628699169092","0.5837112948404136","","","",""
"fixed_alpha0.1_adult_gender_seed29","finished","-","","FixedAlpha_sweep","2026-07-22T17:26:38.000Z","173","oitu96yq","","","","","29","0.1","","","","","","","","","","","","","","","","","","","","","0.8451077943615257","0.07675322796960946","0.0788282242354349","30","0.21908835950472677","0.5772350468534104","","","",""
"fixed_alpha0.1_adult_gender_seed28","finished","-","","FixedAlpha_sweep","2026-07-22T17:26:35.000Z","175","oitu96yq","","","","","28","0.1","","","","","","","","","","","","","","","","","","","","","0.847208402432283","0.040737516003563144","0.01584692651807018","30","0.2177695043332188","0.5873136998068357","","","",""
"fixed_alpha0.1_adult_gender_seed27","finished","-","","FixedAlpha_sweep","2026-07-22T17:25:20.000Z","171","oitu96yq","","","","","27","0.1","","","","","","","","","","","","","","","","","","","","","0.8437810945273632","0.0713001051359656","0.07113046008125168","30","0.217742069710231","0.576700358948809","","","",""
"fixed_alpha0.1_adult_gender_seed26","finished","-","","FixedAlpha_sweep","2026-07-22T17:23:29.000Z","181","oitu96yq","","","","","26","0.1","","","","","","","","","","","","","","","","","","","","","0.8473189607517966","0.10687863573275592","0.12139312585012074","30","0.21707662897752533","0.5763840806399677","","","",""
"fixed_alpha0.1_adult_gender_seed25","finished","-","","FixedAlpha_sweep","2026-07-22T17:23:11.000Z","241","oitu96yq","","","","","25","0.1","","","","","","","","","","","","","","","","","","","","","0.8444444444444444","0.04408648238005593","0.012799613687113576","30","0.21542252526215627","0.5773988816332309","","","",""
"fixed_alpha0.1_adult_gender_seed24","finished","-","","FixedAlpha_sweep","2026-07-22T17:23:07.000Z","208","oitu96yq","","","","","24","0.1","","","","","","","","","","","","","","","","","","","","","0.8452183526810393","0.08113646967409012","0.08300628208339023","30","0.21678170054516893","0.5775522657320009","","","",""
"fixed_alpha0.1_adult_gender_seed23","finished","-","","FixedAlpha_sweep","2026-07-22T17:22:20.000Z","176","oitu96yq","","","","","23","0.1","","","","","","","","","","","","","","","","","","","","","0.8431177446102819","0.04696069799484341","0.025060848778600486","30","0.21859888045500356","0.5753260242178085","","","",""
"fixed_alpha0.1_adult_gender_seed22","finished","-","","FixedAlpha_sweep","2026-07-22T17:20:51.000Z","154","oitu96yq","","","","","22","0.1","","","","","","","","","","","","","","","","","","","","","0.8455500276395799","0.07812187762450244","0.08094574673411148","30","0.21607662589414744","0.5766482564574438","","","",""
"fixed_alpha0.1_adult_gender_seed21","finished","-","","FixedAlpha_sweep","2026-07-22T17:19:57.000Z","178","oitu96yq","","","","","21","0.1","","","","","","","","","","","","","","","","","","","","","0.846987285793256","0.08365109828679551","0.08748427229659717","30","0.21984397403314604","0.5773307575401685","","","",""
"fixed_alpha0.1_adult_gender_seed20","finished","-","","FixedAlpha_sweep","2026-07-22T17:19:56.000Z","188","oitu96yq","","","","","20","0.1","","","","","","","","","","","","","","","","","","","","","0.8476506357103372","0.08509908980962784","0.09741353324825253","30","0.21692427929411545","0.5772595566215245","","","",""
"fixed_alpha0.1_adult_gender_seed19","finished","-","","FixedAlpha_sweep","2026-07-22T17:18:37.000Z","210","oitu96yq","","","","","19","0.1","","","","","","","","","","","","","","","","","","","","","0.8478717523493643","0.08504596084261823","0.07942958862776439","30","0.21920206751806515","0.5770894593380868","","","",""
"fixed_alpha0.1_adult_gender_seed18","finished","-","","FixedAlpha_sweep","2026-07-22T17:17:47.000Z","174","oitu96yq","","","","","18","0.1","","","","","","","","","","","","","","","","","","","","","0.8461028192371476","0.05319879015053092","0.028866990493643607","30","0.21752418915853433","0.5767576918534353","","","",""
"fixed_alpha0.1_adult_gender_seed17","finished","-","","FixedAlpha_sweep","2026-07-22T17:17:15.000Z","158","oitu96yq","","","","","17","0.1","","","","","","","","","","","","","","","","","","","","","0.843338861249309","0.038149933879299","0.006573017784489599","30","0.21674287372024348","0.5762508887771174","","","",""
"fixed_alpha0.1_adult_gender_seed16","finished","-","","FixedAlpha_sweep","2026-07-22T17:17:09.000Z","163","oitu96yq","","","","","16","0.1","","","","","","","","","","","","","","","","","","","","","0.8458817025981205","0.06765314037810494","0.0695138246325453","30","0.21946943260676471","0.5773552563173551","","","",""
"fixed_alpha0.1_adult_gender_seed15","finished","-","","FixedAlpha_sweep","2026-07-22T17:16:05.000Z","148","oitu96yq","","","","","15","0.1","","","","","","","","","","","","","","","","","","","","","0.8491984521835269","0.07352536901091991","0.07350592441404458","30","0.2198728485733059","0.5771380857372961","","","",""
"fixed_alpha0.1_adult_gender_seed14","finished","-","","FixedAlpha_sweep","2026-07-22T17:14:15.000Z","167","oitu96yq","","","","","14","0.1","","","","","","","","","","","","","","","","","","","","","0.8407960199004975","0.0710143663263377","0.06270386027950692","30","0.21753681171024944","0.5776027187387994","","","",""
"fixed_alpha0.1_adult_gender_seed13","finished","-","","FixedAlpha_sweep","2026-07-22T17:13:56.000Z","225","oitu96yq","","","","","13","0.1","","","","","","","","","","","","","","","","","","","","","0.8452183526810393","0.0814295346161475","0.0736348953311029","30","0.2209637021342068","0.5770590427919482","","","",""
"fixed_alpha0.1_adult_gender_seed12","finished","-","","FixedAlpha_sweep","2026-07-22T17:13:45.000Z","194","oitu96yq","","","","","12","0.1","","","","","","","","","","","","","","","","","","","","","0.8482034273079049","0.04308166963965657","0.01722061675092257","30","0.21909048350144783","0.5773889815553706","","","",""
"fixed_alpha0.1_adult_gender_seed11","finished","-","","FixedAlpha_sweep","2026-07-22T17:12:28.000Z","212","oitu96yq","","","","","11","0.1","","","","","","","","","","","","","","","","","","","","","0.8468767274737424","0.06989735057585149","0.07110196650655276","30","0.2174294955552893","0.576439324845659","","","",""
"fixed_alpha0.1_adult_gender_seed10","finished","-","","FixedAlpha_sweep","2026-07-22T17:11:02.000Z","184","oitu96yq","","","","","10","0.1","","","","","","","","","","","","","","","","","","","","","0.8493090105030403","0.03887670302259279","0.019953000598365023","30","0.21757802293232992","0.5770455518512861","","","",""
"fixed_alpha0.1_adult_gender_seed9","finished","-","","FixedAlpha_sweep","2026-07-22T17:10:45.000Z","186","oitu96yq","","","","","9","0.1","","","","","","","","","","","","","","","","","","","","","0.8453289110005527","0.083799294993923","0.08319224014984616","30","0.21965035204346295","0.5771045836996525","","","",""
"fixed_alpha0.1_adult_gender_seed8","finished","-","","FixedAlpha_sweep","2026-07-22T17:10:10.000Z","205","oitu96yq","","","","","8","0.1","","","","","","","","","","","","","","","","","","","","","0.8426755113322277","0.07186105938950973","0.06892745685847845","30","0.2186300778853978","0.5772992241467144","","","",""
"fixed_alpha0.1_adult_gender_seed7","finished","-","","FixedAlpha_sweep","2026-07-22T17:09:20.000Z","181","oitu96yq","","","","","7","0.1","","","","","","","","","","","","","","","","","","","","","0.8443338861249309","0.07401929217904263","0.05396233149424812","30","0.2182887705928045","0.5766258856928941","","","",""
"fixed_alpha0.1_adult_gender_seed6","finished","-","","FixedAlpha_sweep","2026-07-22T17:07:40.000Z","177","oitu96yq","","","","","6","0.1","","","","","","","","","","","","","","","","","","","","","0.8449972360420122","0.07968251126406484","0.0845224401897372","30","0.21857751683985932","0.5766970160159659","","","",""
"fixed_alpha0.1_adult_gender_seed5","finished","-","","FixedAlpha_sweep","2026-07-22T17:07:04.000Z","220","oitu96yq","","","","","5","0.1","","","","","","","","","","","","","","","","","","","","","0.843338861249309","0.0756485689247142","0.0649218601205428","30","0.2189472346229756","0.575321985686079","","","",""
"fixed_alpha0.1_adult_gender_seed4","finished","-","","FixedAlpha_sweep","2026-07-22T17:06:55.000Z","184","oitu96yq","","","","","4","0.1","","","","","","","","","","","","","","","","","","","","","0.846987285793256","0.08342218211817995","0.08782769485481023","30","0.21988954622272056","0.5754883475337468","","","",""
"fixed_alpha0.1_adult_gender_seed3","finished","-","","FixedAlpha_sweep","2026-07-22T17:06:15.000Z","181","oitu96yq","","","","","3","0.1","","","","","","","","","","","","","","","","","","","","","0.8448866777224986","0.049416031721210785","0.03212875496575518","30","0.2177602527729163","0.5777154531039245","","","",""
"fixed_alpha0.1_adult_gender_seed2","finished","-","","FixedAlpha_sweep","2026-07-22T17:03:59.000Z","211","oitu96yq","","","","","2","0.1","","","","","","","","","","","","","","","","","","","","","0.8448866777224986","0.06586235297749331","0.048482567181100666","30","0.2180648706060775","0.5763807423571323","","","",""
"fixed_alpha0.1_adult_gender_seed1","finished","-","","FixedAlpha_sweep","2026-07-22T17:03:54.000Z","181","oitu96yq","","","","","1","0.1","","","","","","","","","","","","","","","","","","","","","0.8454394693200663","0.05942324078350037","0.04801017370582927","30","0.21775028669665045","0.5764910866182746","","","",""
"fixed_alpha0.1_adult_gender_seed0","finished","-","","FixedAlpha_sweep","2026-07-22T17:03:51.000Z","181","oitu96yq","","","","","0","0.1","","","","","","","","","","","","","","","","","","","","","0.8463239358761747","0.0659728206644869","0.05221672512848352","30","0.21771970592069287","0.576493685549878","","","",""
"fixed_alpha0.05_adult_gender_seed29","finished","-","","FixedAlpha_sweep","2026-07-22T17:03:15.000Z","176","oitu96yq","","","","","29","0.05","","","","","","","","","","","","","","","","","","","","","0.8464344941956883","0.06373672638178282","0.049812767220991705","30","0.24695975180213336","0.5754484671650203","","","",""
"fixed_alpha0.05_adult_gender_seed28","finished","-","","FixedAlpha_sweep","2026-07-22T17:00:57.000Z","176","oitu96yq","","","","","28","0.05","","","","","","","","","","","","","","","","","","","","","0.8465450525152017","0.05713181205479475","0.04557772222363865","30","0.2475157901116297","0.5723826614677483","","","",""
"fixed_alpha0.05_adult_gender_seed27","finished","-","","FixedAlpha_sweep","2026-07-22T17:00:50.000Z","181","oitu96yq","","","","","27","0.05","","","","","","","","","","","","","","","","","","","","","0.8466556108347153","0.07628331057382196","0.07975801456771503","30","0.248360294716578","0.5723428231604556","","","",""
"fixed_alpha0.05_adult_gender_seed26","finished","-","","FixedAlpha_sweep","2026-07-22T17:00:41.000Z","182","oitu96yq","","","","","26","0.05","","","","","","","","","","","","","","","","","","","","","0.8470978441127694","0.0929333763659152","0.0987587299064061","30","0.24656657811175","0.5732814077789902","","","",""
"fixed_alpha0.05_adult_gender_seed25","finished","-","","FixedAlpha_sweep","2026-07-22T17:00:09.000Z","181","oitu96yq","","","","","25","0.05","","","","","","","","","","","","","","","","","","","","","0.844776119402985","0.05160650679270007","0.03408881297267474","30","0.2457685940865929","0.5728753589569254","","","",""
"fixed_alpha0.05_adult_gender_seed24","finished","-","","FixedAlpha_sweep","2026-07-22T16:57:52.000Z","178","oitu96yq","","","","","24","0.05","","","","","","","","","","","","","","","","","","","","","0.845992260917634","0.09044344705724187","0.09608333320836147","30","0.2467389795797091","0.574263814916002","","","",""
"fixed_alpha0.05_adult_gender_seed23","finished","-","","FixedAlpha_sweep","2026-07-22T16:57:35.000Z","187","oitu96yq","","","","","23","0.05","","","","","","","","","","","","","","","","","","","","","0.8437810945273632","0.08116909203166901","0.0850233272397074","30","0.24829649935800133","0.5706082903747017","","","",""
"fixed_alpha0.05_adult_gender_seed22","finished","-","","FixedAlpha_sweep","2026-07-22T16:57:26.000Z","191","oitu96yq","","","","","22","0.05","","","","","","","","","","","","","","","","","","","","","0.8440022111663903","0.08320635469668679","0.09087500768576684","30","0.2457753909183732","0.5732045896509861","","","",""
"fixed_alpha0.05_adult_gender_seed21","finished","-","","FixedAlpha_sweep","2026-07-22T16:57:07.000Z","175","oitu96yq","","","","","21","0.05","","","","","","","","","","","","","","","","","","","","","0.8475400773908237","0.08333916492454985","0.09171931729395022","30","0.24726571660515265","0.5728643663386082","","","",""
"fixed_alpha0.05_adult_gender_seed20","finished","-","","FixedAlpha_sweep","2026-07-22T16:55:01.000Z","165","oitu96yq","","","","","20","0.05","","","","","","","","","","","","","","","","","","","","","0.8465450525152017","0.08364238674057474","0.09084651411106792","30","0.24827146551287765","0.5725180696933827","","","",""
"fixed_alpha0.05_adult_gender_seed19","finished","-","","FixedAlpha_sweep","2026-07-22T16:54:21.000Z","187","oitu96yq","","","","","19","0.05","","","","","","","","","","","","","","","","","","","","","0.845771144278607","0.11029599243990676","0.12933383522015784","30","0.24723730231007784","0.5726394363751648","","","",""
"fixed_alpha0.05_adult_gender_seed18","finished","-","","FixedAlpha_sweep","2026-07-22T16:54:11.000Z","190","oitu96yq","","","","","18","0.05","","","","","","","","","","","","","","","","","","","","","0.8491984521835269","0.06614575554514465","0.06015743449852062","30","0.2479530230481574","0.5723016739737058","","","",""
"fixed_alpha0.05_adult_gender_seed17","finished","-","","FixedAlpha_sweep","2026-07-22T16:53:14.000Z","227","oitu96yq","","","","","17","0.05","","","","","","","","","","","","","","","","","","","","","0.847208402432283","0.06108917641648087","0.05283158647724939","30","0.2473836446062047","0.5714784501292182","","","",""
"fixed_alpha0.05_adult_gender_seed16","finished","-","","FixedAlpha_sweep","2026-07-22T16:51:07.000Z","214","oitu96yq","","","","","16","0.05","","","","","","","","","","","","","","","","","","","","","0.8451077943615257","0.09479913677707856","0.11888869060026969","30","0.24760764805560417","0.5725960613142514","","","",""
"fixed_alpha0.05_adult_gender_seed15","finished","-","","FixedAlpha_sweep","2026-07-22T16:50:56.000Z","184","oitu96yq","","","","","15","0.05","","","","","","","","","","","","","","","","","","","","","0.8468767274737424","0.07555902026196837","0.07493660179629491","30","0.2483838677194947","0.5732514925882326","","","",""
"fixed_alpha0.05_adult_gender_seed14","finished","-","","FixedAlpha_sweep","2026-07-22T16:50:51.000Z","199","oitu96yq","","","","","14","0.05","","","","","","","","","","","","","","","","","","","","","0.8468767274737424","0.06919998556820807","0.05806840557454285","30","0.24625750837173868","0.5729620122740454","","","",""
"fixed_alpha0.05_adult_gender_seed13","finished","-","","FixedAlpha_sweep","2026-07-22T16:50:04.000Z","182","oitu96yq","","","","","13","0.05","","","","","","","","","","","","","","","","","","","","","0.8455500276395799","0.08694578547629425","0.08742728514719933","30","0.2474016926601423","0.5731819997019801","","","",""
"fixed_alpha0.05_adult_gender_seed12","finished","-","","FixedAlpha_sweep","2026-07-22T16:47:23.000Z","205","oitu96yq","","","","","12","0.05","","","","","","","","","","","","","","","","","","","","","0.8463239358761747","0.06320438283470331","0.062417424870691685","30","0.24657528123534317","0.5724429276818079","","","",""
"fixed_alpha0.05_adult_gender_seed11","finished","-","","FixedAlpha_sweep","2026-07-22T16:47:09.000Z","172","oitu96yq","","","","","11","0.05","","","","","","","","","","","","","","","","","","","","","0.8477611940298507","0.07385658538104506","0.07764049206903845","30","0.2486680510407644","0.5728490711949396","","","",""
"fixed_alpha0.05_adult_gender_seed10","finished","-","","FixedAlpha_sweep","2026-07-22T16:47:09.000Z","232","oitu96yq","","","","","10","0.05","","","","","","","","","","","","","","","","","","","","","0.8417910447761194","0.04634878649619935","0.03330149051388909","30","0.24834995151411557","0.5844968489721312","","","",""
"fixed_alpha0.05_adult_gender_seed9","finished","-","","FixedAlpha_sweep","2026-07-22T16:46:47.000Z","235","oitu96yq","","","","","9","0.05","","","","","","","","","","","","","","","","","","","","","0.8453289110005527","0.0746435878417713","0.06476439562878578","30","0.24654692686195911","0.5734506984974476","","","",""
"fixed_alpha0.05_adult_gender_seed8","finished","-","","FixedAlpha_sweep","2026-07-22T16:44:38.000Z","162","oitu96yq","","","","","8","0.05","","","","","","","","","","","","","","","","","","","","","0.846987285793256","0.058251104492965576","0.042344451326225885","30","0.24817001661087604","0.572401040623374","","","",""
"fixed_alpha0.05_adult_gender_seed7","finished","-","","FixedAlpha_sweep","2026-07-22T16:43:52.000Z","192","oitu96yq","","","","","7","0.05","","","","","","","","","","","","","","","","","","","","","0.8464344941956883","0.0765706539435586","0.06576616972872618","30","0.24778422649870527","0.5732418074675486","","","",""
"fixed_alpha0.05_adult_gender_seed6","finished","-","","FixedAlpha_sweep","2026-07-22T16:43:43.000Z","198","oitu96yq","","","","","6","0.05","","","","","","","","","","","","","","","","","","","","","0.8452183526810393","0.05860667731139565","0.04722285124704384","30","0.2478452924084156","0.5736404763045886","","","",""
"fixed_alpha0.05_adult_gender_seed5","finished","-","","FixedAlpha_sweep","2026-07-22T16:43:40.000Z","181","oitu96yq","","","","","5","0.05","","","","","","","","","","","","","","","","","","","","","0.8449972360420122","0.06412473958402931","0.04776722848997561","30","0.24823471132322408","0.5723128234241026","","","",""
"fixed_alpha0.05_adult_gender_seed4","finished","-","","FixedAlpha_sweep","2026-07-22T16:40:08.000Z","209","oitu96yq","","","","","4","0.05","","","","","","","","","","","","","","","","","","","","","0.8438916528468767","0.07973854412246426","0.07631029202914741","30","0.244225097991896","0.5723795017874833","","","",""
"fixed_alpha0.05_adult_gender_seed3","finished","-","","FixedAlpha_sweep","2026-07-22T16:40:04.000Z","223","oitu96yq","","","","","3","0.05","","","","","","","","","","","","","","","","","","","","","0.8466556108347153","0.059298745862478894","0.04305979001735105","30","0.2491657818462832","0.5737811343889709","","","",""
"fixed_alpha0.05_adult_gender_seed2","finished","-","","FixedAlpha_sweep","2026-07-22T16:39:59.000Z","272","oitu96yq","","","","","2","0.05","","","","","","","","","","","","","","","","","","","","","0.8444444444444444","0.0672677869949748","0.052159737979085685","30","0.24730327334387084","0.5725145754239238","","","",""
"fixed_alpha0.05_adult_gender_seed1","finished","-","","FixedAlpha_sweep","2026-07-22T16:39:56.000Z","222","oitu96yq","","","","","1","0.05","","","","","","","","","","","","","","","","","","","","","0.8441127694859039","0.06395034267691538","0.05187330257027034","30","0.24861972710342273","0.5707301569323168","","","",""
"fixed_alpha0.05_adult_gender_seed0","finished","-","","FixedAlpha_sweep","2026-07-22T16:37:56.000Z","129","oitu96yq","","","","","0","0.05","","","","","","","","","","","","","","","","","","","","","0.8448866777224986","0.08208913826446237","0.08200450798344971","30","0.2471661867824852","0.5721254682709985","","","",""